"sum","SU","key","site","transect","img_name","soft_sediment","shell_debris","cobble","pebble","hard_substrate","anthro_substrate","unknown","filamentous_brown","kelp_holdfast","sargassum","sugar_kelp","green_algae","textured_kelp","other_brown_kelp","red_algae","coralline_algae","kelp_bryozoan","sessile_invert","mobile_invert"
1,33,"1_1",1,1,"2022_10_06_13-50-40_328.jpg",0.03,0.13,0,0.01,0,0,0.04,0,0,0,0.75,0.01,0,0,0,0,0.02,0,0
1,43,"1_1",1,1,"2022_10_06_13-50-40_400.jpg",0,0.03,0,0,0,0,0.21,0,0,0,0.7,0,0,0,0,0,0.06,0,0
1,61,"1_1",1,1,"2022_10_06_13-50-40_88.jpg",0.01,0.07,0.01,0.01,0.01,0,0.01,0,0,0,0.76,0.07,0,0,0,0,0.01,0,0
1,14,"1_1",1,1,"2022_10_06_13-50-40_192.jpg",0.01,0.02,0.08,0,0,0,0.06,0,0,0,0.73,0.02,0,0.03,0,0,0,0,0
1,47,"1_1",1,1,"2022_10_06_13-50-40_432.jpg",0.03,0.05,0.01,0,0,0,0.41,0,0,0,0.28,0.01,0,0,0.2,0,0.01,0,0
1,15,"1_1",1,1,"2022_10_06_13-50-40_200.jpg",0,0.01,0.06,0.01,0,0,0.07,0,0,0,0.52,0,0,0,0,0,0,0,0
1,12,"1_1",1,1,"2022_10_06_13-50-40_176.jpg",0.09,0.05,0.01,0,0.01,0,0.22,0,0,0,0.45,0.01,0.02,0,0,0,0.01,0,0
1,38,"1_1",1,1,"2022_10_06_13-50-40_368.jpg",0.01,0.13,0.14,0.03,0,0,0.01,0,0,0,0.48,0.02,0.01,0,0,0,0.01,0,0
1,23,"1_1",1,1,"2022_10_06_13-50-40_256.jpg",0,0.06,0.02,0,0,0,0.02,0,0,0,0.87,0,0,0,0,0,0.02,0,0
1,11,"1_1",1,1,"2022_10_06_13-50-40_168.jpg",0.03,0.13,0.03,0,0,0,0,0,0,0,0.75,0.01,0,0,0.03,0,0.01,0,0
1,20,"1_1",1,1,"2022_10_06_13-50-40_24.jpg",0.03,0.17,0.11,0,0,0,0.07,0,0,0,0.53,0.02,0,0,0,0,0,0,0
1,24,"1_1",1,1,"2022_10_06_13-50-40_264.jpg",0.02,0.06,0.03,0,0,0,0.04,0,0,0,0.49,0.02,0.29,0,0,0,0,0,0
1,49,"1_1",1,1,"2022_10_06_13-50-40_448.jpg",0.04,0.01,0,0,0.02,0,0,0,0,0,0.92,0,0,0,0,0,0.01,0,0
1,44,"1_1",1,1,"2022_10_06_13-50-40_408.jpg",0.06,0.1,0.01,0.03,0.03,0,0.04,0,0,0,0.72,0,0,0,0,0,0.01,0,0
1,60,"1_1",1,1,"2022_10_06_13-50-40_80.jpg",0.01,0.28,0.07,0.09,0,0,0.01,0,0,0,0.48,0.03,0,0,0,0,0.01,0,0
1,45,"1_1",1,1,"2022_10_06_13-50-40_416.jpg",0,0.21,0,0.01,0.05,0,0.04,0,0,0,0.66,0.02,0,0,0.01,0,0,0,0
1,53,"1_1",1,1,"2022_10_06_13-50-40_48.jpg",0.08,0.2,0.08,0.05,0,0,0.08,0,0,0,0.43,0.02,0,0,0,0,0,0,0
1,29,"1_1",1,1,"2022_10_06_13-50-40_304.jpg",0,0.07,0,0,0,0,0.01,0,0,0,0.81,0,0,0,0,0,0,0,0
1,51,"1_1",1,1,"2022_10_06_13-50-40_464.jpg",0.01,0.06,0,0,0,0,0.01,0,0,0,0.92,0,0,0,0,0,0,0,0
1,59,"1_1",1,1,"2022_10_06_13-50-40_8.jpg",0.01,0.13,0.07,0,0,0,0.03,0,0,0,0.61,0.02,0.02,0,0,0,0,0,0
1,39,"1_1",1,1,"2022_10_06_13-50-40_376.jpg",0,0.13,0.05,0.01,0,0,0,0,0,0,0.63,0.03,0.07,0,0.01,0,0,0,0
1,52,"1_1",1,1,"2022_10_06_13-50-40_472.jpg",0.01,0.01,0,0,0,0,0,0,0,0,0.98,0,0,0,0,0,0,0,0
1,30,"1_1",1,1,"2022_10_06_13-50-40_312.jpg",0.03,0.12,0.03,0.01,0,0,0.05,0,0,0,0.74,0,0,0,0,0,0.01,0,0
1,22,"1_1",1,1,"2022_10_06_13-50-40_248.jpg",0.01,0.07,0.04,0,0,0,0,0,0,0,0.84,0,0,0,0,0,0,0,0
1,25,"1_1",1,1,"2022_10_06_13-50-40_272.jpg",0.04,0.02,0,0,0,0,0.01,0,0,0,0.34,0,0.04,0,0,0,0,0,0
1,32,"1_1",1,1,"2022_10_06_13-50-40_320.jpg",0.02,0.12,0.05,0.01,0,0,0.04,0,0,0,0.56,0,0.06,0,0,0,0.01,0,0
1,16,"1_1",1,1,"2022_10_06_13-50-40_208.jpg",0.02,0.03,0.04,0,0,0,0.01,0,0,0,0.79,0,0,0,0,0,0.03,0,0
1,1,"1_1",1,1,"2022_10_06_13-50-40_0.jpg",0.07,0.05,0.01,0.02,0,0,0.1,0,0,0,0.69,0,0,0,0,0,0.04,0,0.01
1,58,"1_1",1,1,"2022_10_06_13-50-40_72.jpg",0,0.19,0.08,0.05,0,0,0.01,0,0,0,0.59,0.08,0,0,0,0,0,0,0
1,3,"1_1",1,1,"2022_10_06_13-50-40_112.jpg",0.06,0.09,0.07,0,0,0,0.03,0,0,0,0.44,0,0,0,0.02,0,0.02,0,0
1,2,"1_1",1,1,"2022_10_06_13-50-40_104.jpg",0.05,0.08,0.06,0.04,0,0,0.01,0,0,0,0.61,0.02,0,0,0,0,0.03,0,0.01
1,26,"1_1",1,1,"2022_10_06_13-50-40_280.jpg",0,0.04,0.02,0,0,0,0,0.01,0,0,0.47,0,0.13,0,0,0,0,0,0
1,7,"1_1",1,1,"2022_10_06_13-50-40_144.jpg",0.07,0.06,0.04,0.01,0,0,0,0,0,0,0.67,0.01,0,0,0.03,0,0.01,0,0
1,42,"1_1",1,1,"2022_10_06_13-50-40_40.jpg",0.01,0.11,0.02,0.03,0.03,0,0.1,0,0,0,0.7,0,0,0,0,0,0,0,0
1,5,"1_1",1,1,"2022_10_06_13-50-40_128.jpg",0.06,0.2,0.05,0,0,0,0,0,0,0,0.53,0.03,0.02,0,0.02,0,0,0,0
1,34,"1_1",1,1,"2022_10_06_13-50-40_336.jpg",0.06,0.06,0.03,0.01,0,0,0.06,0,0,0,0.65,0,0.05,0,0,0,0,0,0
1,36,"1_1",1,1,"2022_10_06_13-50-40_352.jpg",0.02,0.03,0.04,0,0,0,0.02,0,0,0,0.74,0.08,0,0,0,0,0,0,0
1,28,"1_1",1,1,"2022_10_06_13-50-40_296.jpg",0.02,0.06,0.02,0,0,0,0.05,0,0,0,0.74,0,0,0,0,0,0.01,0,0
1,35,"1_1",1,1,"2022_10_06_13-50-40_344.jpg",0.06,0.08,0.04,0,0,0,0,0,0,0,0.78,0,0,0,0,0,0.02,0,0
1,54,"1_1",1,1,"2022_10_06_13-50-40_480.jpg",0.02,0.08,0.02,0,0,0,0,0,0,0,0.84,0.03,0,0,0.01,0,0,0,0
1,6,"1_1",1,1,"2022_10_06_13-50-40_136.jpg",0.08,0.16,0.04,0,0,0,0,0,0,0,0.67,0.01,0,0,0,0,0,0,0
1,9,"1_1",1,1,"2022_10_06_13-50-40_16.jpg",0.07,0.13,0.05,0.04,0,0,0.02,0,0,0,0.52,0.01,0.1,0,0,0,0.02,0,0
1,10,"1_1",1,1,"2022_10_06_13-50-40_160.jpg",0.03,0.07,0.05,0.01,0,0,0,0,0,0,0.8,0.01,0,0,0,0,0.01,0,0
1,50,"1_1",1,1,"2022_10_06_13-50-40_456.jpg",0,0.01,0,0,0,0,0.01,0,0,0,0.97,0,0,0,0,0,0.01,0,0
1,57,"1_1",1,1,"2022_10_06_13-50-40_64.jpg",0.02,0.13,0.01,0.04,0,0,0.07,0,0,0,0.65,0,0.08,0,0,0,0,0,0
1,55,"1_1",1,1,"2022_10_06_13-50-40_488.jpg",0,0.03,0,0.06,0,0,0.01,0,0,0,0.82,0.08,0,0,0,0,0,0,0
1,18,"1_1",1,1,"2022_10_06_13-50-40_224.jpg",0.03,0.11,0.03,0.04,0,0,0,0,0,0,0.66,0.06,0,0,0,0,0,0,0
1,56,"1_1",1,1,"2022_10_06_13-50-40_56.jpg",0.04,0.15,0.04,0.04,0,0,0.03,0,0,0,0.68,0.01,0,0,0,0,0.01,0,0
1,19,"1_1",1,1,"2022_10_06_13-50-40_232.jpg",0.05,0.15,0.04,0.02,0,0,0,0,0,0,0.6,0.03,0,0,0,0,0,0,0
1,41,"1_1",1,1,"2022_10_06_13-50-40_392.jpg",0,0.14,0,0,0,0,0.03,0,0,0,0.77,0,0,0,0,0,0,0,0
1,76,"1_2",1,2,"2022_10_06_14-05-43_192.jpg",0,0.2,0,0.01,0,0,0.03,0,0,0,0.59,0.11,0,0,0.01,0,0.02,0,0
1,79,"1_2",1,2,"2022_10_06_14-05-43_216.jpg",0.02,0.13,0.06,0,0,0,0.06,0,0,0,0.65,0.01,0,0,0,0,0,0,0
1,63,"1_2",1,2,"2022_10_06_14-05-43_0.jpg",0,0.1,0.02,0.04,0,0,0,0,0,0,0.53,0,0.25,0,0,0,0.06,0,0
1,102,"1_2",1,2,"2022_10_06_14-05-43_384.jpg",0,0.08,0,0,0,0,0,0,0,0,0.86,0,0,0,0.04,0,0.02,0,0
1,80,"1_2",1,2,"2022_10_06_14-05-43_224.jpg",0,0.04,0.13,0.05,0,0,0.04,0,0,0,0.68,0.01,0,0,0,0,0,0,0
1,95,"1_2",1,2,"2022_10_06_14-05-43_328.jpg",0,0.07,0,0.01,0,0,0.02,0,0,0,0.73,0.01,0,0,0.02,0,0.02,0,0
1,86,"1_2",1,2,"2022_10_06_14-05-43_264.jpg",0.12,0.17,0.08,0,0,0,0.04,0,0,0,0.56,0.02,0,0,0,0,0,0,0
1,93,"1_2",1,2,"2022_10_06_14-05-43_32.jpg",0,0.21,0.01,0.02,0,0,0.33,0,0,0,0.39,0.01,0,0,0,0,0.03,0,0
1,97,"1_2",1,2,"2022_10_06_14-05-43_344.jpg",0,0.06,0.03,0.08,0,0,0.01,0,0,0,0.74,0.04,0,0,0.03,0,0.01,0,0
1,82,"1_2",1,2,"2022_10_06_14-05-43_24.jpg",0,0.15,0.04,0.04,0,0,0.07,0,0,0,0.49,0.01,0,0,0,0,0,0,0
1,81,"1_2",1,2,"2022_10_06_14-05-43_232.jpg",0.01,0.04,0.01,0.02,0,0,0.03,0,0,0,0.88,0,0,0,0.01,0,0,0,0
1,77,"1_2",1,2,"2022_10_06_14-05-43_200.jpg",0.01,0.15,0,0,0,0,0.01,0,0,0,0.67,0.02,0,0,0.02,0,0.01,0,0
1,67,"1_2",1,2,"2022_10_06_14-05-43_128.jpg",0,0.02,0.11,0,0,0,0.01,0,0,0,0.66,0.01,0.19,0,0,0,0,0,0
1,112,"1_2",1,2,"2022_10_06_14-05-43_64.jpg",0.02,0.03,0.02,0,0,0,0.09,0,0,0,0.71,0,0,0,0,0,0,0,0
1,117,"1_2",1,2,"2022_10_06_14-05-43_96.jpg",0.01,0.23,0.01,0.01,0,0,0.01,0,0,0,0.56,0.01,0.05,0,0,0,0.02,0,0
1,103,"1_2",1,2,"2022_10_06_14-05-43_392.jpg",0,0.08,0,0,0,0,0,0,0,0,0.88,0.02,0,0,0.02,0,0,0,0
1,75,"1_2",1,2,"2022_10_06_14-05-43_184.jpg",0.01,0.1,0,0,0,0,0,0,0,0,0.78,0.01,0.08,0,0,0,0,0,0
1,87,"1_2",1,2,"2022_10_06_14-05-43_272.jpg",0.06,0.15,0.04,0.01,0,0,0.05,0,0,0,0.6,0.03,0,0,0.02,0,0.04,0,0
1,71,"1_2",1,2,"2022_10_06_14-05-43_16.jpg",0.03,0.11,0.06,0.01,0,0,0.08,0,0,0,0.5,0,0,0,0,0,0.02,0,0
1,116,"1_2",1,2,"2022_10_06_14-05-43_88.jpg",0,0.12,0,0,0,0,0,0,0,0,0.88,0,0,0,0,0,0,0,0
1,89,"1_2",1,2,"2022_10_06_14-05-43_288.jpg",0.01,0,0,0,0.14,0,0,0,0.03,0,0.74,0.01,0,0,0.04,0,0.01,0,0.02
1,108,"1_2",1,2,"2022_10_06_14-05-43_424.jpg",0.01,0.01,0,0,0,0,0,0,0,0,0.61,0.27,0,0,0.09,0,0.01,0,0
1,114,"1_2",1,2,"2022_10_06_14-05-43_8.jpg",0.03,0.19,0,0.02,0,0,0.06,0,0,0,0.53,0,0,0,0,0,0,0,0
1,74,"1_2",1,2,"2022_10_06_14-05-43_176.jpg",0,0.2,0.08,0.02,0,0,0.01,0,0,0,0.55,0.01,0,0,0.01,0,0.02,0,0
1,85,"1_2",1,2,"2022_10_06_14-05-43_256.jpg",0.12,0.16,0.06,0.01,0,0,0.05,0,0,0,0.53,0,0,0,0,0,0.05,0,0
1,65,"1_2",1,2,"2022_10_06_14-05-43_112.jpg",0,0.11,0.19,0.05,0,0,0.04,0.01,0,0,0.5,0.02,0,0,0,0,0.01,0,0.01
1,68,"1_2",1,2,"2022_10_06_14-05-43_136.jpg",0.01,0.14,0,0,0,0,0.01,0,0,0,0.82,0,0.01,0,0,0,0.01,0,0
1,111,"1_2",1,2,"2022_10_06_14-05-43_56.jpg",0.01,0.15,0.06,0.02,0,0,0.11,0,0,0,0.61,0,0,0,0,0,0,0,0
1,94,"1_2",1,2,"2022_10_06_14-05-43_320.jpg",0,0.05,0,0.03,0,0,0.03,0,0,0,0.86,0,0,0,0,0,0.03,0,0
1,99,"1_2",1,2,"2022_10_06_14-05-43_360.jpg",0,0.16,0.04,0,0,0,0,0,0,0,0.7,0.1,0,0,0,0,0,0,0
1,107,"1_2",1,2,"2022_10_06_14-05-43_416.jpg",0,0.01,0,0.01,0,0,0.01,0,0,0,0.56,0.33,0,0,0.08,0,0,0,0
1,98,"1_2",1,2,"2022_10_06_14-05-43_352.jpg",0.05,0.09,0,0.08,0,0,0.01,0,0,0,0.56,0.03,0,0,0.12,0,0.01,0,0
1,110,"1_2",1,2,"2022_10_06_14-05-43_48.jpg",0.01,0.08,0.01,0.01,0,0,0.09,0,0,0,0.69,0.01,0,0,0,0,0.01,0,0
1,84,"1_2",1,2,"2022_10_06_14-05-43_248.jpg",0.05,0.06,0.05,0,0,0,0.09,0,0,0,0.71,0.01,0,0,0,0,0.01,0,0.02
1,115,"1_2",1,2,"2022_10_06_14-05-43_80.jpg",0.01,0.1,0.01,0.01,0,0,0.1,0,0,0,0.61,0.04,0,0,0,0,0,0,0
1,78,"1_2",1,2,"2022_10_06_14-05-43_208.jpg",0,0.16,0.15,0,0,0,0,0,0,0,0.49,0.04,0,0,0,0,0.02,0,0
1,92,"1_2",1,2,"2022_10_06_14-05-43_312.jpg",0.01,0.09,0,0.01,0,0,0.02,0,0,0,0.82,0.03,0,0,0,0,0,0,0
1,109,"1_2",1,2,"2022_10_06_14-05-43_432.jpg",0,0.01,0,0,0.02,0,0.01,0,0,0,0.81,0.1,0,0,0.05,0,0,0,0
1,69,"1_2",1,2,"2022_10_06_14-05-43_144.jpg",0,0.03,0.02,0,0,0,0.01,0,0,0,0.92,0,0,0,0,0,0,0,0
1,113,"1_2",1,2,"2022_10_06_14-05-43_72.jpg",0,0.02,0.03,0.01,0,0,0.09,0,0,0,0.67,0,0,0,0,0,0,0,0
1,88,"1_2",1,2,"2022_10_06_14-05-43_280.jpg",0,0.01,0,0,0,0,0.02,0,0,0,0.89,0.08,0,0,0,0,0,0,0
1,100,"1_2",1,2,"2022_10_06_14-05-43_368.jpg",0,0.06,0,0,0,0,0.02,0,0,0,0.82,0,0,0,0,0,0.1,0,0
1,90,"1_2",1,2,"2022_10_06_14-05-43_296.jpg",0,0.01,0,0,0,0,0.07,0,0,0,0.86,0,0,0,0.02,0,0.02,0,0.02
1,105,"1_2",1,2,"2022_10_06_14-05-43_400.jpg",0,0.12,0,0,0,0,0.02,0,0,0,0.74,0.12,0,0,0,0,0,0,0
1,96,"1_2",1,2,"2022_10_06_14-05-43_336.jpg",0,0.01,0,0,0,0,0,0,0,0,0.88,0.11,0,0,0,0,0,0,0
1,66,"1_2",1,2,"2022_10_06_14-05-43_120.jpg",0.01,0.01,0.09,0.01,0,0,0.07,0,0,0,0.79,0.02,0,0,0,0,0,0,0
1,104,"1_2",1,2,"2022_10_06_14-05-43_40.jpg",0.04,0.21,0.07,0.06,0,0,0.17,0,0,0,0.33,0.01,0,0,0,0,0,0,0
1,101,"1_2",1,2,"2022_10_06_14-05-43_376.jpg",0.02,0,0,0,0,0,0,0,0,0,0.58,0.32,0,0,0.06,0,0.02,0,0
1,91,"1_2",1,2,"2022_10_06_14-05-43_304.jpg",0.01,0,0,0.01,0.02,0,0.09,0,0,0,0.86,0,0,0,0,0,0,0,0.01
1,83,"1_2",1,2,"2022_10_06_14-05-43_240.jpg",0,0.03,0,0.01,0,0,0.1,0,0,0,0.84,0,0,0,0,0,0.01,0,0.01
1,179,"2_1",2,1,"2022_9_29_11-41-39_232.jpg",0.07,0.25,0.03,0.07,0,0,0.58,0,0,0,0,0,0,0,0,0,0,0,0
1,201,"2_1",2,1,"2022_9_29_11-41-39_392.jpg",0.12,0.44,0.01,0.15,0,0,0.02,0,0,0,0.01,0,0.23,0,0.02,0,0,0,0
1,174,"2_1",2,1,"2022_9_29_11-41-39_192.jpg",0.32,0.22,0,0.07,0,0,0.1,0.05,0,0,0.01,0,0,0,0.22,0,0,0,0
1,190,"2_1",2,1,"2022_9_29_11-41-39_312.jpg",0.2,0.42,0,0.06,0.02,0,0.13,0.01,0,0,0,0,0,0,0.12,0,0,0,0
1,161,"2_1",2,1,"2022_9_29_11-41-39_0.jpg",0,0,0.31,0.03,0,0,0.1,0,0,0,0,0,0.53,0,0.03,0,0,0,0
1,204,"2_1",2,1,"2022_9_29_11-41-39_408.jpg",0.03,0.12,0,0,0,0,0,0,0,0,0,0,0.82,0,0.03,0,0,0,0
1,215,"2_1",2,1,"2022_9_29_11-41-39_72.jpg",0.26,0.02,0,0.03,0,0,0.25,0,0,0,0,0.01,0.21,0,0.22,0,0,0,0
1,189,"2_1",2,1,"2022_9_29_11-41-39_304.jpg",0.14,0.46,0,0.02,0.01,0,0.09,0.02,0,0,0,0,0,0,0.11,0,0,0,0.01
1,210,"2_1",2,1,"2022_9_29_11-41-39_456.jpg",0.01,0.46,0.03,0.07,0,0,0.13,0,0,0,0,0,0.11,0,0.15,0,0,0,0
1,214,"2_1",2,1,"2022_9_29_11-41-39_64.jpg",0.15,0.01,0.04,0.03,0,0,0.38,0,0,0,0,0,0.29,0,0.07,0,0,0,0
1,173,"2_1",2,1,"2022_9_29_11-41-39_184.jpg",0.09,0.13,0,0,0,0,0.03,0,0,0,0,0,0.63,0,0.12,0,0,0,0
1,200,"2_1",2,1,"2022_9_29_11-41-39_384.jpg",0.09,0.35,0.01,0.08,0,0,0.09,0.01,0,0,0,0,0.33,0,0.04,0,0,0,0
1,186,"2_1",2,1,"2022_9_29_11-41-39_280.jpg",0.24,0.12,0.02,0.11,0,0,0.03,0,0,0,0.08,0,0.35,0,0.05,0,0,0,0
1,180,"2_1",2,1,"2022_9_29_11-41-39_24.jpg",0.32,0.03,0.05,0.16,0,0,0.22,0,0,0,0.01,0,0.04,0,0.13,0,0,0,0
1,170,"2_1",2,1,"2022_9_29_11-41-39_160.jpg",0.31,0.14,0.02,0.2,0.06,0,0.1,0.03,0,0,0,0.01,0,0,0.06,0,0,0,0.01
1,203,"2_1",2,1,"2022_9_29_11-41-39_400.jpg",0.14,0.47,0,0.11,0,0,0.03,0,0,0,0,0,0.18,0,0.03,0,0,0,0
1,193,"2_1",2,1,"2022_9_29_11-41-39_328.jpg",0.01,0.04,0.01,0,0.07,0,0.03,0.03,0,0,0,0,0.74,0,0.07,0,0,0,0
1,213,"2_1",2,1,"2022_9_29_11-41-39_56.jpg",0.16,0,0,0,0,0,0.48,0,0,0,0,0,0.16,0,0.19,0,0,0,0
1,218,"2_1",2,1,"2022_9_29_11-41-39_88.jpg",0.2,0.24,0.03,0.18,0.03,0,0.25,0,0,0,0,0,0,0,0.04,0,0,0,0
1,194,"2_1",2,1,"2022_9_29_11-41-39_336.jpg",0.06,0.11,0.03,0.02,0,0,0.07,0.02,0,0,0.01,0,0.67,0,0,0,0,0.01,0
1,185,"2_1",2,1,"2022_9_29_11-41-39_272.jpg",0.5,0.14,0,0.04,0,0,0.05,0.13,0,0,0,0,0,0,0.11,0,0,0,0
1,188,"2_1",2,1,"2022_9_29_11-41-39_296.jpg",0.04,0.16,0,0,0.05,0,0.12,0,0,0,0.04,0,0.56,0,0.03,0,0,0,0
1,192,"2_1",2,1,"2022_9_29_11-41-39_320.jpg",0.06,0.25,0.01,0.07,0,0,0.05,0.01,0,0,0,0,0.39,0,0.15,0,0,0,0
1,216,"2_1",2,1,"2022_9_29_11-41-39_8.jpg",0.11,0.13,0.14,0.1,0.03,0,0.13,0,0,0,0.01,0.01,0.22,0,0.04,0,0,0,0
1,205,"2_1",2,1,"2022_9_29_11-41-39_416.jpg",0.07,0.24,0.01,0.02,0,0,0.04,0,0,0,0,0,0.59,0,0.01,0,0,0,0
1,167,"2_1",2,1,"2022_9_29_11-41-39_144.jpg",0.3,0.18,0.03,0.08,0,0,0.04,0.07,0,0,0,0,0.16,0,0.14,0,0,0,0
1,209,"2_1",2,1,"2022_9_29_11-41-39_448.jpg",0,0.36,0,0.09,0,0,0.05,0,0,0,0,0.01,0.47,0,0,0,0,0,0
1,196,"2_1",2,1,"2022_9_29_11-41-39_352.jpg",0.01,0.02,0.01,0.01,0.01,0,0.03,0.03,0,0,0,0,0.74,0,0.12,0,0,0,0
1,178,"2_1",2,1,"2022_9_29_11-41-39_224.jpg",0.36,0.11,0.07,0.06,0,0,0.39,0,0,0,0,0,0,0,0.01,0,0,0,0
1,163,"2_1",2,1,"2022_9_29_11-41-39_112.jpg",0.28,0.08,0.01,0.04,0,0,0.28,0,0,0,0,0.01,0,0,0.3,0,0,0,0
1,211,"2_1",2,1,"2022_9_29_11-41-39_464.jpg",0,0.2,0.03,0.02,0.01,0,0.02,0.01,0,0,0,0,0.57,0,0.14,0,0,0,0
1,195,"2_1",2,1,"2022_9_29_11-41-39_344.jpg",0.11,0.25,0,0.01,0.02,0,0.06,0,0,0,0,0,0.48,0,0.07,0,0,0,0
1,181,"2_1",2,1,"2022_9_29_11-41-39_240.jpg",0.05,0.18,0.01,0.3,0,0,0.37,0,0,0,0,0,0.02,0,0.07,0,0,0,0
1,177,"2_1",2,1,"2022_9_29_11-41-39_216.jpg",0.08,0.2,0,0.29,0,0,0.04,0,0,0,0,0,0.36,0,0.02,0,0,0,0
1,162,"2_1",2,1,"2022_9_29_11-41-39_104.jpg",0.09,0.13,0,0.04,0,0,0.24,0,0,0,0.01,0,0.47,0,0.01,0,0,0,0
1,164,"2_1",2,1,"2022_9_29_11-41-39_120.jpg",0.13,0.21,0.01,0.08,0,0,0.33,0,0,0,0,0.01,0.13,0,0.07,0,0,0,0
1,175,"2_1",2,1,"2022_9_29_11-41-39_200.jpg",0.4,0.11,0.02,0.07,0,0,0.09,0.02,0,0,0,0.03,0.06,0,0.19,0,0,0,0
1,169,"2_1",2,1,"2022_9_29_11-41-39_16.jpg",0.11,0.11,0.05,0.09,0.06,0,0.18,0,0,0,0.09,0.03,0.13,0,0.14,0.01,0,0,0
1,187,"2_1",2,1,"2022_9_29_11-41-39_288.jpg",0.15,0.28,0,0.02,0,0,0.09,0.19,0,0,0,0,0.11,0,0.14,0,0,0,0.01
1,176,"2_1",2,1,"2022_9_29_11-41-39_208.jpg",0.17,0.14,0.03,0.14,0,0,0.26,0,0,0,0,0.04,0.2,0,0.01,0,0,0,0.01
1,202,"2_1",2,1,"2022_9_29_11-41-39_40.jpg",0.48,0,0,0,0,0.03,0.29,0,0,0,0.04,0.01,0,0,0.15,0,0,0,0
1,208,"2_1",2,1,"2022_9_29_11-41-39_440.jpg",0.01,0.03,0.02,0,0,0,0.02,0,0,0,0,0,0.92,0,0,0,0,0,0
1,165,"2_1",2,1,"2022_9_29_11-41-39_128.jpg",0.05,0.11,0,0.07,0,0,0.02,0.04,0,0,0,0,0.62,0,0.09,0,0,0,0
1,212,"2_1",2,1,"2022_9_29_11-41-39_48.jpg",0.2,0,0,0,0,0,0.54,0,0,0,0.01,0.04,0.01,0,0.19,0,0,0,0
1,217,"2_1",2,1,"2022_9_29_11-41-39_80.jpg",0.12,0.08,0.03,0.12,0,0,0.11,0,0,0,0,0,0.29,0,0.15,0,0,0,0
1,172,"2_1",2,1,"2022_9_29_11-41-39_176.jpg",0.12,0.18,0.01,0.06,0,0,0.05,0.03,0,0,0,0.03,0.13,0,0.39,0,0,0,0
1,183,"2_1",2,1,"2022_9_29_11-41-39_256.jpg",0.17,0.2,0,0.03,0,0,0.32,0,0,0,0,0,0.26,0,0,0,0,0,0.02
1,197,"2_1",2,1,"2022_9_29_11-41-39_360.jpg",0.16,0.28,0,0.01,0,0,0.01,0.05,0,0,0,0,0.38,0,0.08,0,0,0,0
1,171,"2_1",2,1,"2022_9_29_11-41-39_168.jpg",0.17,0.11,0.1,0.17,0,0,0.01,0.06,0,0,0.01,0,0,0,0.31,0,0,0,0
1,184,"2_1",2,1,"2022_9_29_11-41-39_264.jpg",0.38,0.19,0.04,0.1,0,0,0.08,0.04,0,0,0.06,0.03,0.02,0,0.05,0,0,0,0
1,239,"2_2",2,2,"2022_9_29_11-59-23_24.jpg",0.08,0.02,0,0,0.28,0,0,0,0,0,0,0,0.62,0,0,0,0,0,0
1,256,"2_2",2,2,"2022_9_29_11-59-23_360.jpg",0,0,0.02,0,0.12,0,0.08,0.24,0,0,0,0,0.52,0,0,0,0,0,0.02
1,250,"2_2",2,2,"2022_9_29_11-59-23_32.jpg",0,0,0.06,0,0.36,0,0,0,0,0,0,0,0.42,0,0,0,0,0,0
1,243,"2_2",2,2,"2022_9_29_11-59-23_264.jpg",0,0,0,0,0.22,0,0,0,0,0,0,0,0.66,0,0.04,0.06,0,0,0.02
1,230,"2_2",2,2,"2022_9_29_11-59-23_168.jpg",0,0,0,0,0.04,0,0,0.34,0,0,0,0,0.14,0,0.46,0.02,0,0,0
1,258,"2_2",2,2,"2022_9_29_11-59-23_376.jpg",0,0.04,0,0.02,0.24,0,0.16,0,0,0,0,0,0.4,0,0,0,0,0,0
1,264,"2_2",2,2,"2022_9_29_11-59-23_416.jpg",0.02,0.02,0.08,0.06,0.06,0,0.02,0,0,0,0,0,0.68,0,0.04,0.02,0,0,0
1,261,"2_2",2,2,"2022_9_29_11-59-23_40.jpg",0,0,0.1,0,0.48,0,0.02,0,0,0,0,0,0.34,0,0,0,0,0.02,0.04
1,237,"2_2",2,2,"2022_9_29_11-59-23_224.jpg",0,0,0.04,0,0.18,0,0,0.02,0,0,0,0,0.46,0,0.14,0.12,0,0,0.04
1,232,"2_2",2,2,"2022_9_29_11-59-23_184.jpg",0.08,0.02,0.02,0,0.1,0,0.02,0.06,0,0,0,0,0.36,0,0.34,0,0,0,0
1,268,"2_2",2,2,"2022_9_29_11-59-23_56.jpg",0,0,0.12,0,0.34,0,0,0.04,0,0,0,0,0.36,0,0.06,0,0,0,0
1,221,"2_2",2,2,"2022_9_29_11-59-23_104.jpg",0,0,0.02,0,0.32,0,0,0.02,0,0,0.24,0,0.32,0,0.08,0,0,0,0
1,267,"2_2",2,2,"2022_9_29_11-59-23_48.jpg",0,0.02,0.06,0,0.24,0,0,0,0,0,0,0,0.64,0,0.04,0,0,0,0
1,251,"2_2",2,2,"2022_9_29_11-59-23_320.jpg",0.04,0.02,0.06,0.04,0.18,0,0.04,0,0,0,0,0,0.42,0,0.06,0.02,0,0,0.04
1,227,"2_2",2,2,"2022_9_29_11-59-23_152.jpg",0.02,0,0,0,0.24,0,0,0.02,0,0,0,0,0.2,0,0.5,0.02,0,0,0
1,255,"2_2",2,2,"2022_9_29_11-59-23_352.jpg",0.1,0.04,0.02,0,0.06,0,0.08,0,0,0,0,0,0.24,0,0.44,0,0,0,0
1,235,"2_2",2,2,"2022_9_29_11-59-23_208.jpg",0.08,0,0.02,0,0.16,0,0.04,0.04,0,0,0,0,0.4,0,0.18,0.08,0,0,0
1,262,"2_2",2,2,"2022_9_29_11-59-23_400.jpg",0,0,0,0,0.5,0,0.14,0,0,0,0,0,0.16,0,0.14,0,0,0,0
1,249,"2_2",2,2,"2022_9_29_11-59-23_312.jpg",0.02,0,0,0,0.6,0,0,0,0,0,0,0,0.12,0,0.22,0.02,0,0,0
1,273,"2_2",2,2,"2022_9_29_11-59-23_88.jpg",0,0,0,0,0.3,0,0.02,0.38,0,0,0,0,0.14,0,0.06,0,0,0,0.04
1,252,"2_2",2,2,"2022_9_29_11-59-23_328.jpg",0.06,0.16,0.06,0.04,0.14,0,0.1,0,0,0,0,0,0.34,0,0.02,0.02,0,0,0.02
1,254,"2_2",2,2,"2022_9_29_11-59-23_344.jpg",0.08,0.04,0.04,0.08,0.1,0,0.1,0,0,0,0,0,0.52,0,0,0.02,0,0,0
1,225,"2_2",2,2,"2022_9_29_11-59-23_136.jpg",0,0,0,0,0.06,0,0.02,0,0,0,0.06,0.02,0.54,0,0.24,0.06,0,0,0
1,222,"2_2",2,2,"2022_9_29_11-59-23_112.jpg",0,0,0.06,0,0.3,0,0.02,0.02,0,0,0,0,0.4,0,0.14,0.06,0,0,0
1,247,"2_2",2,2,"2022_9_29_11-59-23_296.jpg",0.02,0,0.02,0,0.18,0,0.04,0.04,0,0,0.06,0,0.5,0,0.08,0.02,0,0.02,0
1,271,"2_2",2,2,"2022_9_29_11-59-23_8.jpg",0.12,0,0,0,0.26,0,0.04,0,0,0,0,0,0.56,0,0,0,0,0,0
1,223,"2_2",2,2,"2022_9_29_11-59-23_120.jpg",0,0,0.02,0,0.16,0,0,0.02,0,0,0.04,0,0.54,0,0.12,0.08,0,0.02,0
1,228,"2_2",2,2,"2022_9_29_11-59-23_16.jpg",0,0.04,0.08,0.02,0.38,0,0,0,0,0,0,0,0.46,0,0.02,0,0,0,0
1,272,"2_2",2,2,"2022_9_29_11-59-23_80.jpg",0,0,0,0,0.5,0,0,0,0,0,0,0,0.4,0,0.02,0,0,0,0
1,233,"2_2",2,2,"2022_9_29_11-59-23_192.jpg",0.04,0,0,0,0,0,0.06,0.34,0,0,0,0,0.14,0,0.34,0.08,0,0,0
1,231,"2_2",2,2,"2022_9_29_11-59-23_176.jpg",0.06,0,0,0,0.08,0,0.06,0,0,0,0.08,0,0.42,0,0.28,0,0,0,0
1,224,"2_2",2,2,"2022_9_29_11-59-23_128.jpg",0.04,0,0,0,0.06,0.04,0.04,0,0,0,0.06,0,0.5,0,0.24,0.02,0,0,0
1,263,"2_2",2,2,"2022_9_29_11-59-23_408.jpg",0,0,0.1,0.04,0.02,0,0.32,0,0,0,0,0,0.32,0,0,0,0,0,0
1,259,"2_2",2,2,"2022_9_29_11-59-23_384.jpg",0,0,0.1,0.04,0.2,0,0.1,0,0,0,0,0,0.46,0,0.04,0,0,0,0
1,245,"2_2",2,2,"2022_9_29_11-59-23_280.jpg",0,0,0.02,0,0.06,0,0,0,0,0,0.08,0,0.82,0,0.02,0,0,0,0
1,242,"2_2",2,2,"2022_9_29_11-59-23_256.jpg",0.04,0.04,0.04,0,0.26,0,0.04,0.04,0,0,0,0,0.36,0,0.16,0,0,0,0
1,253,"2_2",2,2,"2022_9_29_11-59-23_336.jpg",0.1,0.16,0.02,0.04,0.36,0,0.08,0,0,0,0,0,0.2,0,0.02,0,0,0,0
1,269,"2_2",2,2,"2022_9_29_11-59-23_64.jpg",0.02,0,0,0,0.34,0,0.02,0.16,0,0,0,0,0.34,0,0.1,0,0,0.02,0
1,244,"2_2",2,2,"2022_9_29_11-59-23_272.jpg",0,0,0,0,0.38,0,0.06,0.02,0,0,0.1,0,0.28,0,0.08,0.08,0,0,0
1,226,"2_2",2,2,"2022_9_29_11-59-23_144.jpg",0.06,0.08,0,0,0.2,0,0,0.14,0,0,0,0,0.18,0,0.3,0,0,0,0
1,266,"2_2",2,2,"2022_9_29_11-59-23_432.jpg",0,0,0.04,0,0.06,0,0.14,0,0,0,0,0,0.66,0,0.04,0,0,0,0
1,257,"2_2",2,2,"2022_9_29_11-59-23_368.jpg",0,0,0,0,0.1,0,0.22,0,0,0,0,0,0.66,0,0,0,0,0,0
1,241,"2_2",2,2,"2022_9_29_11-59-23_248.jpg",0,0.02,0,0,0.16,0,0.02,0,0,0,0.02,0,0.62,0,0.02,0.08,0,0.04,0
1,265,"2_2",2,2,"2022_9_29_11-59-23_424.jpg",0,0,0.04,0,0.24,0,0.12,0,0,0,0,0,0.58,0,0.02,0,0,0,0
1,246,"2_2",2,2,"2022_9_29_11-59-23_288.jpg",0,0,0,0,0.2,0,0,0,0,0,0.08,0,0.26,0,0.32,0.12,0,0,0.02
1,270,"2_2",2,2,"2022_9_29_11-59-23_72.jpg",0,0,0.02,0,0.72,0,0.04,0.04,0,0,0,0,0,0,0.08,0,0,0,0.02
1,234,"2_2",2,2,"2022_9_29_11-59-23_200.jpg",0.08,0,0,0,0.08,0,0,0.06,0,0,0,0,0.46,0,0.32,0,0,0,0
1,229,"2_2",2,2,"2022_9_29_11-59-23_160.jpg",0,0,0,0,0.04,0,0,0.24,0,0,0,0,0.52,0,0.16,0.04,0,0,0
1,220,"2_2",2,2,"2022_9_29_11-59-23_0.jpg",0.04,0.04,0,0,0.28,0,0,0.04,0,0,0,0,0.5,0,0.08,0,0,0,0.02
1,248,"2_2",2,2,"2022_9_29_11-59-23_304.jpg",0,0,0.02,0,0.3,0,0.02,0,0,0,0,0,0.4,0,0.02,0.04,0,0,0.02
1,319,"3_1",3,1,"2022_9_29_10-12-09_424.jpg",0,0,0,0,0,0,0.03,0,0,0,0,0.89,0,0,0.07,0,0,0,0
1,366,"3_1",3,1,"2022_9_29_10-12-09_96.jpg",0.01,0,0.09,0,0.12,0,0.07,0.01,0,0,0.02,0,0.48,0,0.11,0.03,0,0,0
1,310,"3_1",3,1,"2022_9_29_10-12-09_360.jpg",0,0,0.01,0,0.09,0,0.01,0,0,0,0.02,0.25,0.34,0,0.17,0.08,0,0,0
1,287,"3_1",3,1,"2022_9_29_10-12-09_192.jpg",0,0,0.04,0,0.28,0,0.26,0.02,0,0,0.16,0,0,0,0.15,0.05,0,0,0
1,300,"3_1",3,1,"2022_9_29_10-12-09_296.jpg",0,0.01,0,0.01,0.23,0.01,0.2,0.07,0,0,0.05,0.02,0.18,0,0,0.06,0,0,0
1,360,"3_1",3,1,"2022_9_29_10-12-09_728.jpg",0,0,0,0,0.53,0,0.23,0,0,0,0,0,0.23,0,0.01,0,0,0,0
1,289,"3_1",3,1,"2022_9_29_10-12-09_208.jpg",0,0,0.17,0,0.16,0,0.22,0,0,0,0,0,0.31,0,0.03,0,0,0,0
1,339,"3_1",3,1,"2022_9_29_10-12-09_576.jpg",0,0,0,0,0.39,0,0.14,0.05,0,0,0.04,0.09,0.08,0,0.16,0.05,0,0,0
1,323,"3_1",3,1,"2022_9_29_10-12-09_456.jpg",0.05,0.02,0.03,0.01,0.05,0,0.5,0,0,0,0,0.09,0,0,0.25,0,0,0,0
1,311,"3_1",3,1,"2022_9_29_10-12-09_368.jpg",0,0,0,0,0,0,0.28,0,0,0,0,0.37,0,0,0.33,0.01,0,0,0.01
1,299,"3_1",3,1,"2022_9_29_10-12-09_288.jpg",0,0,0,0,0.28,0,0.54,0,0.01,0,0.03,0,0.02,0,0.08,0.04,0,0,0
1,347,"3_1",3,1,"2022_9_29_10-12-09_64.jpg",0,0.01,0.05,0,0.2,0,0.06,0.02,0,0,0.04,0,0.53,0,0.02,0.01,0,0,0
1,283,"3_1",3,1,"2022_9_29_10-12-09_160.jpg",0,0,0.16,0,0.14,0,0.34,0,0,0,0,0,0.19,0,0.13,0.03,0,0,0
1,293,"3_1",3,1,"2022_9_29_10-12-09_24.jpg",0,0,0,0,0.01,0,0.48,0,0,0,0.03,0,0.46,0,0.02,0,0,0,0
1,285,"3_1",3,1,"2022_9_29_10-12-09_176.jpg",0,0,0.03,0,0.21,0,0.33,0,0,0,0.03,0,0.29,0,0.05,0.04,0,0,0
1,335,"3_1",3,1,"2022_9_29_10-12-09_552.jpg",0.05,0,0,0,0.15,0,0.15,0.05,0,0,0.02,0.09,0.16,0,0.07,0.21,0,0,0
1,331,"3_1",3,1,"2022_9_29_10-12-09_520.jpg",0,0,0,0.03,0.28,0,0.07,0,0,0,0,0.24,0.16,0,0.18,0,0,0,0
1,281,"3_1",3,1,"2022_9_29_10-12-09_144.jpg",0,0,0,0,0.43,0,0.29,0,0,0,0,0,0,0,0.1,0,0,0,0
1,291,"3_1",3,1,"2022_9_29_10-12-09_224.jpg",0,0.01,0.13,0,0.2,0,0.47,0,0,0,0,0,0,0,0.12,0.07,0,0,0
1,345,"3_1",3,1,"2022_9_29_10-12-09_624.jpg",0,0,0.1,0,0.2,0,0.16,0,0.01,0,0.07,0.01,0.09,0,0.13,0.06,0,0,0
1,328,"3_1",3,1,"2022_9_29_10-12-09_488.jpg",0,0,0,0,0.15,0,0.18,0,0,0.04,0,0.19,0.03,0,0.27,0.01,0,0,0
1,341,"3_1",3,1,"2022_9_29_10-12-09_592.jpg",0.08,0.15,0,0,0.14,0,0.14,0,0,0,0.21,0.01,0.01,0,0.09,0.06,0,0,0
1,362,"3_1",3,1,"2022_9_29_10-12-09_744.jpg",0,0,0,0,0.55,0,0.1,0,0,0,0,0,0.26,0,0.05,0,0,0,0
1,298,"3_1",3,1,"2022_9_29_10-12-09_280.jpg",0,0,0,0,0.65,0,0.17,0.04,0,0,0,0,0,0,0.05,0.09,0,0,0
1,357,"3_1",3,1,"2022_9_29_10-12-09_712.jpg",0,0,0,0.01,0.54,0.01,0.29,0,0,0,0.08,0,0,0,0.03,0,0,0,0
1,318,"3_1",3,1,"2022_9_29_10-12-09_416.jpg",0,0,0.01,0,0,0,0.04,0,0,0,0,0.88,0,0,0.06,0,0,0,0
1,284,"3_1",3,1,"2022_9_29_10-12-09_168.jpg",0,0,0.13,0,0.15,0,0.18,0,0,0,0,0,0.33,0,0.02,0.11,0,0,0
1,356,"3_1",3,1,"2022_9_29_10-12-09_704.jpg",0,0,0.07,0,0.11,0,0.27,0,0,0,0,0,0,0,0.16,0.07,0,0,0
1,309,"3_1",3,1,"2022_9_29_10-12-09_352.jpg",0,0,0,0,0.05,0,0.04,0,0,0,0,0.06,0.48,0,0.29,0.07,0,0,0
1,297,"3_1",3,1,"2022_9_29_10-12-09_272.jpg",0,0,0,0,0.21,0,0.24,0,0,0,0,0.02,0,0,0,0.08,0,0,0
1,280,"3_1",3,1,"2022_9_29_10-12-09_136.jpg",0,0,0,0,0.2,0,0.04,0,0,0,0,0,0.72,0,0.02,0.02,0,0,0
1,346,"3_1",3,1,"2022_9_29_10-12-09_632.jpg",0,0,0.3,0,0.2,0,0.25,0,0,0,0,0.02,0.05,0,0.1,0.04,0,0,0
1,295,"3_1",3,1,"2022_9_29_10-12-09_256.jpg",0,0,0,0,0.16,0,0.1,0,0,0,0.14,0,0.49,0,0.02,0.02,0.01,0.01,0
1,317,"3_1",3,1,"2022_9_29_10-12-09_408.jpg",0,0,0.04,0,0,0,0.09,0,0,0,0,0.69,0,0,0.18,0,0,0,0
1,288,"3_1",3,1,"2022_9_29_10-12-09_200.jpg",0,0,0.06,0,0.2,0,0.19,0.02,0,0,0.15,0,0.03,0,0.15,0.14,0,0.02,0.02
1,342,"3_1",3,1,"2022_9_29_10-12-09_600.jpg",0,0,0,0,0.23,0,0.17,0.33,0,0,0.12,0,0.01,0,0.05,0.01,0,0,0
1,348,"3_1",3,1,"2022_9_29_10-12-09_640.jpg",0,0,0.01,0,0.34,0,0.17,0,0,0,0,0,0.37,0,0.05,0,0.02,0,0
1,352,"3_1",3,1,"2022_9_29_10-12-09_672.jpg",0,0,0.05,0,0.37,0,0.47,0,0,0,0.02,0,0,0,0.07,0,0,0,0
1,282,"3_1",3,1,"2022_9_29_10-12-09_152.jpg",0,0,0.18,0,0.1,0,0.34,0,0,0,0,0,0.1,0,0.22,0.05,0,0,0.01
1,337,"3_1",3,1,"2022_9_29_10-12-09_560.jpg",0.01,0,0.02,0,0.21,0,0.12,0.03,0,0,0.03,0,0.39,0,0.1,0.01,0,0,0.03
1,276,"3_1",3,1,"2022_9_29_10-12-09_104.jpg",0,0,0,0,0.3,0,0.15,0,0,0,0.01,0,0.34,0,0.11,0.08,0,0,0.01
1,321,"3_1",3,1,"2022_9_29_10-12-09_440.jpg",0,0,0,0,0.08,0,0.39,0,0,0.06,0,0.4,0,0,0.07,0,0,0,0
1,344,"3_1",3,1,"2022_9_29_10-12-09_616.jpg",0,0.08,0,0,0.2,0,0.18,0,0.02,0,0.04,0,0.19,0,0.1,0.03,0,0,0
1,365,"3_1",3,1,"2022_9_29_10-12-09_88.jpg",0,0,0,0,0.34,0,0.22,0,0,0,0,0,0.33,0,0.09,0,0,0,0.02
1,320,"3_1",3,1,"2022_9_29_10-12-09_432.jpg",0,0,0,0,0,0,0.06,0,0,0,0,0.86,0,0,0.08,0,0,0,0
1,326,"3_1",3,1,"2022_9_29_10-12-09_48.jpg",0.01,0,0.01,0,0.24,0,0.05,0,0,0,0.09,0,0.5,0,0.08,0,0,0,0
1,353,"3_1",3,1,"2022_9_29_10-12-09_680.jpg",0,0,0.05,0,0.31,0,0.17,0,0,0,0,0,0.41,0,0.05,0,0,0,0
1,296,"3_1",3,1,"2022_9_29_10-12-09_264.jpg",0,0,0,0,0.29,0,0.43,0,0,0,0,0,0.11,0,0.03,0.1,0,0,0
1,304,"3_1",3,1,"2022_9_29_10-12-09_32.jpg",0,0,0,0,0.15,0,0.17,0.01,0,0,0.1,0,0.37,0,0.04,0.14,0,0,0
1,307,"3_1",3,1,"2022_9_29_10-12-09_336.jpg",0,0.01,0,0,0.25,0,0.17,0.02,0,0,0.18,0,0.17,0,0.11,0.03,0,0,0
1,376,"3_2",3,2,"2022_9_29_10-35-25_160.jpg",0,0,0,0,0.16,0,0,0.04,0,0,0.02,0,0.7,0,0.06,0.02,0,0,0
1,393,"3_2",3,2,"2022_9_29_10-35-25_288.jpg",0,0.02,0.14,0.12,0.14,0,0.12,0,0,0,0,0,0.24,0,0.02,0,0,0,0
1,411,"3_2",3,2,"2022_9_29_10-35-25_416.jpg",0,0,0,0,0.62,0,0.08,0,0,0,0,0,0.3,0,0,0,0,0,0
1,396,"3_2",3,2,"2022_9_29_10-35-25_312.jpg",0.02,0,0.02,0.08,0.14,0,0.12,0,0,0,0,0,0.4,0,0.06,0,0,0,0
1,402,"3_2",3,2,"2022_9_29_10-35-25_352.jpg",0,0.18,0,0,0.2,0,0.04,0,0,0,0,0,0.4,0,0.12,0,0,0,0
1,389,"3_2",3,2,"2022_9_29_10-35-25_256.jpg",0,0,0.02,0,0.1,0,0.36,0,0,0,0,0,0.4,0,0.02,0,0,0,0
1,370,"3_2",3,2,"2022_9_29_10-35-25_120.jpg",0.06,0.1,0,0,0.02,0,0,0,0,0,0,0,0.8,0,0.02,0,0,0,0
1,384,"3_2",3,2,"2022_9_29_10-35-25_224.jpg",0,0,0,0,0.32,0,0.12,0,0,0,0,0,0.44,0,0,0.1,0,0,0
1,398,"3_2",3,2,"2022_9_29_10-35-25_320.jpg",0,0.02,0.04,0.02,0.1,0,0.2,0,0,0,0,0,0.46,0,0.04,0,0,0,0
1,405,"3_2",3,2,"2022_9_29_10-35-25_376.jpg",0.04,0.18,0.04,0.12,0.3,0,0.02,0,0,0,0.02,0.02,0.08,0,0.16,0,0,0,0
1,425,"3_2",3,2,"2022_9_29_10-35-25_88.jpg",0.04,0,0,0,0.06,0,0,0,0,0,0,0,0.9,0,0,0,0,0,0
1,409,"3_2",3,2,"2022_9_29_10-35-25_400.jpg",0.02,0.06,0.08,0,0.28,0,0.02,0,0,0,0,0,0.36,0,0.16,0,0,0,0
1,417,"3_2",3,2,"2022_9_29_10-35-25_464.jpg",0,0,0.02,0,0.32,0,0,0.02,0,0,0.02,0,0.5,0,0.02,0,0,0,0
1,369,"3_2",3,2,"2022_9_29_10-35-25_112.jpg",0,0,0,0,0.1,0,0.02,0,0,0,0,0,0.84,0,0.04,0,0,0,0
1,379,"3_2",3,2,"2022_9_29_10-35-25_184.jpg",0,0,0,0,0.24,0,0,0,0,0,0,0,0.38,0,0.38,0,0,0,0
1,412,"3_2",3,2,"2022_9_29_10-35-25_424.jpg",0,0,0.02,0,0.04,0,0.06,0,0,0,0,0,0.58,0,0.02,0,0,0,0
1,422,"3_2",3,2,"2022_9_29_10-35-25_72.jpg",0.28,0.18,0.02,0,0,0,0,0,0,0,0.04,0.02,0.4,0,0.06,0,0,0,0
1,400,"3_2",3,2,"2022_9_29_10-35-25_336.jpg",0,0,0,0,0.26,0,0,0,0,0,0,0,0.7,0,0.04,0,0,0,0
1,387,"3_2",3,2,"2022_9_29_10-35-25_240.jpg",0,0,0.02,0,0.42,0,0.08,0,0,0,0,0,0.34,0,0.1,0.04,0,0,0
1,413,"3_2",3,2,"2022_9_29_10-35-25_432.jpg",0,0,0,0,0.18,0,0.02,0,0,0,0,0,0.7,0,0.02,0,0,0,0
1,418,"3_2",3,2,"2022_9_29_10-35-25_472.jpg",0,0,0.04,0,0.12,0,0.06,0,0,0,0.2,0,0.4,0,0.12,0,0,0,0
1,406,"3_2",3,2,"2022_9_29_10-35-25_384.jpg",0.02,0.16,0.1,0.14,0.4,0,0,0,0,0,0.08,0,0.06,0,0.02,0,0,0,0
1,394,"3_2",3,2,"2022_9_29_10-35-25_296.jpg",0.08,0,0.06,0.12,0.2,0,0.2,0,0,0,0,0,0.18,0,0.1,0,0,0,0
1,414,"3_2",3,2,"2022_9_29_10-35-25_440.jpg",0,0,0.04,0,0.1,0,0.12,0,0,0,0,0.04,0.52,0,0.04,0,0,0,0
1,423,"3_2",3,2,"2022_9_29_10-35-25_8.jpg",0.14,0.16,0,0.24,0,0,0.08,0,0,0,0,0,0.34,0,0.04,0,0,0,0
1,397,"3_2",3,2,"2022_9_29_10-35-25_32.jpg",0.22,0.08,0.08,0.04,0.12,0,0,0,0,0,0,0,0.1,0,0.34,0,0,0,0
1,420,"3_2",3,2,"2022_9_29_10-35-25_56.jpg",0.08,0,0,0,0.6,0,0,0,0,0,0,0,0.18,0,0.08,0,0,0,0.06
1,383,"3_2",3,2,"2022_9_29_10-35-25_216.jpg",0,0,0.02,0,0.14,0,0.22,0,0,0,0,0,0.46,0,0.04,0,0,0.08,0
1,367,"3_2",3,2,"2022_9_29_10-35-25_0.jpg",0.32,0.08,0,0.14,0.04,0,0.04,0,0,0,0,0,0.36,0,0.02,0,0,0,0
1,374,"3_2",3,2,"2022_9_29_10-35-25_152.jpg",0,0,0,0,0.1,0,0,0.06,0,0,0,0,0.78,0,0.02,0.04,0,0,0
1,373,"3_2",3,2,"2022_9_29_10-35-25_144.jpg",0.02,0,0,0,0.22,0,0,0,0,0,0,0,0.74,0,0.02,0,0,0,0
1,388,"3_2",3,2,"2022_9_29_10-35-25_248.jpg",0,0,0.14,0,0.26,0,0.06,0,0,0,0,0,0.14,0,0.1,0.04,0,0.02,0
1,416,"3_2",3,2,"2022_9_29_10-35-25_456.jpg",0,0,0.08,0,0.18,0,0.04,0,0,0,0.12,0,0.28,0,0.12,0.02,0,0,0
1,426,"3_2",3,2,"2022_9_29_10-35-25_96.jpg",0,0,0,0,0.22,0,0,0,0,0,0.1,0,0.62,0,0,0,0,0,0
1,375,"3_2",3,2,"2022_9_29_10-35-25_16.jpg",0.1,0.14,0,0.1,0,0,0.06,0,0,0,0,0,0.52,0,0.06,0,0,0,0
1,377,"3_2",3,2,"2022_9_29_10-35-25_168.jpg",0,0,0,0,0.26,0,0,0.08,0,0,0.08,0.04,0.4,0,0.04,0.02,0,0,0.02
1,382,"3_2",3,2,"2022_9_29_10-35-25_208.jpg",0,0,0.08,0,0.4,0,0.12,0,0,0,0,0,0.18,0,0.16,0,0,0,0.02
1,401,"3_2",3,2,"2022_9_29_10-35-25_344.jpg",0,0,0.06,0,0.38,0,0.06,0,0,0,0,0,0.1,0,0.14,0.02,0,0,0
1,421,"3_2",3,2,"2022_9_29_10-35-25_64.jpg",0.26,0.02,0,0.04,0.06,0,0,0,0,0,0.04,0,0.46,0,0.02,0,0,0,0
1,399,"3_2",3,2,"2022_9_29_10-35-25_328.jpg",0.04,0,0.02,0,0.16,0,0.06,0,0,0,0.12,0,0.46,0,0.02,0,0,0,0
1,410,"3_2",3,2,"2022_9_29_10-35-25_408.jpg",0.1,0.04,0,0,0.32,0,0.04,0,0,0,0,0,0.34,0,0.12,0,0,0,0
1,380,"3_2",3,2,"2022_9_29_10-35-25_192.jpg",0.04,0,0.04,0,0.4,0,0.02,0,0,0,0,0,0.42,0,0,0.08,0,0,0
1,392,"3_2",3,2,"2022_9_29_10-35-25_280.jpg",0,0.04,0.02,0.04,0.1,0,0.2,0,0,0,0,0,0.52,0,0.04,0,0,0,0
1,407,"3_2",3,2,"2022_9_29_10-35-25_392.jpg",0,0,0.08,0.08,0.34,0,0.02,0,0,0,0.04,0,0.36,0,0.04,0,0,0,0
1,371,"3_2",3,2,"2022_9_29_10-35-25_128.jpg",0.22,0.16,0.02,0,0.08,0,0.04,0,0,0,0,0,0.44,0,0.04,0,0,0,0
1,395,"3_2",3,2,"2022_9_29_10-35-25_304.jpg",0,0.02,0.04,0.12,0.04,0,0.2,0,0,0,0,0,0.52,0,0,0,0,0,0
1,415,"3_2",3,2,"2022_9_29_10-35-25_448.jpg",0,0.04,0,0,0.26,0,0.04,0,0,0,0.06,0.02,0.34,0,0,0,0,0,0
1,378,"3_2",3,2,"2022_9_29_10-35-25_176.jpg",0,0,0,0,0.3,0,0,0,0,0,0,0,0.38,0,0.16,0.14,0,0,0.02
1,419,"3_2",3,2,"2022_9_29_10-35-25_480.jpg",0,0.02,0,0,0.32,0,0.04,0,0,0,0,0.02,0.28,0,0.3,0,0,0,0
1,391,"3_2",3,2,"2022_9_29_10-35-25_272.jpg",0.02,0.2,0.12,0.02,0,0,0.04,0,0,0,0.08,0.02,0.26,0,0.1,0,0,0,0
1,474,"4_1",4,1,"2022_10_10_09-46-57_184.jpg",0.33,0.25,0.05,0.12,0.01,0,0.11,0,0,0,0.02,0.03,0,0,0.08,0,0,0,0
1,478,"4_1",4,1,"2022_10_10_09-46-57_216.jpg",0.18,0.38,0,0.26,0,0,0.07,0,0,0,0.06,0.01,0,0,0.03,0,0,0,0
1,521,"4_1",4,1,"2022_10_10_09-46-57_8.jpg",0.08,0.14,0.08,0.13,0.13,0,0.01,0,0,0,0,0,0.42,0,0.01,0,0,0,0
1,485,"4_1",4,1,"2022_10_10_09-46-57_264.jpg",0.05,0.3,0.02,0.27,0,0,0.11,0,0,0,0,0,0,0,0.21,0,0,0,0
1,464,"4_1",4,1,"2022_10_10_09-46-57_112.jpg",0.1,0.26,0,0.06,0.04,0,0.04,0,0,0,0,0,0.39,0,0.05,0,0,0,0
1,481,"4_1",4,1,"2022_10_10_09-46-57_24.jpg",0.15,0.45,0,0.06,0.07,0,0.09,0,0,0,0,0,0.13,0,0.03,0,0,0,0
1,494,"4_1",4,1,"2022_10_10_09-46-57_328.jpg",0.09,0.22,0.04,0.03,0,0,0.09,0,0,0,0,0.01,0.42,0,0.02,0,0,0,0
1,486,"4_1",4,1,"2022_10_10_09-46-57_272.jpg",0.09,0.29,0.1,0.16,0.07,0,0.1,0,0,0,0.02,0,0.15,0,0.02,0,0,0,0
1,483,"4_1",4,1,"2022_10_10_09-46-57_248.jpg",0.03,0.08,0,0,0,0,0.4,0,0,0,0,0.04,0.45,0,0,0,0,0,0
1,517,"4_1",4,1,"2022_10_10_09-46-57_496.jpg",0.12,0.26,0.01,0.05,0,0,0.05,0,0,0,0.06,0,0.42,0,0.03,0,0,0,0
1,512,"4_1",4,1,"2022_10_10_09-46-57_464.jpg",0.02,0.09,0,0,0,0,0.28,0,0,0,0,0,0.61,0,0,0,0,0,0
1,484,"4_1",4,1,"2022_10_10_09-46-57_256.jpg",0.16,0.27,0.01,0.25,0,0,0.05,0,0,0,0,0.08,0.1,0,0.07,0,0,0,0
1,479,"4_1",4,1,"2022_10_10_09-46-57_224.jpg",0.04,0.09,0,0.01,0,0,0.11,0,0,0,0,0.01,0.67,0,0.06,0,0,0,0
1,480,"4_1",4,1,"2022_10_10_09-46-57_232.jpg",0.09,0.31,0,0.01,0,0,0.02,0,0,0,0,0,0.46,0,0.01,0,0,0,0
1,508,"4_1",4,1,"2022_10_10_09-46-57_432.jpg",0.12,0.23,0,0,0.09,0,0.01,0,0,0,0,0.01,0.51,0,0,0,0,0,0
1,505,"4_1",4,1,"2022_10_10_09-46-57_408.jpg",0.22,0.28,0.01,0,0,0,0.02,0,0,0,0.02,0.01,0.4,0,0.01,0,0,0,0
1,476,"4_1",4,1,"2022_10_10_09-46-57_200.jpg",0.15,0.17,0,0.33,0,0,0.02,0,0,0,0,0.01,0.26,0,0.01,0,0,0,0
1,504,"4_1",4,1,"2022_10_10_09-46-57_400.jpg",0.07,0.59,0,0.09,0,0,0.02,0,0,0,0.01,0.03,0.01,0,0.18,0,0,0,0
1,491,"4_1",4,1,"2022_10_10_09-46-57_312.jpg",0.1,0.28,0.03,0.04,0,0,0.06,0,0,0,0.03,0.05,0.4,0,0.01,0,0,0,0
1,489,"4_1",4,1,"2022_10_10_09-46-57_296.jpg",0.03,0.21,0.02,0.28,0,0,0.21,0,0,0,0,0.04,0,0,0.13,0,0,0,0
1,514,"4_1",4,1,"2022_10_10_09-46-57_48.jpg",0.15,0.24,0.04,0.04,0.17,0,0.08,0.01,0,0,0,0,0.06,0,0.17,0,0,0,0
1,503,"4_1",4,1,"2022_10_10_09-46-57_40.jpg",0.09,0.16,0.02,0.26,0,0,0.07,0,0,0,0,0.02,0.33,0,0.04,0,0,0,0
1,495,"4_1",4,1,"2022_10_10_09-46-57_336.jpg",0.24,0.14,0,0,0.07,0,0.08,0,0,0,0,0.01,0.4,0,0.04,0,0,0,0
1,513,"4_1",4,1,"2022_10_10_09-46-57_472.jpg",0.14,0.24,0.04,0,0.25,0,0.09,0,0,0,0.24,0,0,0,0,0,0,0,0
1,515,"4_1",4,1,"2022_10_10_09-46-57_480.jpg",0.04,0.3,0,0,0,0,0.21,0,0,0,0.01,0,0.44,0,0,0,0,0,0
1,487,"4_1",4,1,"2022_10_10_09-46-57_280.jpg",0.02,0.13,0.1,0.11,0.26,0,0.04,0,0,0,0,0,0.2,0,0.14,0,0,0,0
1,473,"4_1",4,1,"2022_10_10_09-46-57_176.jpg",0.1,0.34,0.05,0.36,0,0,0.12,0,0,0,0.01,0,0,0,0.01,0.01,0,0,0
1,509,"4_1",4,1,"2022_10_10_09-46-57_440.jpg",0.1,0.11,0,0,0,0,0.28,0,0,0,0,0,0.51,0,0,0,0,0,0
1,511,"4_1",4,1,"2022_10_10_09-46-57_456.jpg",0.36,0.51,0,0.02,0,0,0.06,0,0,0,0.04,0,0,0,0.01,0,0,0,0
1,472,"4_1",4,1,"2022_10_10_09-46-57_168.jpg",0.04,0.29,0.05,0.42,0,0,0.14,0,0,0,0,0.02,0,0,0.02,0,0,0,0
1,488,"4_1",4,1,"2022_10_10_09-46-57_288.jpg",0.03,0.18,0.08,0.17,0,0,0.08,0,0,0,0,0,0.13,0,0.28,0,0,0,0
1,466,"4_1",4,1,"2022_10_10_09-46-57_128.jpg",0.04,0.22,0,0.01,0,0,0.64,0,0,0,0.04,0.02,0,0,0.03,0,0,0,0
1,465,"4_1",4,1,"2022_10_10_09-46-57_120.jpg",0.07,0.21,0,0.04,0.02,0,0.06,0,0,0,0,0,0.54,0,0.05,0,0,0,0
1,507,"4_1",4,1,"2022_10_10_09-46-57_424.jpg",0.08,0.18,0.02,0.01,0.13,0,0.12,0,0,0,0,0.01,0.36,0,0.06,0,0,0.01,0.02
1,490,"4_1",4,1,"2022_10_10_09-46-57_304.jpg",0.02,0.14,0.07,0.34,0.03,0,0.2,0,0,0,0,0.02,0.07,0,0.06,0.01,0,0,0
1,468,"4_1",4,1,"2022_10_10_09-46-57_144.jpg",0.08,0.23,0.04,0.2,0,0,0.12,0,0,0,0,0.01,0.18,0,0.1,0,0,0,0
1,501,"4_1",4,1,"2022_10_10_09-46-57_384.jpg",0.26,0.17,0,0,0,0,0,0.01,0,0,0.01,0.03,0.45,0,0.07,0,0,0,0
1,500,"4_1",4,1,"2022_10_10_09-46-57_376.jpg",0.14,0.15,0.02,0,0,0,0.07,0,0,0,0,0,0.6,0,0.02,0,0,0,0
1,477,"4_1",4,1,"2022_10_10_09-46-57_208.jpg",0.21,0.17,0.02,0.5,0,0,0,0,0,0,0.04,0.04,0,0,0.02,0,0,0,0
1,516,"4_1",4,1,"2022_10_10_09-46-57_488.jpg",0.09,0.3,0,0,0,0,0.08,0,0,0,0,0,0.53,0,0,0,0,0,0
1,482,"4_1",4,1,"2022_10_10_09-46-57_240.jpg",0.1,0.4,0,0.01,0,0,0.07,0,0,0,0,0.01,0.3,0,0.04,0,0,0,0
1,519,"4_1",4,1,"2022_10_10_09-46-57_64.jpg",0.21,0.03,0.02,0.08,0,0,0.12,0.01,0,0,0,0,0.35,0,0.12,0.01,0,0,0
1,467,"4_1",4,1,"2022_10_10_09-46-57_136.jpg",0.12,0.23,0.02,0.1,0.08,0,0.1,0,0,0,0,0.04,0,0,0.04,0,0,0,0
1,470,"4_1",4,1,"2022_10_10_09-46-57_16.jpg",0,0.1,0.02,0.28,0.02,0,0.05,0.02,0,0,0,0,0.47,0,0.04,0,0,0,0
1,499,"4_1",4,1,"2022_10_10_09-46-57_368.jpg",0.33,0.15,0.04,0.01,0.1,0,0.23,0,0,0,0,0,0.06,0,0.05,0,0,0,0
1,462,"4_1",4,1,"2022_10_10_09-46-57_0.jpg",0.09,0.07,0.05,0.07,0.09,0,0.05,0,0,0,0.01,0,0.42,0,0.03,0,0,0,0
1,520,"4_1",4,1,"2022_10_10_09-46-57_72.jpg",0.12,0.1,0.13,0.22,0.12,0,0.08,0,0,0,0,0,0,0,0.23,0,0,0,0
1,493,"4_1",4,1,"2022_10_10_09-46-57_320.jpg",0.22,0.2,0,0,0.03,0,0,0,0,0,0,0.03,0.5,0,0,0,0,0,0
1,492,"4_1",4,1,"2022_10_10_09-46-57_32.jpg",0.06,0.17,0.02,0.13,0,0,0.07,0,0,0,0,0,0.41,0,0.14,0,0,0,0
1,524,"4_1",4,1,"2022_10_10_09-46-57_96.jpg",0.1,0.31,0.02,0.15,0.04,0,0.13,0,0,0,0,0,0.18,0,0.03,0,0,0,0
1,556,"4_2",4,2,"2022_10_10_10-10-25_32.jpg",0.04,0.28,0.08,0.08,0,0,0.02,0,0,0,0,0,0.48,0,0,0.02,0,0,0
1,581,"4_2",4,2,"2022_10_10_10-10-25_496.jpg",0.06,0.08,0.06,0,0.1,0,0.02,0.2,0,0,0.02,0,0.2,0,0.24,0,0,0,0
1,553,"4_2",4,2,"2022_10_10_10-10-25_296.jpg",0.08,0.02,0.02,0,0.2,0,0.04,0,0,0,0.12,0.06,0.4,0,0.06,0,0,0,0
1,551,"4_2",4,2,"2022_10_10_10-10-25_280.jpg",0,0.02,0,0,0.64,0,0.04,0,0,0,0.04,0,0.12,0,0.14,0,0,0,0
1,546,"4_2",4,2,"2022_10_10_10-10-25_240.jpg",0.02,0,0.02,0.02,0.12,0,0,0,0,0,0,0,0.74,0,0.02,0,0,0,0
1,590,"4_2",4,2,"2022_10_10_10-10-25_8.jpg",0.08,0.22,0,0,0,0,0.02,0,0,0,0,0,0.56,0,0.08,0,0,0,0
1,572,"4_2",4,2,"2022_10_10_10-10-25_432.jpg",0.04,0.08,0,0.04,0.04,0,0.02,0.08,0,0,0,0,0.6,0,0.06,0,0,0,0.02
1,557,"4_2",4,2,"2022_10_10_10-10-25_320.jpg",0,0,0,0,0.44,0,0.02,0,0,0,0,0.02,0.46,0,0,0,0,0,0.02
1,540,"4_2",4,2,"2022_10_10_10-10-25_200.jpg",0,0,0,0.02,0.24,0,0,0,0,0,0.04,0,0.52,0,0.18,0,0,0,0
1,579,"4_2",4,2,"2022_10_10_10-10-25_480.jpg",0,0,0,0,0.2,0,0.02,0.08,0,0,0.04,0,0.64,0,0,0,0,0,0.02
1,532,"4_2",4,2,"2022_10_10_10-10-25_144.jpg",0.02,0,0,0,0.34,0,0.06,0,0,0,0,0,0.46,0,0.06,0.04,0,0,0.02
1,560,"4_2",4,2,"2022_10_10_10-10-25_344.jpg",0,0,0,0,0.38,0,0,0.02,0,0,0.14,0.02,0.24,0,0.04,0,0,0,0.04
1,575,"4_2",4,2,"2022_10_10_10-10-25_456.jpg",0,0,0,0,0.04,0,0,0.02,0,0,0,0,0.88,0,0,0,0,0,0.04
1,574,"4_2",4,2,"2022_10_10_10-10-25_448.jpg",0,0.06,0,0.06,0.24,0,0,0.08,0,0,0.04,0.04,0.36,0,0.06,0.06,0,0,0
1,543,"4_2",4,2,"2022_10_10_10-10-25_224.jpg",0.06,0,0,0,0.24,0,0.02,0,0,0,0,0,0.56,0,0.02,0,0,0,0
1,548,"4_2",4,2,"2022_10_10_10-10-25_256.jpg",0,0,0,0,0.24,0,0.04,0,0,0,0,0,0.64,0,0,0.02,0,0,0.02
1,539,"4_2",4,2,"2022_10_10_10-10-25_192.jpg",0.02,0,0,0,0.04,0,0,0,0,0,0.1,0,0.82,0,0,0.02,0,0,0
1,525,"4_2",4,2,"2022_10_10_10-10-25_0.jpg",0.18,0.1,0,0.12,0,0,0.1,0,0,0,0,0,0.28,0,0.06,0,0,0,0
1,530,"4_2",4,2,"2022_10_10_10-10-25_128.jpg",0.02,0.26,0,0.04,0,0,0.02,0.26,0,0,0,0,0.26,0,0.14,0,0,0,0
1,527,"4_2",4,2,"2022_10_10_10-10-25_112.jpg",0.04,0,0,0,0.36,0,0.08,0.02,0,0,0,0,0.44,0,0.04,0,0,0,0
1,563,"4_2",4,2,"2022_10_10_10-10-25_368.jpg",0,0,0.06,0,0.24,0,0,0.12,0,0,0,0,0.34,0,0.16,0,0,0,0.02
1,531,"4_2",4,2,"2022_10_10_10-10-25_136.jpg",0.04,0.1,0,0.04,0.02,0,0,0,0,0,0,0,0.76,0,0.04,0,0,0,0
1,566,"4_2",4,2,"2022_10_10_10-10-25_392.jpg",0.02,0.24,0,0.02,0.1,0,0,0.02,0,0,0.02,0,0.48,0,0.08,0.02,0,0,0
1,585,"4_2",4,2,"2022_10_10_10-10-25_528.jpg",0.04,0,0.02,0,0.2,0,0.04,0.1,0,0,0,0,0.52,0,0.08,0,0,0,0
1,570,"4_2",4,2,"2022_10_10_10-10-25_416.jpg",0,0,0,0,0.22,0,0,0.22,0,0,0,0,0.52,0,0.02,0,0,0,0
1,569,"4_2",4,2,"2022_10_10_10-10-25_408.jpg",0.02,0.06,0.18,0.06,0.16,0,0.02,0.02,0,0,0.06,0,0.28,0,0.12,0.02,0,0,0
1,528,"4_2",4,2,"2022_10_10_10-10-25_112.jpg",0.04,0,0,0,0.36,0,0.08,0.02,0,0,0,0,0.44,0,0.04,0,0,0,0
1,567,"4_2",4,2,"2022_10_10_10-10-25_40.jpg",0.06,0.24,0.04,0.1,0.02,0,0,0.02,0,0,0,0,0.52,0,0,0,0,0,0
1,591,"4_2",4,2,"2022_10_10_10-10-25_80.jpg",0,0.1,0,0,0.12,0,0,0,0,0,0.02,0,0.72,0,0.04,0,0,0,0
1,578,"4_2",4,2,"2022_10_10_10-10-25_48.jpg",0.12,0.12,0.04,0.08,0.04,0,0,0,0,0,0.04,0,0.52,0,0.04,0,0,0,0
1,526,"4_2",4,2,"2022_10_10_10-10-25_104.jpg",0.04,0,0,0,0.38,0,0,0,0,0,0,0,0.52,0,0.06,0,0,0,0
1,568,"4_2",4,2,"2022_10_10_10-10-25_400.jpg",0.06,0.1,0.08,0.1,0.24,0,0,0,0,0,0.08,0.04,0.12,0,0.12,0.02,0,0,0
1,559,"4_2",4,2,"2022_10_10_10-10-25_336.jpg",0,0,0,0,0.32,0,0,0,0,0,0.02,0,0.42,0,0.12,0,0,0,0
1,544,"4_2",4,2,"2022_10_10_10-10-25_232.jpg",0.02,0,0.12,0,0.18,0,0.06,0,0,0,0,0.02,0.54,0,0.06,0,0,0,0
1,545,"4_2",4,2,"2022_10_10_10-10-25_24.jpg",0.08,0.34,0,0.02,0,0,0,0,0,0,0,0,0.54,0,0.02,0,0,0,0
1,586,"4_2",4,2,"2022_10_10_10-10-25_536.jpg",0,0,0.02,0,0.04,0,0,0,0,0,0,0,0.92,0,0,0,0,0,0
1,549,"4_2",4,2,"2022_10_10_10-10-25_264.jpg",0,0,0.04,0,0.04,0,0.08,0,0,0,0,0,0.58,0,0.04,0,0,0,0
1,582,"4_2",4,2,"2022_10_10_10-10-25_504.jpg",0.04,0,0.02,0,0.26,0,0.02,0.06,0,0,0,0,0.28,0,0.26,0,0,0,0
1,533,"4_2",4,2,"2022_10_10_10-10-25_152.jpg",0,0,0,0,0.08,0,0.02,0,0,0,0,0,0.78,0,0.02,0.1,0,0,0
1,529,"4_2",4,2,"2022_10_10_10-10-25_120.jpg",0.12,0.26,0.04,0,0.16,0,0,0.02,0,0,0,0,0.26,0,0.12,0.02,0,0,0
1,541,"4_2",4,2,"2022_10_10_10-10-25_208.jpg",0.06,0,0,0,0.02,0,0.06,0,0,0,0,0,0.76,0,0.1,0,0,0,0
1,565,"4_2",4,2,"2022_10_10_10-10-25_384.jpg",0,0.18,0.02,0.08,0.18,0,0,0,0,0,0.06,0,0.4,0,0.02,0,0,0,0.04
1,555,"4_2",4,2,"2022_10_10_10-10-25_312.jpg",0,0.02,0,0,0.1,0,0.02,0,0,0,0,0,0.84,0,0.02,0,0,0,0
1,564,"4_2",4,2,"2022_10_10_10-10-25_376.jpg",0.06,0.08,0,0,0.06,0,0.04,0.02,0,0,0.06,0,0.66,0,0.02,0,0,0,0
1,550,"4_2",4,2,"2022_10_10_10-10-25_272.jpg",0.02,0.06,0,0,0.12,0,0.06,0.06,0,0,0.02,0,0.52,0,0,0.02,0,0,0
1,535,"4_2",4,2,"2022_10_10_10-10-25_160.jpg",0.1,0.06,0.08,0,0.08,0,0,0.34,0,0,0,0,0.26,0,0.06,0.02,0,0,0
1,554,"4_2",4,2,"2022_10_10_10-10-25_304.jpg",0.02,0,0.02,0,0.54,0,0,0,0,0,0.04,0,0.22,0,0.14,0,0,0,0
1,576,"4_2",4,2,"2022_10_10_10-10-25_464.jpg",0,0,0.02,0,0.16,0,0,0.08,0,0,0.04,0.02,0.64,0,0,0,0,0,0
1,593,"4_2",4,2,"2022_10_10_10-10-25_96.jpg",0,0.06,0,0,0.02,0,0,0,0,0,0,0,0.92,0,0,0,0,0,0
1,589,"4_2",4,2,"2022_10_10_10-10-25_72.jpg",0,0,0,0,0.08,0,0.06,0.04,0,0,0.04,0,0.74,0,0.04,0,0,0,0
1,602,"5_1",5,1,"2022_9_26_13-11-07_16.jpg",0.03,0.14,0.04,0.06,0,0,0.03,0.01,0,0,0,0.01,0.51,0,0.15,0,0,0,0
1,626,"5_1",5,1,"2022_9_26_13-11-07_328.jpg",0,0.03,0.04,0.44,0,0,0.01,0,0,0,0.2,0.05,0.01,0,0.13,0,0,0,0
1,671,"5_1",5,1,"2022_9_26_13-11-07_648.jpg",0,0.01,0,0,0,0,0.04,0,0,0,0.31,0.11,0,0,0.09,0,0,0,0
1,686,"5_1",5,1,"2022_9_26_13-11-07_760.jpg",0,0,0,0,0.19,0,0.04,0.09,0,0,0.02,0.04,0.05,0,0.43,0,0,0,0
1,666,"5_1",5,1,"2022_9_26_13-11-07_616.jpg",0,0,0.03,0,0.12,0,0.02,0,0,0,0,0,0.52,0,0.04,0,0,0,0.02
1,670,"5_1",5,1,"2022_9_26_13-11-07_640.jpg",0,0,0,0,0.05,0,0.16,0,0,0,0.15,0.01,0.17,0,0.01,0,0,0,0.01
1,668,"5_1",5,1,"2022_9_26_13-11-07_632.jpg",0,0,0.01,0,0,0,0.23,0,0,0,0.29,0.02,0.14,0,0.21,0,0,0,0
1,680,"5_1",5,1,"2022_9_26_13-11-07_72.jpg",0.02,0.2,0.03,0.02,0.03,0,0.12,0.08,0,0,0.04,0.07,0,0,0.37,0,0,0,0.02
1,691,"5_1",5,1,"2022_9_26_13-11-07_88.jpg",0,0,0,0,0,0.02,0.22,0,0,0.23,0.29,0,0,0,0.22,0,0,0,0
1,617,"5_1",5,1,"2022_9_26_13-11-07_264.jpg",0.03,0.09,0.13,0.24,0.03,0,0.26,0,0,0,0,0.01,0,0,0.15,0,0,0,0
1,597,"5_1",5,1,"2022_9_26_13-11-07_120.jpg",0,0,0.08,0,0.06,0,0.38,0.01,0,0.01,0,0.04,0,0,0.41,0.01,0,0,0
1,661,"5_1",5,1,"2022_9_26_13-11-07_576.jpg",0,0,0,0.06,0.04,0,0.06,0,0.01,0,0.2,0.1,0.01,0,0.2,0,0.02,0,0
1,607,"5_1",5,1,"2022_9_26_13-11-07_192.jpg",0,0.01,0.04,0.01,0,0,0.17,0.03,0,0,0.03,0.01,0.03,0,0.53,0,0.08,0,0
1,641,"5_1",5,1,"2022_9_26_13-11-07_448.jpg",0.01,0.06,0.05,0.34,0.11,0,0.03,0,0,0,0.36,0,0,0,0.02,0,0,0.01,0
1,684,"5_1",5,1,"2022_9_26_13-11-07_744.jpg",0.02,0,0,0,0.01,0,0.23,0.11,0,0,0.02,0,0.26,0,0.15,0.02,0,0.01,0
1,633,"5_1",5,1,"2022_9_26_13-11-07_384.jpg",0.01,0.08,0,0.05,0,0,0,0,0,0,0.14,0,0.68,0,0.03,0,0,0,0
1,628,"5_1",5,1,"2022_9_26_13-11-07_344.jpg",0.11,0.01,0.12,0.49,0,0,0.19,0,0,0,0,0.01,0,0,0.02,0,0,0,0.02
1,656,"5_1",5,1,"2022_9_26_13-11-07_544.jpg",0,0,0,0,0.01,0,0.12,0.02,0,0,0.03,0,0.4,0,0.27,0,0,0.01,0
1,655,"5_1",5,1,"2022_9_26_13-11-07_536.jpg",0,0,0.06,0,0,0,0.04,0,0,0,0.06,0,0.2,0,0.34,0,0,0,0
1,635,"5_1",5,1,"2022_9_26_13-11-07_40.jpg",0,0.11,0,0.01,0,0,0.04,0,0,0,0.69,0.01,0,0,0.09,0,0.03,0,0
1,672,"5_1",5,1,"2022_9_26_13-11-07_656.jpg",0,0.06,0.02,0.13,0.07,0,0.17,0.06,0,0,0,0.22,0,0,0.11,0.01,0,0,0.01
1,663,"5_1",5,1,"2022_9_26_13-11-07_592.jpg",0,0,0.03,0,0.04,0,0.01,0,0,0,0.1,0,0.61,0,0.09,0,0.01,0,0
1,631,"5_1",5,1,"2022_9_26_13-11-07_368.jpg",0.04,0.11,0,0.28,0,0,0.07,0,0,0,0,0,0.36,0,0.11,0,0,0,0
1,616,"5_1",5,1,"2022_9_26_13-11-07_256.jpg",0,0.11,0.02,0.15,0,0,0.03,0,0,0,0.01,0.01,0.41,0,0.26,0,0,0,0
1,648,"5_1",5,1,"2022_9_26_13-11-07_488.jpg",0,0.02,0.14,0.03,0.01,0,0.08,0,0,0,0.11,0,0.31,0.06,0.17,0,0,0,0
1,678,"5_1",5,1,"2022_9_26_13-11-07_704.jpg",0,0.01,0.02,0.12,0.02,0,0.18,0,0,0,0.04,0.03,0.19,0,0.1,0,0,0,0
1,612,"5_1",5,1,"2022_9_26_13-11-07_232.jpg",0,0,0,0,0,0,0.27,0,0,0,0.13,0,0.17,0,0.39,0,0,0.01,0
1,611,"5_1",5,1,"2022_9_26_13-11-07_224.jpg",0.01,0,0,0.01,0.08,0,0.13,0.1,0.01,0,0.15,0,0.12,0,0.35,0,0,0,0
1,669,"5_1",5,1,"2022_9_26_13-11-07_64.jpg",0.01,0.2,0,0.03,0,0,0.06,0,0,0,0.53,0.01,0,0,0.13,0,0.02,0,0
1,676,"5_1",5,1,"2022_9_26_13-11-07_688.jpg",0,0.01,0.03,0.24,0,0,0.07,0,0,0,0.09,0.01,0.15,0,0.08,0.01,0,0,0.01
1,630,"5_1",5,1,"2022_9_26_13-11-07_360.jpg",0.02,0,0.02,0.49,0,0,0.43,0,0,0,0.01,0,0,0,0.03,0,0,0,0
1,632,"5_1",5,1,"2022_9_26_13-11-07_376.jpg",0.04,0.02,0.15,0.36,0.03,0,0.05,0.06,0,0,0.14,0,0.03,0,0.11,0,0,0,0
1,653,"5_1",5,1,"2022_9_26_13-11-07_520.jpg",0,0.03,0.01,0,0,0,0.09,0.02,0,0,0.42,0.01,0.3,0,0.07,0,0,0,0
1,667,"5_1",5,1,"2022_9_26_13-11-07_624.jpg",0,0,0.04,0.02,0.06,0,0.17,0,0,0,0,0.06,0.1,0,0.15,0,0,0,0
1,596,"5_1",5,1,"2022_9_26_13-11-07_112.jpg",0,0,0,0,0,0,0.17,0,0,0,0.63,0,0,0,0.2,0,0,0,0
1,652,"5_1",5,1,"2022_9_26_13-11-07_512.jpg",0,0.04,0,0,0,0,0.14,0.03,0,0,0.34,0,0.23,0,0.05,0,0,0,0.01
1,610,"5_1",5,1,"2022_9_26_13-11-07_216.jpg",0.03,0.22,0,0.03,0.09,0,0.1,0,0,0,0.01,0.02,0.17,0,0.16,0.01,0,0,0.01
1,645,"5_1",5,1,"2022_9_26_13-11-07_472.jpg",0.03,0.06,0.06,0.17,0.01,0,0.03,0,0,0,0.15,0,0.12,0,0.26,0,0.01,0,0
1,608,"5_1",5,1,"2022_9_26_13-11-07_200.jpg",0,0.01,0.05,0,0.03,0.01,0.24,0.01,0,0,0.17,0,0.06,0,0.23,0.01,0.01,0.01,0
1,636,"5_1",5,1,"2022_9_26_13-11-07_400.jpg",0,0,0.02,0,0.01,0,0.08,0.07,0,0,0.35,0,0.38,0,0.05,0.01,0,0,0
1,624,"5_1",5,1,"2022_9_26_13-11-07_32.jpg",0,0.36,0.01,0.02,0,0,0.04,0,0,0,0.34,0,0,0,0.19,0,0,0,0
1,647,"5_1",5,1,"2022_9_26_13-11-07_480.jpg",0,0.02,0.07,0.07,0,0,0.09,0.04,0,0,0.02,0,0.51,0,0.13,0,0,0,0
1,621,"5_1",5,1,"2022_9_26_13-11-07_296.jpg",0.05,0.04,0.09,0.44,0,0,0.09,0.02,0,0,0,0.01,0.05,0,0.06,0,0,0,0.01
1,657,"5_1",5,1,"2022_9_26_13-11-07_552.jpg",0,0.01,0.12,0,0.03,0,0.26,0.04,0,0,0,0.01,0.31,0,0.14,0,0,0,0.01
1,640,"5_1",5,1,"2022_9_26_13-11-07_440.jpg",0.03,0.01,0.11,0.23,0.01,0,0.04,0,0,0,0.36,0,0.04,0,0.1,0,0,0,0
1,613,"5_1",5,1,"2022_9_26_13-11-07_24.jpg",0,0.27,0.05,0.15,0.06,0,0.08,0,0,0,0.06,0.02,0,0,0.25,0,0,0,0
1,595,"5_1",5,1,"2022_9_26_13-11-07_104.jpg",0.02,0.02,0,0,0,0,0.17,0,0,0.05,0,0,0,0,0.68,0,0,0,0
1,650,"5_1",5,1,"2022_9_26_13-11-07_496.jpg",0,0.01,0,0,0,0,0.01,0.02,0,0,0.06,0,0.36,0,0.53,0,0,0,0
1,649,"5_1",5,1,"2022_9_26_13-11-07_496.jpg",0,0.01,0,0,0,0,0.01,0.02,0,0,0.06,0,0.36,0,0.53,0,0,0,0
1,675,"5_1",5,1,"2022_9_26_13-11-07_680.jpg",0,0.01,0.04,0.19,0,0,0.15,0,0,0,0.04,0,0.25,0,0.15,0,0.01,0,0
1,721,"5_2",5,2,"2022_9_26_13-33-08_304.jpg",0.04,0,0.09,0.45,0,0,0.09,0,0,0,0,0,0.29,0,0.04,0,0,0,0
1,726,"5_2",5,2,"2022_9_26_13-33-08_336.jpg",0,0.14,0,0.42,0,0,0,0,0,0,0,0,0.12,0,0.32,0,0,0,0
1,711,"5_2",5,2,"2022_9_26_13-33-08_232.jpg",0,0.04,0.04,0.64,0,0,0.04,0,0,0,0,0.06,0.12,0,0.02,0,0,0,0
1,727,"5_2",5,2,"2022_9_26_13-33-08_344.jpg",0.02,0.14,0,0.02,0,0,0,0,0,0,0.12,0,0.34,0,0.36,0,0,0,0
1,704,"5_2",5,2,"2022_9_26_13-33-08_176.jpg",0,0,0.06,0.32,0,0,0.34,0,0,0,0,0,0.04,0,0.12,0,0,0,0
1,756,"5_2",5,2,"2022_9_26_13-33-08_56.jpg",0.02,0.3,0,0.04,0,0,0.16,0,0,0,0.43,0,0,0,0.01,0,0,0,0
1,732,"5_2",5,2,"2022_9_26_13-33-08_384.jpg",0.02,0,0.14,0.8,0.02,0,0,0,0,0,0,0,0,0,0.02,0,0,0,0
1,757,"5_2",5,2,"2022_9_26_13-33-08_560.jpg",0.04,0.16,0,0.6,0,0,0.04,0,0,0,0.12,0,0,0,0.02,0,0,0,0
1,723,"5_2",5,2,"2022_9_26_13-33-08_32.jpg",0,0.11,0,0.07,0,0,0.07,0,0,0,0.15,0,0.48,0,0,0,0,0,0
1,764,"5_2",5,2,"2022_9_26_13-33-08_72.jpg",0.15,0.37,0,0.02,0,0,0.22,0,0,0,0.15,0,0,0,0.05,0,0.02,0,0
1,714,"5_2",5,2,"2022_9_26_13-33-08_248.jpg",0,0.06,0.32,0.48,0.02,0,0,0,0,0,0,0.02,0,0,0.02,0,0,0,0
1,747,"5_2",5,2,"2022_9_26_13-33-08_488.jpg",0,0,0,0,0,0,0.24,0,0,0,0.04,0.02,0.38,0,0.1,0,0,0,0
1,730,"5_2",5,2,"2022_9_26_13-33-08_368.jpg",0,0,0.22,0.1,0,0,0.04,0.18,0,0,0,0,0.2,0,0.2,0,0,0,0
1,722,"5_2",5,2,"2022_9_26_13-33-08_312.jpg",0.14,0.06,0.14,0.64,0,0,0,0,0,0,0,0,0,0,0.02,0,0,0,0
1,696,"5_2",5,2,"2022_9_26_13-33-08_120.jpg",0.04,0.28,0.02,0.14,0,0,0.02,0,0,0,0.1,0,0.33,0,0.06,0,0,0.01,0
1,762,"5_2",5,2,"2022_9_26_13-33-08_600.jpg",0.12,0.18,0,0.22,0,0,0.1,0,0,0,0.18,0.02,0,0,0.02,0,0,0,0
1,729,"5_2",5,2,"2022_9_26_13-33-08_360.jpg",0,0.04,0.04,0.18,0.04,0,0.04,0,0,0,0.04,0,0.5,0,0.12,0,0,0,0
1,760,"5_2",5,2,"2022_9_26_13-33-08_584.jpg",0.1,0.06,0.04,0.3,0,0,0.12,0,0,0,0.14,0.02,0.14,0,0.04,0,0.02,0,0
1,743,"5_2",5,2,"2022_9_26_13-33-08_464.jpg",0,0.04,0.02,0.36,0,0,0.24,0.02,0,0,0.12,0.04,0.04,0,0.08,0,0,0,0
1,709,"5_2",5,2,"2022_9_26_13-33-08_216.jpg",0,0.02,0.06,0.36,0,0,0.22,0,0,0,0,0.06,0.04,0,0.12,0,0,0,0
1,753,"5_2",5,2,"2022_9_26_13-33-08_536.jpg",0.01,0.01,0.19,0.59,0,0,0.08,0,0,0,0.01,0,0,0,0.02,0,0,0,0.04
1,701,"5_2",5,2,"2022_9_26_13-33-08_16.jpg",0.07,0.41,0,0.16,0,0,0.08,0,0,0,0.09,0,0,0,0.08,0,0.03,0,0
1,740,"5_2",5,2,"2022_9_26_13-33-08_440.jpg",0.14,0.1,0.02,0.32,0,0,0.12,0,0,0,0.02,0.02,0.16,0,0.08,0,0,0,0
1,713,"5_2",5,2,"2022_9_26_13-33-08_240.jpg",0,0,0.22,0.64,0.06,0,0,0,0,0,0,0,0,0,0.02,0,0,0,0
1,736,"5_2",5,2,"2022_9_26_13-33-08_408.jpg",0,0.12,0.08,0.2,0.02,0,0.02,0,0,0,0.1,0,0.04,0,0.3,0,0,0,0
1,694,"5_2",5,2,"2022_9_26_13-33-08_104.jpg",0.01,0.19,0.01,0.02,0,0,0.19,0,0,0,0,0.02,0.48,0,0.01,0,0,0,0
1,698,"5_2",5,2,"2022_9_26_13-33-08_136.jpg",0,0.3,0.02,0.56,0,0,0.1,0,0,0,0,0.02,0,0,0,0,0,0,0
1,746,"5_2",5,2,"2022_9_26_13-33-08_480.jpg",0.02,0.02,0.04,0.32,0,0,0.26,0,0,0,0,0,0.18,0,0.04,0,0,0,0
1,717,"5_2",5,2,"2022_9_26_13-33-08_272.jpg",0,0,0.05,0.91,0,0,0.04,0,0,0,0,0,0,0,0,0,0,0,0
1,695,"5_2",5,2,"2022_9_26_13-33-08_112.jpg",0.02,0.26,0,0.03,0,0,0.17,0,0,0,0,0,0.32,0,0.07,0,0,0,0
1,737,"5_2",5,2,"2022_9_26_13-33-08_416.jpg",0.06,0,0,0.16,0.1,0,0.02,0,0,0,0.46,0.02,0,0,0.18,0,0,0,0
1,741,"5_2",5,2,"2022_9_26_13-33-08_448.jpg",0.04,0.02,0,0.16,0,0,0.04,0.06,0,0,0,0,0.56,0,0.06,0,0,0,0
1,766,"5_2",5,2,"2022_9_26_13-33-08_80.jpg",0.06,0.37,0.01,0,0,0,0,0,0,0,0,0,0.16,0,0.38,0,0.02,0,0
1,752,"5_2",5,2,"2022_9_26_13-33-08_528.jpg",0.03,0.03,0.13,0.45,0,0,0.28,0,0,0,0,0,0,0,0.06,0,0,0,0
1,745,"5_2",5,2,"2022_9_26_13-33-08_48.jpg",0,0.11,0,0.05,0,0,0.15,0,0,0,0.56,0.01,0,0,0,0,0,0,0
1,763,"5_2",5,2,"2022_9_26_13-33-08_64.jpg",0.26,0.49,0,0.02,0,0,0.19,0,0,0,0,0,0,0,0.03,0,0,0,0
1,739,"5_2",5,2,"2022_9_26_13-33-08_432.jpg",0.06,0.1,0.08,0.3,0.04,0,0.02,0.04,0,0,0.16,0,0.16,0,0.04,0,0,0,0
1,719,"5_2",5,2,"2022_9_26_13-33-08_288.jpg",0,0.06,0.14,0.52,0.02,0,0.02,0,0,0,0,0,0,0,0.02,0,0,0,0
1,758,"5_2",5,2,"2022_9_26_13-33-08_568.jpg",0.02,0.08,0.04,0.46,0,0,0.06,0,0,0,0.16,0.02,0.14,0,0.02,0,0,0,0
1,767,"5_2",5,2,"2022_9_26_13-33-08_88.jpg",0.04,0.16,0,0,0.11,0,0.18,0,0,0,0.25,0,0,0,0.03,0,0,0.04,0
1,707,"5_2",5,2,"2022_9_26_13-33-08_200.jpg",0,0,0.24,0.06,0,0,0.28,0,0,0,0,0,0,0,0.24,0,0,0,0
1,702,"5_2",5,2,"2022_9_26_13-33-08_160.jpg",0,0.16,0.04,0.58,0,0,0.18,0,0,0,0,0.02,0,0,0,0,0,0,0
1,699,"5_2",5,2,"2022_9_26_13-33-08_144.jpg",0,0.24,0.08,0.4,0,0,0.12,0,0,0,0,0,0,0,0,0,0,0,0.04
1,697,"5_2",5,2,"2022_9_26_13-33-08_128.jpg",0,0.25,0,0.37,0,0,0.32,0,0,0,0.03,0,0,0,0.01,0,0,0,0
1,750,"5_2",5,2,"2022_9_26_13-33-08_512.jpg",0,0.04,0.27,0.57,0,0,0.03,0,0,0,0,0,0,0,0.05,0,0,0,0
1,755,"5_2",5,2,"2022_9_26_13-33-08_552.jpg",0.02,0.06,0,0.6,0,0,0.1,0,0,0,0.08,0.04,0,0,0.02,0,0,0,0.02
1,748,"5_2",5,2,"2022_9_26_13-33-08_496.jpg",0,0.1,0.02,0.32,0,0,0.26,0,0,0,0.06,0,0.12,0,0.04,0,0,0,0
1,749,"5_2",5,2,"2022_9_26_13-33-08_504.jpg",0,0.02,0.04,0.52,0,0,0.18,0,0,0,0.06,0,0,0,0.1,0,0,0,0
1,735,"5_2",5,2,"2022_9_26_13-33-08_400.jpg",0.08,0.18,0.08,0.34,0,0,0.04,0.04,0,0,0,0,0.14,0,0.1,0,0,0,0
1,720,"5_2",5,2,"2022_9_26_13-33-08_296.jpg",0.01,0,0.36,0.31,0.01,0,0.25,0,0,0,0,0.01,0,0,0.05,0,0,0,0
1,903,"6_1",6,1,"2022_8_15_09-59-38_96.jpg",0.04,0.06,0.04,0.02,0,0,0.03,0,0,0,0.77,0.01,0,0,0.01,0,0,0,0.02
1,887,"6_1",6,1,"2022_8_15_09-59-38_656.jpg",0,0,0.02,0,0,0,0.12,0,0,0.34,0.25,0.2,0,0,0.05,0.02,0,0,0
1,859,"6_1",6,1,"2022_8_15_09-59-38_456.jpg",0,0,0.02,0,0.05,0,0.05,0,0,0.21,0.23,0.19,0.04,0,0.21,0,0,0,0
1,860,"6_1",6,1,"2022_8_15_09-59-38_464.jpg",0,0,0,0,0.01,0,0.13,0,0,0.15,0.28,0.28,0,0.03,0.12,0,0,0,0
1,837,"6_1",6,1,"2022_8_15_09-59-38_296.jpg",0.04,0.06,0.03,0.07,0.03,0,0.02,0,0,0.05,0.56,0.04,0,0,0.09,0,0,0,0
1,881,"6_1",6,1,"2022_8_15_09-59-38_616.jpg",0,0.01,0,0,0,0,0.05,0.02,0,0.08,0.2,0.4,0,0,0.24,0,0,0,0
1,832,"6_1",6,1,"2022_8_15_09-59-38_256.jpg",0,0.05,0,0,0,0,0.02,0,0,0.27,0.44,0.06,0,0,0.16,0,0,0,0
1,835,"6_1",6,1,"2022_8_15_09-59-38_280.jpg",0.02,0.04,0.05,0.01,0.06,0,0.06,0,0.01,0.01,0.57,0.13,0,0,0.04,0,0,0,0
1,844,"6_1",6,1,"2022_8_15_09-59-38_344.jpg",0,0,0.08,0.01,0,0,0.07,0,0,0.34,0.41,0.05,0,0,0.04,0,0,0,0
1,836,"6_1",6,1,"2022_8_15_09-59-38_288.jpg",0,0.06,0.01,0.11,0.01,0,0.04,0,0,0.06,0.61,0.05,0,0,0.01,0,0,0,0.04
1,889,"6_1",6,1,"2022_8_15_09-59-38_672.jpg",0,0.01,0.01,0.06,0,0,0.12,0,0,0.09,0.28,0.33,0,0,0.08,0,0,0,0.01
1,839,"6_1",6,1,"2022_8_15_09-59-38_312.jpg",0.01,0.08,0.01,0.01,0,0,0.02,0,0,0.17,0.25,0.32,0,0,0.13,0,0,0,0
1,867,"6_1",6,1,"2022_8_15_09-59-38_512.jpg",0,0,0.03,0.01,0,0,0.12,0,0,0.2,0.4,0.19,0,0,0.05,0,0,0,0
1,865,"6_1",6,1,"2022_8_15_09-59-38_496.jpg",0,0,0,0,0,0,0.23,0.03,0,0.34,0.02,0.23,0,0,0.15,0,0,0,0
1,834,"6_1",6,1,"2022_8_15_09-59-38_272.jpg",0.03,0.03,0.01,0.02,0,0,0.01,0,0,0.16,0.57,0.07,0,0,0.1,0,0,0,0
1,902,"6_1",6,1,"2022_8_15_09-59-38_88.jpg",0.25,0.23,0.07,0.02,0,0,0.13,0,0,0,0.02,0.03,0,0,0.25,0,0,0,0
1,870,"6_1",6,1,"2022_8_15_09-59-38_536.jpg",0,0.01,0.05,0.01,0,0,0.1,0,0,0.09,0.17,0.49,0,0,0.08,0,0,0,0
1,853,"6_1",6,1,"2022_8_15_09-59-38_408.jpg",0,0.01,0.06,0.01,0,0,0.12,0,0,0.05,0.24,0.07,0,0,0.35,0,0,0,0
1,901,"6_1",6,1,"2022_8_15_09-59-38_80.jpg",0.23,0.22,0.07,0.05,0,0,0.13,0,0,0,0,0.07,0,0,0.23,0,0,0,0
1,892,"6_1",6,1,"2022_8_15_09-59-38_696.jpg",0,0,0.02,0,0,0,0.26,0,0,0.28,0.03,0.31,0,0,0.1,0,0,0,0
1,862,"6_1",6,1,"2022_8_15_09-59-38_48.jpg",0.26,0.26,0.03,0.05,0,0,0.11,0,0,0,0,0.07,0,0,0.22,0,0,0,0
1,816,"6_1",6,1,"2022_8_15_09-59-38_144.jpg",0.01,0.06,0,0.07,0,0,0,0,0,0,0.86,0,0,0,0,0,0,0,0
1,864,"6_1",6,1,"2022_8_15_09-59-38_488.jpg",0,0,0.01,0,0,0,0.16,0,0,0.12,0,0.58,0,0,0.13,0,0,0,0
1,812,"6_1",6,1,"2022_8_15_09-59-38_112.jpg",0.15,0.12,0.01,0.04,0,0,0.05,0,0,0,0.6,0.02,0,0,0.01,0,0,0,0
1,846,"6_1",6,1,"2022_8_15_09-59-38_360.jpg",0,0,0,0,0.02,0,0.12,0,0,0.08,0.2,0.09,0,0,0,0.01,0,0,0.05
1,898,"6_1",6,1,"2022_8_15_09-59-38_736.jpg",0,0.02,0,0,0,0,0.12,0,0,0.21,0,0.22,0,0,0.43,0,0,0,0
1,838,"6_1",6,1,"2022_8_15_09-59-38_304.jpg",0,0.04,0,0,0,0,0.04,0,0,0.07,0.57,0.15,0,0.02,0.09,0,0,0,0.02
1,857,"6_1",6,1,"2022_8_15_09-59-38_440.jpg",0.01,0,0.03,0,0,0,0.09,0,0,0.13,0.39,0.23,0,0,0.12,0,0,0,0
1,884,"6_1",6,1,"2022_8_15_09-59-38_64.jpg",0.36,0.28,0.05,0.09,0,0,0.09,0,0,0,0,0.08,0,0,0.05,0,0,0,0
1,847,"6_1",6,1,"2022_8_15_09-59-38_368.jpg",0,0,0.02,0,0.04,0,0.11,0,0,0.09,0.17,0.41,0,0,0.13,0.03,0,0,0
1,821,"6_1",6,1,"2022_8_15_09-59-38_176.jpg",0.02,0.06,0.02,0.01,0,0,0.03,0,0,0.06,0.74,0,0,0.02,0.04,0,0,0,0
1,814,"6_1",6,1,"2022_8_15_09-59-38_128.jpg",0.06,0.04,0.06,0.01,0,0,0.03,0,0.02,0.01,0.72,0.01,0,0,0.01,0,0,0,0.03
1,825,"6_1",6,1,"2022_8_15_09-59-38_208.jpg",0.02,0.01,0.05,0.09,0,0,0.02,0,0,0.06,0.71,0.03,0,0,0,0,0,0,0
1,856,"6_1",6,1,"2022_8_15_09-59-38_432.jpg",0,0,0,0,0,0,0.08,0,0,0.35,0.26,0.25,0,0,0.06,0,0,0,0
1,817,"6_1",6,1,"2022_8_15_09-59-38_152.jpg",0,0.1,0,0.1,0,0,0.12,0,0,0,0.67,0,0,0,0,0,0,0,0
1,893,"6_1",6,1,"2022_8_15_09-59-38_704.jpg",0,0,0.01,0,0.03,0,0.08,0,0,0.07,0,0.59,0,0,0.21,0,0,0,0
1,840,"6_1",6,1,"2022_8_15_09-59-38_32.jpg",0.23,0.3,0.16,0.09,0.02,0,0.11,0,0,0,0,0.04,0,0,0.05,0,0,0,0
1,871,"6_1",6,1,"2022_8_15_09-59-38_544.jpg",0,0,0.04,0.05,0.01,0,0.22,0,0,0.14,0.08,0.33,0,0,0.13,0,0,0,0
1,831,"6_1",6,1,"2022_8_15_09-59-38_248.jpg",0,0.03,0.06,0.03,0.02,0,0.03,0,0,0.08,0.54,0.04,0,0,0.17,0,0,0,0
1,852,"6_1",6,1,"2022_8_15_09-59-38_400.jpg",0,0,0,0.07,0.02,0,0.03,0,0,0.18,0.32,0.21,0,0.01,0.12,0,0,0,0
1,861,"6_1",6,1,"2022_8_15_09-59-38_472.jpg",0,0,0.03,0,0,0,0.11,0,0,0.13,0.03,0.42,0,0,0.28,0,0,0,0
1,872,"6_1",6,1,"2022_8_15_09-59-38_552.jpg",0,0,0,0,0,0,0.08,0,0,0.12,0.08,0.46,0,0,0.17,0,0,0,0
1,873,"6_1",6,1,"2022_8_15_09-59-38_56.jpg",0.35,0.29,0.04,0.08,0.01,0,0.09,0,0,0,0,0.12,0,0,0.02,0,0,0,0
1,845,"6_1",6,1,"2022_8_15_09-59-38_352.jpg",0,0.01,0.15,0.04,0,0,0.04,0,0,0.23,0.31,0.09,0,0,0.13,0,0,0,0
1,899,"6_1",6,1,"2022_8_15_09-59-38_744.jpg",0,0,0.01,0,0,0,0.14,0,0,0.1,0.09,0.3,0,0,0.31,0,0,0,0
1,811,"6_1",6,1,"2022_8_15_09-59-38_104.jpg",0.12,0.05,0.18,0.16,0,0,0.03,0,0,0,0.28,0.11,0,0,0.07,0,0,0,0
1,810,"6_1",6,1,"2022_8_15_09-59-38_0.jpg",0.01,0.1,0.03,0.7,0,0,0.02,0,0,0,0,0.03,0,0,0.09,0,0,0,0
1,850,"6_1",6,1,"2022_8_15_09-59-38_392.jpg",0,0.01,0.04,0,0,0,0.11,0,0,0.26,0.25,0.13,0,0,0.15,0.02,0,0,0
1,875,"6_1",6,1,"2022_8_15_09-59-38_568.jpg",0,0,0,0,0,0,0.17,0,0,0,0,0.67,0,0,0.15,0,0,0,0
1,858,"6_1",6,1,"2022_8_15_09-59-38_448.jpg",0,0,0,0,0,0,0.07,0,0,0.45,0.37,0.08,0,0,0.03,0,0,0,0
1,942,"6_2",6,2,"2022_8_15_10-21-13_376.jpg",0.03,0.07,0.01,0.07,0,0,0.01,0,0,0,0.77,0.01,0,0,0.03,0,0,0,0
1,905,"6_2",6,2,"2022_8_15_10-21-13_104.jpg",0.04,0.01,0,0.08,0,0,0.09,0,0,0,0.78,0,0,0,0,0,0,0,0
1,910,"6_2",6,2,"2022_8_15_10-21-13_144.jpg",0.11,0.15,0.04,0.02,0,0,0.09,0,0,0,0.59,0,0,0,0,0,0,0,0
1,929,"6_2",6,2,"2022_8_15_10-21-13_280.jpg",0,0,0.02,0.05,0,0,0.22,0,0,0.15,0.09,0.27,0,0,0.12,0,0,0,0
1,920,"6_2",6,2,"2022_8_15_10-21-13_216.jpg",0,0,0.07,0.02,0,0,0.17,0,0,0.09,0.26,0.22,0,0,0.17,0,0,0,0
1,925,"6_2",6,2,"2022_8_15_10-21-13_248.jpg",0,0,0.03,0,0.01,0,0.12,0,0,0.24,0.3,0.17,0,0,0.12,0,0,0,0.01
1,947,"6_2",6,2,"2022_8_15_10-21-13_408.jpg",0.06,0.05,0.02,0.03,0,0,0.1,0,0,0,0.63,0.06,0,0,0.05,0,0,0,0
1,914,"6_2",6,2,"2022_8_15_10-21-13_168.jpg",0.08,0.02,0.02,0,0,0,0.12,0,0,0,0.75,0.01,0,0,0,0,0,0,0
1,941,"6_2",6,2,"2022_8_15_10-21-13_368.jpg",0.06,0.08,0,0.06,0.01,0,0.09,0,0,0.03,0.44,0.02,0.2,0,0.01,0,0,0,0
1,924,"6_2",6,2,"2022_8_15_10-21-13_240.jpg",0,0,0.08,0,0.01,0,0.16,0,0,0.01,0.19,0.17,0,0,0.38,0,0,0,0
1,944,"6_2",6,2,"2022_8_15_10-21-13_392.jpg",0.03,0.09,0,0,0,0,0.06,0,0,0.01,0.8,0,0,0,0.01,0,0,0,0
1,915,"6_2",6,2,"2022_8_15_10-21-13_176.jpg",0.09,0.03,0.09,0,0,0,0.22,0,0,0.06,0.33,0.06,0,0,0.1,0,0,0,0
1,949,"6_2",6,2,"2022_8_15_10-21-13_424.jpg",0,0.01,0,0,0,0,0.05,0,0,0.01,0.51,0.12,0,0,0.3,0,0,0,0
1,934,"6_2",6,2,"2022_8_15_10-21-13_32.jpg",0.24,0.23,0.04,0.02,0,0,0.11,0,0,0,0.36,0,0,0,0,0,0,0,0
1,916,"6_2",6,2,"2022_8_15_10-21-13_184.jpg",0.03,0.02,0.02,0.02,0.01,0,0.28,0,0,0.08,0.37,0.04,0,0,0.09,0,0,0,0
1,907,"6_2",6,2,"2022_8_15_10-21-13_120.jpg",0.12,0.04,0.01,0.09,0,0,0.01,0,0,0.01,0.7,0.02,0,0,0,0,0,0,0
1,933,"6_2",6,2,"2022_8_15_10-21-13_312.jpg",0,0.02,0,0,0,0,0.13,0,0,0,0.12,0.17,0,0,0.56,0,0,0,0
1,958,"6_2",6,2,"2022_8_15_10-21-13_88.jpg",0.03,0.07,0,0.08,0,0,0.04,0,0,0,0.78,0,0,0,0,0,0,0,0
1,937,"6_2",6,2,"2022_8_15_10-21-13_336.jpg",0.01,0.02,0,0.02,0,0,0.01,0,0,0,0.62,0.07,0.13,0,0.12,0,0,0,0
1,953,"6_2",6,2,"2022_8_15_10-21-13_56.jpg",0.09,0.2,0.05,0.08,0,0,0.11,0,0,0,0.42,0,0,0,0.05,0,0,0,0
1,948,"6_2",6,2,"2022_8_15_10-21-13_416.jpg",0.04,0.02,0,0.03,0,0,0.05,0,0,0,0.64,0.05,0.1,0,0.07,0,0,0,0
1,956,"6_2",6,2,"2022_8_15_10-21-13_8.jpg",0.11,0.37,0.03,0.17,0,0,0.23,0,0,0,0,0.05,0,0,0.02,0,0,0,0.02
1,913,"6_2",6,2,"2022_8_15_10-21-13_160.jpg",0.07,0.03,0,0.03,0,0,0.2,0,0,0,0.65,0.02,0,0,0,0,0,0,0
1,928,"6_2",6,2,"2022_8_15_10-21-13_272.jpg",0,0.01,0.03,0.01,0,0,0.13,0,0,0.26,0.28,0.08,0,0.08,0.04,0.06,0,0,0
1,946,"6_2",6,2,"2022_8_15_10-21-13_400.jpg",0.01,0.05,0,0.04,0.03,0,0.02,0,0,0,0.38,0.22,0.15,0,0.08,0,0,0,0
1,922,"6_2",6,2,"2022_8_15_10-21-13_232.jpg",0,0,0.03,0,0.01,0,0.11,0,0,0.1,0.09,0.29,0,0,0.37,0,0,0,0
1,945,"6_2",6,2,"2022_8_15_10-21-13_40.jpg",0.05,0.18,0.02,0.05,0,0,0.11,0,0,0,0.58,0,0,0,0,0,0,0,0
1,926,"6_2",6,2,"2022_8_15_10-21-13_256.jpg",0,0.01,0.01,0.02,0.02,0,0.08,0,0,0.11,0.37,0.3,0,0,0.07,0,0,0,0
1,950,"6_2",6,2,"2022_8_15_10-21-13_432.jpg",0.03,0.01,0.02,0,0,0,0.16,0,0,0.06,0,0.11,0,0,0.61,0,0,0,0
1,959,"6_2",6,2,"2022_8_15_10-21-13_96.jpg",0.02,0.03,0.03,0.07,0,0,0.02,0,0,0,0.82,0,0,0,0.01,0,0,0,0
1,923,"6_2",6,2,"2022_8_15_10-21-13_24.jpg",0.16,0.31,0.04,0.07,0,0,0.16,0,0,0,0.01,0.2,0.03,0,0.02,0,0,0,0
1,930,"6_2",6,2,"2022_8_15_10-21-13_288.jpg",0,0.01,0,0.01,0,0,0.19,0.02,0,0,0.32,0.21,0,0,0.15,0.01,0,0,0
1,911,"6_2",6,2,"2022_8_15_10-21-13_152.jpg",0.07,0,0.01,0.05,0,0,0.08,0,0,0,0.75,0.03,0,0,0.01,0,0,0,0
1,931,"6_2",6,2,"2022_8_15_10-21-13_296.jpg",0.01,0.01,0.02,0.08,0,0,0.05,0,0,0.02,0.21,0.04,0,0,0.18,0.01,0,0,0
1,908,"6_2",6,2,"2022_8_15_10-21-13_128.jpg",0.08,0.12,0.01,0.11,0,0,0.05,0,0,0,0.58,0,0,0,0.04,0,0,0,0
1,939,"6_2",6,2,"2022_8_15_10-21-13_352.jpg",0.01,0.13,0,0.03,0,0,0.01,0,0,0,0.58,0.08,0,0,0.16,0,0,0,0
1,943,"6_2",6,2,"2022_8_15_10-21-13_384.jpg",0.01,0.08,0,0.02,0,0,0.17,0,0,0,0.68,0,0,0,0.04,0,0,0,0
1,919,"6_2",6,2,"2022_8_15_10-21-13_208.jpg",0,0.01,0.02,0.01,0,0,0.23,0,0,0.26,0.26,0.06,0,0,0.14,0,0,0,0.01
1,951,"6_2",6,2,"2022_8_15_10-21-13_440.jpg",0.02,0.07,0.01,0.02,0,0,0.22,0,0,0.03,0.2,0.14,0,0,0.28,0,0,0,0
1,954,"6_2",6,2,"2022_8_15_10-21-13_64.jpg",0.02,0.05,0,0,0,0,0.03,0,0,0,0.9,0,0,0,0,0,0,0,0
1,952,"6_2",6,2,"2022_8_15_10-21-13_48.jpg",0.06,0.04,0.01,0.01,0,0,0.08,0,0,0,0.78,0,0,0,0.01,0,0,0,0
1,918,"6_2",6,2,"2022_8_15_10-21-13_200.jpg",0.01,0.03,0.04,0.03,0,0,0.17,0,0,0.12,0.46,0.06,0,0,0.06,0,0,0,0
1,936,"6_2",6,2,"2022_8_15_10-21-13_328.jpg",0.05,0.1,0,0.02,0,0,0.1,0,0,0,0.41,0.06,0.06,0,0.2,0,0,0,0
1,932,"6_2",6,2,"2022_8_15_10-21-13_304.jpg",0,0.01,0,0.03,0,0,0.15,0,0,0,0.25,0.09,0.05,0,0.26,0,0,0,0
1,906,"6_2",6,2,"2022_8_15_10-21-13_112.jpg",0.01,0.05,0,0.08,0,0,0.06,0,0,0,0.79,0,0,0,0.01,0,0,0,0
1,912,"6_2",6,2,"2022_8_15_10-21-13_16.jpg",0.35,0.32,0,0.17,0,0,0.04,0,0,0,0,0.03,0,0,0.08,0,0,0,0
1,909,"6_2",6,2,"2022_8_15_10-21-13_136.jpg",0.11,0.2,0.05,0.04,0,0,0.03,0,0,0.01,0.52,0.04,0,0,0,0,0,0,0
1,940,"6_2",6,2,"2022_8_15_10-21-13_360.jpg",0.08,0.1,0,0.08,0,0,0.04,0,0,0,0.64,0,0,0,0.05,0,0,0,0
1,917,"6_2",6,2,"2022_8_15_10-21-13_192.jpg",0,0.03,0.02,0,0.02,0,0.17,0,0,0.09,0.28,0.16,0,0.18,0.05,0,0,0,0
1,904,"6_2",6,2,"2022_8_15_10-21-13_0.jpg",0.09,0.4,0.03,0.11,0,0,0.18,0,0,0,0,0.15,0,0,0.04,0,0,0,0
1,1038,"6_3",6,3,"2022_8_15_10-53-49_96.jpg",0.11,0.34,0,0.18,0,0,0.16,0,0,0,0.1,0.01,0.08,0,0.01,0,0,0,0
1,1007,"6_3",6,3,"2022_8_15_10-53-49_440.jpg",0.15,0.15,0.07,0.12,0.03,0,0.02,0.02,0,0,0.37,0.04,0,0,0.03,0,0,0,0
1,977,"6_3",6,3,"2022_8_15_10-53-49_224.jpg",0.09,0.07,0.02,0.04,0,0,0.05,0,0,0,0.69,0,0,0,0.04,0,0,0,0
1,1010,"6_3",6,3,"2022_8_15_10-53-49_464.jpg",0.01,0.36,0,0.12,0.05,0,0.01,0,0,0,0.18,0,0.27,0,0,0,0,0,0
1,1000,"6_3",6,3,"2022_8_15_10-53-49_392.jpg",0.04,0.39,0.09,0.2,0,0.01,0.13,0,0,0,0.05,0,0,0,0.01,0,0,0,0
1,1034,"6_3",6,3,"2022_8_15_10-53-49_72.jpg",0,0.04,0.01,0.55,0,0,0.07,0,0,0,0.28,0,0,0,0.05,0,0,0,0
1,1023,"6_3",6,3,"2022_8_15_10-53-49_56.jpg",0.02,0.02,0,0.33,0,0,0.09,0,0,0,0.1,0.05,0.35,0,0.01,0,0.02,0,0
1,1028,"6_3",6,3,"2022_8_15_10-53-49_592.jpg",0.03,0.33,0.02,0.14,0,0,0.06,0,0,0,0.29,0.02,0.02,0,0.03,0,0,0,0
1,1025,"6_3",6,3,"2022_8_15_10-53-49_568.jpg",0.09,0.39,0.03,0.23,0,0,0.08,0,0,0,0.1,0.01,0,0,0.06,0,0,0,0
1,1031,"6_3",6,3,"2022_8_15_10-53-49_616.jpg",0.08,0.3,0.03,0.1,0,0,0.08,0,0,0,0.35,0,0.04,0,0,0,0,0,0
1,988,"6_3",6,3,"2022_8_15_10-53-49_304.jpg",0.07,0.17,0.03,0.2,0,0,0.08,0.01,0,0,0.4,0,0,0,0.02,0,0,0,0
1,972,"6_3",6,3,"2022_8_15_10-53-49_184.jpg",0.01,0.02,0.01,0.05,0.03,0,0,0,0,0,0.88,0,0,0,0,0,0,0,0
1,1016,"6_3",6,3,"2022_8_15_10-53-49_504.jpg",0.01,0.22,0,0.25,0,0,0,0,0,0,0.5,0.01,0,0,0.01,0,0,0,0
1,973,"6_3",6,3,"2022_8_15_10-53-49_192.jpg",0.04,0.39,0.11,0.07,0.01,0,0.01,0,0,0,0.32,0.03,0,0,0.02,0,0,0,0
1,1032,"6_3",6,3,"2022_8_15_10-53-49_624.jpg",0.04,0.35,0.02,0.16,0,0,0,0,0,0,0.43,0,0,0,0,0,0,0,0
1,996,"6_3",6,3,"2022_8_15_10-53-49_360.jpg",0,0.03,0.02,0.05,0,0,0.01,0,0,0,0.78,0.07,0,0,0.01,0,0.01,0,0.02
1,995,"6_3",6,3,"2022_8_15_10-53-49_352.jpg",0,0,0,0.01,0,0,0.01,0,0,0,0.97,0,0,0,0,0.01,0,0,0
1,976,"6_3",6,3,"2022_8_15_10-53-49_216.jpg",0.06,0.19,0.08,0.13,0,0,0.13,0,0,0,0.28,0.06,0,0,0.07,0,0,0,0
1,993,"6_3",6,3,"2022_8_15_10-53-49_336.jpg",0.08,0.3,0.06,0.1,0,0,0.14,0,0,0,0.06,0.12,0,0,0.08,0,0,0,0
1,1035,"6_3",6,3,"2022_8_15_10-53-49_8.jpg",0.24,0.01,0.06,0,0,0,0.08,0,0,0,0.32,0.01,0.23,0,0.03,0,0,0,0
1,987,"6_3",6,3,"2022_8_15_10-53-49_296.jpg",0,0.01,0.03,0.05,0,0,0.07,0,0,0,0.79,0,0,0,0.03,0,0,0,0
1,966,"6_3",6,3,"2022_8_15_10-53-49_144.jpg",0,0.02,0,0,0,0,0.02,0,0,0,0.86,0,0.06,0,0,0,0,0,0
1,1015,"6_3",6,3,"2022_8_15_10-53-49_496.jpg",0.01,0.09,0.14,0.05,0,0,0,0,0,0,0.56,0,0,0,0.03,0,0,0,0
1,1022,"6_3",6,3,"2022_8_15_10-53-49_552.jpg",0.04,0.19,0,0.15,0,0,0.02,0,0,0,0.5,0.01,0.08,0,0.01,0,0,0,0
1,990,"6_3",6,3,"2022_8_15_10-53-49_32.jpg",0.13,0.01,0.01,0.34,0,0,0.03,0,0,0,0.22,0,0.14,0,0.12,0,0,0,0
1,1024,"6_3",6,3,"2022_8_15_10-53-49_560.jpg",0.01,0.18,0,0.09,0,0,0.02,0,0,0,0.67,0,0,0,0.01,0,0.02,0,0
1,1002,"6_3",6,3,"2022_8_15_10-53-49_400.jpg",0,0.09,0.05,0.03,0,0,0.07,0,0,0,0.71,0.03,0,0,0,0,0,0,0
1,961,"6_3",6,3,"2022_8_15_10-53-49_104.jpg",0.09,0.21,0,0.37,0,0,0.16,0,0,0,0.11,0.01,0,0,0.03,0,0,0,0
1,986,"6_3",6,3,"2022_8_15_10-53-49_288.jpg",0.01,0.05,0.01,0.02,0,0,0.02,0,0,0,0.85,0.02,0,0,0.02,0,0,0,0
1,985,"6_3",6,3,"2022_8_15_10-53-49_280.jpg",0.03,0.1,0.03,0.1,0.01,0.02,0.04,0.02,0,0,0.59,0.02,0,0,0.04,0,0,0,0
1,965,"6_3",6,3,"2022_8_15_10-53-49_136.jpg",0,0.12,0.06,0.05,0,0,0.01,0,0,0,0.1,0.01,0.61,0,0,0,0,0,0
1,991,"6_3",6,3,"2022_8_15_10-53-49_320.jpg",0.03,0.13,0,0.05,0,0,0.11,0,0,0,0.38,0,0.12,0,0.06,0,0,0,0
1,1026,"6_3",6,3,"2022_8_15_10-53-49_576.jpg",0.05,0.33,0.07,0.33,0,0,0.06,0,0,0,0.1,0.03,0.02,0,0,0,0,0,0
1,998,"6_3",6,3,"2022_8_15_10-53-49_376.jpg",0.02,0.37,0.04,0.09,0,0,0.02,0,0,0,0.31,0.03,0.03,0,0.05,0,0,0,0
1,1014,"6_3",6,3,"2022_8_15_10-53-49_488.jpg",0.01,0.07,0.03,0.02,0.03,0,0,0,0,0,0.83,0.01,0,0,0,0,0,0,0
1,964,"6_3",6,3,"2022_8_15_10-53-49_128.jpg",0.06,0.21,0.05,0.13,0,0,0.04,0,0,0,0.2,0,0.29,0,0.02,0,0,0,0
1,971,"6_3",6,3,"2022_8_15_10-53-49_176.jpg",0,0.12,0,0.02,0.11,0,0.03,0.01,0,0,0.42,0.02,0.21,0,0.05,0,0,0.01,0
1,1012,"6_3",6,3,"2022_8_15_10-53-49_48.jpg",0.02,0.06,0,0.22,0,0,0.23,0,0,0,0.14,0.05,0.19,0,0.08,0,0,0,0
1,981,"6_3",6,3,"2022_8_15_10-53-49_248.jpg",0.09,0.12,0.02,0.12,0.02,0,0.11,0.02,0,0,0.13,0.02,0,0,0.26,0,0,0,0
1,1030,"6_3",6,3,"2022_8_15_10-53-49_608.jpg",0.11,0.31,0,0.09,0,0,0.08,0,0,0,0.39,0.01,0,0,0.01,0,0,0,0
1,960,"6_3",6,3,"2022_8_15_10-53-49_0.jpg",0.18,0.02,0.04,0,0,0,0.06,0.01,0,0,0.37,0.09,0.11,0.03,0.06,0,0,0,0.01
1,1001,"6_3",6,3,"2022_8_15_10-53-49_40.jpg",0.03,0.02,0.02,0.49,0,0,0.02,0,0,0,0.04,0.02,0.28,0,0.07,0,0,0,0.01
1,1013,"6_3",6,3,"2022_8_15_10-53-49_480.jpg",0.05,0.42,0.16,0.05,0.02,0,0.02,0,0,0,0.2,0,0,0,0.07,0,0,0,0
1,1019,"6_3",6,3,"2022_8_15_10-53-49_528.jpg",0,0.11,0.01,0.08,0,0,0,0,0,0,0.03,0,0.77,0,0,0,0,0,0
1,1008,"6_3",6,3,"2022_8_15_10-53-49_448.jpg",0.01,0.12,0,0,0.03,0,0.02,0,0,0,0.63,0,0.15,0,0,0,0,0,0
1,1020,"6_3",6,3,"2022_8_15_10-53-49_536.jpg",0.04,0.09,0.17,0.19,0,0,0.02,0,0,0,0.38,0.02,0.04,0,0.04,0,0,0,0.01
1,969,"6_3",6,3,"2022_8_15_10-53-49_160.jpg",0.09,0.22,0.18,0.05,0.19,0,0.02,0,0,0,0,0,0.22,0,0.03,0,0,0,0
1,1011,"6_3",6,3,"2022_8_15_10-53-49_472.jpg",0,0.08,0,0.01,0,0,0.04,0,0,0,0.84,0,0,0,0.02,0,0,0,0.01
1,983,"6_3",6,3,"2022_8_15_10-53-49_264.jpg",0.04,0.27,0.03,0.22,0,0,0.11,0,0,0,0.31,0.02,0,0,0,0,0,0,0
1,1027,"6_3",6,3,"2022_8_15_10-53-49_584.jpg",0.06,0.44,0.02,0.13,0,0,0.13,0,0,0,0.05,0.03,0.05,0,0.05,0,0,0,0
1,1137,"7_1",7,1,"2022_8_15_11-59-18_352.jpg",0.01,0.13,0.05,0.25,0,0,0.02,0,0,0,0.33,0.01,0.17,0,0.03,0,0,0,0
1,1155,"7_1",7,1,"2022_8_15_11-59-18_480.jpg",0,0.2,0,0.02,0,0,0.03,0,0,0,0.73,0,0,0,0,0,0,0,0.01
1,1111,"7_1",7,1,"2022_8_15_11-59-18_160.jpg",0,0,0.04,0.67,0,0,0.22,0,0,0,0.02,0,0,0,0.05,0,0,0,0
1,1168,"7_1",7,1,"2022_8_15_11-59-18_80.jpg",0.11,0.03,0.03,0.02,0,0,0.07,0,0,0,0.54,0,0.05,0,0.01,0,0,0,0
1,1165,"7_1",7,1,"2022_8_15_11-59-18_64.jpg",0.03,0.01,0,0,0,0,0.07,0,0,0,0.8,0.01,0,0,0.02,0,0,0,0
1,1140,"7_1",7,1,"2022_8_15_11-59-18_376.jpg",0,0.11,0.04,0.14,0,0,0.1,0,0,0,0.02,0.04,0.14,0,0.01,0,0,0,0
1,1125,"7_1",7,1,"2022_8_15_11-59-18_264.jpg",0,0.1,0.05,0,0,0,0.02,0.01,0.01,0,0.71,0.03,0,0,0.07,0,0,0,0
1,1139,"7_1",7,1,"2022_8_15_11-59-18_368.jpg",0.01,0.12,0.01,0.2,0,0,0.05,0,0,0,0.08,0,0.45,0,0.02,0,0,0,0
1,1122,"7_1",7,1,"2022_8_15_11-59-18_240.jpg",0.06,0.12,0.15,0.1,0,0,0.12,0,0,0,0.29,0.06,0,0,0.04,0,0,0,0
1,1153,"7_1",7,1,"2022_8_15_11-59-18_472.jpg",0.02,0.22,0.01,0.01,0,0,0.05,0,0,0,0.36,0,0.05,0,0.01,0,0,0,0
1,1163,"7_1",7,1,"2022_8_15_11-59-18_544.jpg",0,0.21,0.05,0.07,0,0,0.06,0,0,0,0.21,0.01,0.26,0,0.06,0,0,0,0
1,1110,"7_1",7,1,"2022_8_15_11-59-18_16.jpg",0.5,0,0.01,0,0,0,0.26,0,0,0,0.11,0.04,0,0,0.07,0,0,0,0
1,1145,"7_1",7,1,"2022_8_15_11-59-18_408.jpg",0.06,0.42,0.02,0.36,0,0,0.02,0,0.01,0,0.05,0.03,0,0,0.03,0,0,0,0
1,1104,"7_1",7,1,"2022_8_15_11-59-18_112.jpg",0.11,0.07,0.33,0.01,0,0.03,0.1,0.01,0,0,0,0.08,0,0,0.25,0,0,0,0.01
1,1148,"7_1",7,1,"2022_8_15_11-59-18_432.jpg",0.03,0.15,0.01,0.06,0,0.01,0.07,0,0,0,0.26,0,0.29,0,0.03,0,0.01,0,0
1,1114,"7_1",7,1,"2022_8_15_11-59-18_184.jpg",0,0.1,0.03,0.45,0,0,0.32,0,0,0,0.05,0.05,0,0,0,0,0,0,0
1,1130,"7_1",7,1,"2022_8_15_11-59-18_304.jpg",0,0.16,0.14,0.02,0,0,0.11,0,0,0,0.5,0.01,0.06,0,0,0,0,0,0
1,1124,"7_1",7,1,"2022_8_15_11-59-18_256.jpg",0,0.05,0.03,0,0,0,0.03,0,0,0,0.82,0.02,0,0,0.01,0,0,0,0
1,1102,"7_1",7,1,"2022_8_15_11-59-18_0.jpg",0.34,0,0,0,0,0,0.42,0.1,0,0,0.09,0.02,0,0,0.03,0,0,0,0
1,1120,"7_1",7,1,"2022_8_15_11-59-18_232.jpg",0,0.08,0,0,0,0,0.01,0,0,0,0.48,0.01,0.41,0,0,0,0,0,0
1,1109,"7_1",7,1,"2022_8_15_11-59-18_152.jpg",0.08,0.01,0.14,0.14,0,0,0.05,0,0,0,0.32,0.11,0,0,0.08,0,0,0,0.01
1,1135,"7_1",7,1,"2022_8_15_11-59-18_336.jpg",0.03,0.36,0.05,0.02,0,0,0.07,0,0,0,0.37,0,0.01,0,0.02,0,0,0,0
1,1117,"7_1",7,1,"2022_8_15_11-59-18_208.jpg",0.08,0.34,0.06,0.05,0,0,0.09,0,0,0,0.3,0.04,0,0,0.02,0,0,0,0
1,1128,"7_1",7,1,"2022_8_15_11-59-18_288.jpg",0.02,0,0,0,0,0,0.09,0,0,0,0.89,0,0,0,0,0,0,0,0
1,1116,"7_1",7,1,"2022_8_15_11-59-18_200.jpg",0.1,0.28,0.04,0.1,0.15,0,0.16,0.01,0,0,0.09,0,0,0,0.07,0,0,0,0
1,1132,"7_1",7,1,"2022_8_15_11-59-18_32.jpg",0.34,0.06,0,0.01,0,0,0.06,0.02,0,0,0.33,0.08,0,0,0.06,0,0.01,0,0
1,1129,"7_1",7,1,"2022_8_15_11-59-18_296.jpg",0.02,0.02,0,0,0,0,0.02,0,0,0,0.92,0,0,0,0.01,0,0,0,0
1,1118,"7_1",7,1,"2022_8_15_11-59-18_216.jpg",0.05,0.41,0.04,0.08,0,0,0.04,0,0,0,0.36,0,0,0,0.02,0,0,0,0
1,1146,"7_1",7,1,"2022_8_15_11-59-18_416.jpg",0.1,0.4,0.02,0.42,0,0,0.02,0,0,0,0,0.04,0,0,0,0,0,0,0
1,1156,"7_1",7,1,"2022_8_15_11-59-18_488.jpg",0.01,0.07,0.26,0.07,0,0,0.07,0,0,0,0.32,0.05,0.12,0,0,0,0,0,0
1,1152,"7_1",7,1,"2022_8_15_11-59-18_464.jpg",0.13,0.14,0,0.08,0,0,0.08,0,0,0,0.3,0.05,0.02,0,0.19,0,0,0,0.01
1,1151,"7_1",7,1,"2022_8_15_11-59-18_456.jpg",0.09,0.25,0.03,0.21,0,0,0.11,0,0,0,0.22,0,0,0,0,0,0,0,0
1,1141,"7_1",7,1,"2022_8_15_11-59-18_384.jpg",0.04,0.08,0.03,0.08,0,0,0.06,0,0,0,0.67,0,0,0,0,0,0,0,0
1,1131,"7_1",7,1,"2022_8_15_11-59-18_312.jpg",0.01,0.05,0.04,0.09,0,0,0.08,0,0,0,0.48,0,0.11,0,0.11,0,0.01,0,0
1,1154,"7_1",7,1,"2022_8_15_11-59-18_48.jpg",0.2,0.1,0.02,0.01,0,0,0.22,0.02,0,0,0.03,0.09,0,0,0.07,0,0,0,0
1,1142,"7_1",7,1,"2022_8_15_11-59-18_392.jpg",0.06,0.14,0.01,0.07,0,0,0.07,0,0,0,0.55,0.01,0.04,0,0.01,0,0,0.01,0
1,1159,"7_1",7,1,"2022_8_15_11-59-18_512.jpg",0.04,0.24,0.18,0.06,0,0,0.09,0,0,0,0.21,0.01,0,0,0.14,0,0,0,0.02
1,1150,"7_1",7,1,"2022_8_15_11-59-18_448.jpg",0.05,0.16,0,0.08,0,0,0.08,0.01,0,0,0.55,0,0.04,0,0.02,0,0,0,0
1,1149,"7_1",7,1,"2022_8_15_11-59-18_440.jpg",0.14,0.34,0.01,0.05,0,0,0.09,0,0,0,0.18,0.02,0,0,0.13,0,0,0,0
1,1162,"7_1",7,1,"2022_8_15_11-59-18_536.jpg",0,0.01,0.01,0.02,0,0,0.01,0,0,0,0.92,0.02,0,0,0,0,0,0,0.01
1,1108,"7_1",7,1,"2022_8_15_11-59-18_144.jpg",0.03,0.01,0.42,0.01,0,0,0.02,0,0,0,0,0.14,0,0,0.34,0,0,0,0
1,1158,"7_1",7,1,"2022_8_15_11-59-18_504.jpg",0.02,0.02,0,0,0,0,0.01,0,0,0,0.74,0,0.2,0,0.01,0,0,0,0
1,1161,"7_1",7,1,"2022_8_15_11-59-18_528.jpg",0.12,0.01,0.01,0.3,0,0,0.01,0,0.01,0,0.08,0.01,0.08,0,0.36,0,0,0,0
1,1106,"7_1",7,1,"2022_8_15_11-59-18_128.jpg",0,0,0,0,0,0,0.06,0,0,0,0.94,0,0,0,0,0,0,0,0
1,1103,"7_1",7,1,"2022_8_15_11-59-18_104.jpg",0.4,0.09,0.05,0,0,0,0.1,0,0,0,0.13,0.08,0,0,0.1,0,0,0,0
1,1134,"7_1",7,1,"2022_8_15_11-59-18_328.jpg",0.01,0.09,0.02,0.01,0,0,0.05,0,0,0,0.76,0.02,0,0,0.01,0,0,0,0
1,1147,"7_1",7,1,"2022_8_15_11-59-18_424.jpg",0.11,0.5,0.04,0.13,0,0,0.03,0,0,0,0.01,0.05,0,0,0.13,0,0,0,0
1,1170,"7_1",7,1,"2022_8_15_11-59-18_96.jpg",0.12,0.04,0.05,0,0,0,0.11,0.04,0,0,0.31,0.12,0,0,0.17,0,0,0.03,0
1,1119,"7_1",7,1,"2022_8_15_11-59-18_224.jpg",0.02,0.2,0.03,0.03,0,0,0.12,0.01,0,0,0.55,0.02,0,0,0.02,0,0,0,0
1,1105,"7_1",7,1,"2022_8_15_11-59-18_120.jpg",0.03,0.06,0.07,0.03,0,0,0.06,0.01,0,0,0.65,0.05,0,0,0.02,0,0,0,0
1,1186,"7_2",7,2,"2022_8_15_12-19-36_208.jpg",0,0.02,0,0.04,0,0,0.16,0,0,0,0,0.08,0,0,0.68,0,0,0,0
1,1246,"7_2",7,2,"2022_8_15_12-19-36_640.jpg",0.1,0.34,0,0.18,0,0,0.02,0,0,0,0.36,0,0,0,0,0,0,0,0
1,1199,"7_2",7,2,"2022_8_15_12-19-36_304.jpg",0,0,0,0,0,0,0.02,0,0,0.14,0,0.46,0,0,0.38,0,0,0,0
1,1182,"7_2",7,2,"2022_8_15_12-19-36_176.jpg",0,0,0,0,0,0,0.1,0,0,0,0.7,0,0.16,0,0,0,0,0,0
1,1197,"7_2",7,2,"2022_8_15_12-19-36_288.jpg",0,0,0,0,0,0,0,0.04,0,0,0.02,0.1,0.32,0,0.5,0,0,0,0
1,1208,"7_2",7,2,"2022_8_15_12-19-36_368.jpg",0.02,0.06,0,0.06,0,0,0.08,0,0,0,0,0.22,0,0,0.56,0,0,0,0
1,1248,"7_2",7,2,"2022_8_15_12-19-36_656.jpg",0.02,0.32,0.04,0.32,0,0,0,0,0,0,0.18,0.06,0,0,0.06,0,0,0,0
1,1173,"7_2",7,2,"2022_8_15_12-19-36_112.jpg",0.14,0.34,0.04,0.36,0,0,0,0,0,0,0.1,0,0,0,0.02,0,0,0,0
1,1198,"7_2",7,2,"2022_8_15_12-19-36_296.jpg",0.02,0,0,0,0,0,0,0,0,0,0.02,0.36,0.12,0,0.48,0,0,0,0
1,1240,"7_2",7,2,"2022_8_15_12-19-36_600.jpg",0.02,0.12,0,0.46,0,0,0,0,0,0,0.08,0.14,0,0,0.18,0,0,0,0
1,1188,"7_2",7,2,"2022_8_15_12-19-36_224.jpg",0,0,0,0,0,0,0.24,0,0,0,0,0.04,0.32,0,0.34,0,0,0,0
1,1181,"7_2",7,2,"2022_8_15_12-19-36_168.jpg",0,0,0,0,0,0,0.02,0,0,0,0.9,0,0.02,0.04,0,0,0,0,0.02
1,1215,"7_2",7,2,"2022_8_15_12-19-36_416.jpg",0.02,0.1,0,0,0,0,0.08,0,0,0,0.34,0.02,0.34,0,0.1,0,0,0,0
1,1249,"7_2",7,2,"2022_8_15_12-19-36_664.jpg",0.04,0.32,0,0.1,0,0,0,0,0,0,0.46,0.06,0,0,0.02,0,0,0,0
1,1254,"7_2",7,2,"2022_8_15_12-19-36_704.jpg",0,0.04,0.02,0.48,0,0,0.04,0,0,0,0.26,0.06,0,0,0.02,0,0,0,0.06
1,1183,"7_2",7,2,"2022_8_15_12-19-36_184.jpg",0.02,0.04,0,0,0,0,0.04,0,0,0,0.3,0,0,0,0.24,0.06,0,0,0
1,1245,"7_2",7,2,"2022_8_15_12-19-36_64.jpg",0.04,0.02,0.26,0.16,0,0,0,0,0,0,0.16,0.04,0,0,0.28,0,0,0,0
1,1214,"7_2",7,2,"2022_8_15_12-19-36_408.jpg",0,0.12,0,0.02,0,0,0.04,0,0,0.08,0.26,0,0.42,0,0.04,0,0,0,0
1,1223,"7_2",7,2,"2022_8_15_12-19-36_48.jpg",0.06,0.1,0.12,0.02,0,0,0,0,0,0,0.38,0.12,0,0,0.18,0,0,0,0
1,1179,"7_2",7,2,"2022_8_15_12-19-36_16.jpg",0.3,0.06,0.06,0.02,0,0,0.1,0.02,0,0,0.02,0.04,0,0,0.28,0,0,0,0
1,1225,"7_2",7,2,"2022_8_15_12-19-36_488.jpg",0,0,0,0,0.06,0,0,0,0,0,0.6,0,0,0,0.32,0,0,0,0
1,1247,"7_2",7,2,"2022_8_15_12-19-36_648.jpg",0,0.38,0,0.46,0,0,0,0,0,0,0.14,0.02,0,0,0,0,0,0,0
1,1251,"7_2",7,2,"2022_8_15_12-19-36_680.jpg",0.02,0.48,0.04,0.3,0,0,0.02,0,0,0,0.04,0.04,0,0,0.06,0,0,0,0
1,1207,"7_2",7,2,"2022_8_15_12-19-36_360.jpg",0,0.06,0.08,0.18,0,0,0.08,0,0,0.02,0.18,0.1,0,0,0.12,0,0,0,0
1,1242,"7_2",7,2,"2022_8_15_12-19-36_616.jpg",0,0.18,0,0.24,0,0,0,0,0,0,0.58,0,0,0,0,0,0,0,0
1,1255,"7_2",7,2,"2022_8_15_12-19-36_72.jpg",0,0,0.12,0.26,0.02,0,0,0.02,0,0,0.02,0.02,0.28,0,0.24,0,0,0,0.02
1,1228,"7_2",7,2,"2022_8_15_12-19-36_512.jpg",0.06,0.02,0,0,0,0,0,0,0,0,0.58,0.06,0.18,0,0.1,0,0,0,0
1,1202,"7_2",7,2,"2022_8_15_12-19-36_320.jpg",0,0,0,0.02,0,0,0.12,0,0,0.02,0,0.28,0,0,0.56,0,0,0,0
1,1187,"7_2",7,2,"2022_8_15_12-19-36_216.jpg",0,0,0,0.02,0,0,0.14,0,0,0,0.26,0.06,0.04,0,0.28,0,0,0,0
1,1192,"7_2",7,2,"2022_8_15_12-19-36_248.jpg",0,0,0.02,0.06,0,0,0.24,0,0,0,0,0.16,0,0,0.48,0.04,0,0,0
1,1230,"7_2",7,2,"2022_8_15_12-19-36_528.jpg",0.04,0.04,0,0,0,0,0,0,0,0,0.9,0,0,0,0.02,0,0,0,0
1,1193,"7_2",7,2,"2022_8_15_12-19-36_256.jpg",0,0,0,0,0,0,0.06,0,0,0,0,0.66,0,0,0.28,0,0,0,0
1,1234,"7_2",7,2,"2022_8_15_12-19-36_56.jpg",0,0,0,0,0,0,0,0,0,0,0.96,0.04,0,0,0,0,0,0,0
1,1205,"7_2",7,2,"2022_8_15_12-19-36_344.jpg",0,0.2,0,0.04,0,0,0.04,0,0,0.04,0.56,0.04,0.02,0,0.04,0,0,0,0
1,1257,"7_2",7,2,"2022_8_15_12-19-36_80.jpg",0,0.02,0.02,0.1,0,0,0.02,0.02,0,0,0.62,0.02,0.06,0,0.06,0,0.04,0,0
1,1185,"7_2",7,2,"2022_8_15_12-19-36_200.jpg",0.02,0.18,0,0.12,0,0,0.18,0,0,0,0.22,0.02,0.16,0,0,0,0,0,0
1,1204,"7_2",7,2,"2022_8_15_12-19-36_336.jpg",0,0.06,0.04,0.02,0,0,0.16,0,0,0,0.16,0.12,0,0,0.26,0.04,0,0,0
1,1253,"7_2",7,2,"2022_8_15_12-19-36_696.jpg",0,0.08,0.02,0.48,0,0,0.04,0,0,0,0.2,0.02,0.06,0,0.08,0,0,0,0.02
1,1200,"7_2",7,2,"2022_8_15_12-19-36_312.jpg",0,0.02,0.04,0.06,0,0,0.02,0.04,0,0,0,0.22,0.12,0,0.48,0,0,0,0
1,1184,"7_2",7,2,"2022_8_15_12-19-36_192.jpg",0,0,0,0,0,0,0.06,0,0,0,0.62,0,0.06,0,0.04,0,0.02,0,0
1,1196,"7_2",7,2,"2022_8_15_12-19-36_280.jpg",0,0,0.06,0,0.08,0,0.02,0.02,0.04,0.02,0.02,0.24,0.06,0,0.42,0,0,0,0
1,1233,"7_2",7,2,"2022_8_15_12-19-36_552.jpg",0.02,0.2,0,0,0,0,0.04,0,0,0,0.56,0.02,0.02,0,0.1,0,0,0,0
1,1175,"7_2",7,2,"2022_8_15_12-19-36_128.jpg",0,0.22,0,0.14,0,0,0.02,0,0,0,0.54,0.02,0,0,0.06,0,0,0,0
1,1191,"7_2",7,2,"2022_8_15_12-19-36_240.jpg",0,0,0,0,0.04,0,0.16,0,0,0,0,0.28,0,0,0.52,0,0,0,0
1,1235,"7_2",7,2,"2022_8_15_12-19-36_560.jpg",0.04,0.02,0.02,0.02,0,0,0,0,0,0,0.6,0.08,0.22,0,0,0,0,0,0
1,1258,"7_2",7,2,"2022_8_15_12-19-36_88.jpg",0,0.12,0,0.66,0,0,0.04,0,0,0,0.12,0,0,0,0.04,0,0,0,0.02
1,1236,"7_2",7,2,"2022_8_15_12-19-36_568.jpg",0,0,0,0,0,0,0,0,0,0,1,0,0,0,0,0,0,0,0
1,1177,"7_2",7,2,"2022_8_15_12-19-36_144.jpg",0.04,0.12,0.02,0,0,0,0,0,0,0,0.08,0.02,0.6,0,0.06,0,0,0,0
1,1229,"7_2",7,2,"2022_8_15_12-19-36_520.jpg",0.1,0.02,0,0,0,0,0.02,0,0,0,0.8,0.02,0,0,0.04,0,0,0,0
1,1239,"7_2",7,2,"2022_8_15_12-19-36_592.jpg",0.02,0.36,0,0.16,0,0,0.02,0,0,0,0.26,0.14,0,0,0.04,0,0,0,0
1,1302,"7_3",7,3,"2022_9_26_15-15-39_400.jpg",0,0.02,0.04,0,0,0,0,0,0,0,0.82,0.1,0,0,0,0,0,0.02,0
1,1300,"7_3",7,3,"2022_9_26_15-15-39_392.jpg",0,0.06,0.02,0.24,0,0,0,0,0,0,0.38,0.08,0.12,0,0.06,0,0.02,0,0
1,1307,"7_3",7,3,"2022_9_26_15-15-39_440.jpg",0.12,0.06,0,0.02,0,0,0.1,0,0,0,0.42,0,0,0,0.16,0,0,0,0
1,1278,"7_3",7,3,"2022_9_26_15-15-39_232.jpg",0.08,0,0.04,0,0,0.06,0,0,0,0,0.62,0.02,0.16,0,0,0,0.02,0,0
1,1283,"7_3",7,3,"2022_9_26_15-15-39_264.jpg",0.04,0.08,0.02,0.04,0,0,0.06,0,0,0,0.6,0.02,0,0,0.08,0,0,0,0
1,1303,"7_3",7,3,"2022_9_26_15-15-39_408.jpg",0.1,0.16,0,0.08,0,0,0.22,0,0,0,0.12,0.04,0,0,0.2,0,0,0,0
1,1281,"7_3",7,3,"2022_9_26_15-15-39_248.jpg",0.1,0.08,0.08,0.16,0,0,0.06,0,0,0,0.38,0.04,0,0,0,0,0,0,0
1,1260,"7_3",7,3,"2022_9_26_15-15-39_0.jpg",0,0,0.34,0.44,0.04,0,0,0,0,0,0.02,0.04,0,0,0.08,0,0,0,0
1,1332,"7_3",7,3,"2022_9_26_15-15-39_8.jpg",0.04,0.42,0.12,0.28,0,0,0,0,0,0,0,0,0,0,0.14,0,0,0,0
1,1329,"7_3",7,3,"2022_9_26_15-15-39_600.jpg",0.06,0.16,0,0.08,0,0,0,0,0,0,0.32,0.04,0,0.3,0.02,0,0.02,0,0
1,1334,"7_3",7,3,"2022_9_26_15-15-39_88.jpg",0,0.1,0,0,0.02,0,0,0.04,0,0,0,0,0,0,0.08,0,0,0,0
1,1331,"7_3",7,3,"2022_9_26_15-15-39_72.jpg",0.2,0.08,0.02,0,0,0.02,0.02,0.24,0,0,0,0,0,0,0.28,0,0,0,0
1,1267,"7_3",7,3,"2022_9_26_15-15-39_152.jpg",0.04,0.3,0,0.12,0,0,0.04,0,0,0,0.2,0.06,0.24,0,0,0,0,0,0
1,1305,"7_3",7,3,"2022_9_26_15-15-39_424.jpg",0.08,0.12,0.02,0.12,0,0.04,0.04,0,0.02,0,0.1,0.02,0.06,0,0.22,0,0,0,0
1,1275,"7_3",7,3,"2022_9_26_15-15-39_208.jpg",0.18,0.14,0,0.14,0,0,0,0,0,0,0.06,0.12,0,0,0.36,0,0,0,0
1,1316,"7_3",7,3,"2022_9_26_15-15-39_504.jpg",0.04,0.32,0.04,0.14,0,0,0,0,0,0,0.1,0.32,0,0,0.02,0,0,0,0.02
1,1284,"7_3",7,3,"2022_9_26_15-15-39_272.jpg",0.1,0.32,0,0.1,0.02,0,0,0,0,0,0.04,0,0.16,0,0.16,0,0,0,0
1,1286,"7_3",7,3,"2022_9_26_15-15-39_288.jpg",0.18,0.2,0.1,0.14,0,0,0,0,0,0,0,0.12,0,0,0.16,0,0,0,0
1,1291,"7_3",7,3,"2022_9_26_15-15-39_320.jpg",0.14,0.22,0.04,0.08,0.04,0,0.04,0.06,0,0,0.18,0.12,0,0,0.06,0,0,0,0
1,1268,"7_3",7,3,"2022_9_26_15-15-39_16.jpg",0.16,0.1,0.2,0,0.08,0,0,0,0,0,0.04,0.04,0,0,0.32,0,0,0,0
1,1287,"7_3",7,3,"2022_9_26_15-15-39_296.jpg",0.1,0.16,0,0.14,0.02,0,0.02,0,0,0,0.22,0.2,0,0,0.14,0,0,0,0
1,1315,"7_3",7,3,"2022_9_26_15-15-39_496.jpg",0.06,0.04,0.14,0.04,0,0,0,0,0,0,0.2,0.4,0,0,0.12,0,0,0,0
1,1261,"7_3",7,3,"2022_9_26_15-15-39_104.jpg",0.2,0.22,0.1,0.1,0.04,0,0.04,0.1,0,0,0.06,0.08,0.02,0,0.02,0,0,0,0
1,1266,"7_3",7,3,"2022_9_26_15-15-39_144.jpg",0.18,0.16,0.08,0.24,0,0,0.06,0.1,0,0,0,0.06,0,0,0.06,0,0,0,0
1,1314,"7_3",7,3,"2022_9_26_15-15-39_488.jpg",0.02,0.02,0,0,0,0,0.04,0,0,0,0.88,0,0,0,0.04,0,0,0,0
1,1301,"7_3",7,3,"2022_9_26_15-15-39_40.jpg",0.06,0.4,0,0,0,0,0.02,0.12,0,0,0.06,0.02,0.06,0,0.1,0,0,0,0
1,1270,"7_3",7,3,"2022_9_26_15-15-39_168.jpg",0.06,0.04,0.12,0.08,0.02,0.02,0,0,0,0,0.4,0.04,0,0,0.16,0,0,0,0
1,1306,"7_3",7,3,"2022_9_26_15-15-39_432.jpg",0.08,0,0,0.12,0,0,0.02,0,0,0,0,0.06,0.62,0,0.08,0,0,0,0.02
1,1309,"7_3",7,3,"2022_9_26_15-15-39_456.jpg",0.04,0,0,0,0,0,0,0,0,0,0.56,0.08,0.2,0,0,0,0,0,0
1,1296,"7_3",7,3,"2022_9_26_15-15-39_360.jpg",0,0.06,0.02,0,0.02,0,0.06,0,0,0,0.54,0.02,0.04,0,0.14,0,0,0,0.02
1,1319,"7_3",7,3,"2022_9_26_15-15-39_528.jpg",0.02,0.18,0,0.24,0,0,0,0,0,0,0.3,0.22,0,0,0.02,0,0,0,0.02
1,1297,"7_3",7,3,"2022_9_26_15-15-39_368.jpg",0,0.12,0.08,0,0.02,0,0,0,0.02,0,0.56,0.08,0,0,0.02,0,0,0,0
1,1304,"7_3",7,3,"2022_9_26_15-15-39_416.jpg",0.12,0.14,0.12,0.1,0,0,0.06,0,0,0,0.14,0.12,0,0,0.1,0,0,0,0
1,1324,"7_3",7,3,"2022_9_26_15-15-39_560.jpg",0,0.36,0.02,0.28,0.04,0,0,0,0,0,0.16,0.08,0,0,0,0,0.06,0,0
1,1282,"7_3",7,3,"2022_9_26_15-15-39_256.jpg",0.04,0.04,0.08,0.04,0,0,0.04,0,0,0,0.64,0.06,0,0,0.04,0,0,0,0
1,1265,"7_3",7,3,"2022_9_26_15-15-39_136.jpg",0.14,0.1,0,0.24,0,0,0,0,0,0,0,0.34,0,0,0.16,0,0,0,0
1,1320,"7_3",7,3,"2022_9_26_15-15-39_536.jpg",0,0.26,0.02,0.06,0,0,0,0,0,0,0.54,0.04,0,0,0.02,0,0,0,0
1,1311,"7_3",7,3,"2022_9_26_15-15-39_472.jpg",0.06,0.04,0,0,0,0,0,0,0,0,0.62,0.08,0.12,0,0,0,0,0,0
1,1288,"7_3",7,3,"2022_9_26_15-15-39_304.jpg",0.22,0.22,0,0.14,0,0,0,0.02,0,0,0.28,0,0,0,0.04,0,0,0,0
1,1277,"7_3",7,3,"2022_9_26_15-15-39_224.jpg",0.06,0.04,0.14,0.1,0,0.04,0.04,0,0,0,0.48,0.1,0,0,0,0,0,0,0
1,1323,"7_3",7,3,"2022_9_26_15-15-39_56.jpg",0.12,0.42,0.04,0.06,0.04,0,0.02,0.08,0,0,0,0.02,0,0,0.04,0,0,0,0
1,1269,"7_3",7,3,"2022_9_26_15-15-39_160.jpg",0.14,0.1,0.08,0.08,0.02,0,0.02,0,0,0,0.02,0.08,0.2,0,0.04,0,0,0,0.02
1,1262,"7_3",7,3,"2022_9_26_15-15-39_112.jpg",0.08,0.22,0.1,0.12,0.04,0,0.02,0.02,0,0,0.02,0.04,0,0,0,0,0,0,0
1,1310,"7_3",7,3,"2022_9_26_15-15-39_464.jpg",0.12,0,0.02,0.02,0,0,0,0,0,0,0.78,0,0,0,0,0,0,0,0
1,1335,"7_3",7,3,"2022_9_26_15-15-39_96.jpg",0.04,0.08,0,0,0.04,0,0,0,0,0,0.02,0.02,0.32,0,0.02,0,0,0,0
1,1274,"7_3",7,3,"2022_9_26_15-15-39_200.jpg",0.14,0.14,0.2,0.06,0,0,0.04,0,0,0,0.12,0.24,0.02,0,0.02,0,0,0,0
1,1292,"7_3",7,3,"2022_9_26_15-15-39_328.jpg",0.06,0.06,0.06,0.04,0.04,0,0.22,0.02,0,0,0.14,0,0.18,0,0.04,0,0,0,0
1,1325,"7_3",7,3,"2022_9_26_15-15-39_568.jpg",0.24,0.24,0.06,0.14,0,0,0.04,0,0,0,0,0.26,0,0,0.02,0,0,0,0
1,1313,"7_3",7,3,"2022_9_26_15-15-39_480.jpg",0.18,0.26,0.02,0.2,0,0,0.02,0,0,0,0.24,0.08,0,0,0,0,0,0,0
1,1330,"7_3",7,3,"2022_9_26_15-15-39_64.jpg",0.24,0.1,0.26,0.22,0,0,0.02,0,0,0,0,0,0,0,0.1,0,0,0,0
1,1419,"8_1",8,1,"2022_10_11_10-06-06_88.jpg",0.25,0.03,0.05,0.12,0.02,0.04,0.15,0.02,0,0,0.05,0.05,0,0,0.16,0,0,0,0
1,1380,"8_1",8,1,"2022_10_11_10-06-06_416.jpg",0.17,0.06,0.01,0.14,0,0.06,0.28,0.01,0,0,0.14,0.04,0,0,0.05,0,0,0,0
1,1361,"8_1",8,1,"2022_10_11_10-06-06_280.jpg",0.07,0.06,0.2,0.1,0,0.06,0.2,0,0,0,0.16,0.06,0,0,0.09,0,0,0,0
1,1404,"8_1",8,1,"2022_10_11_10-06-06_592.jpg",0.05,0.03,0.13,0.57,0,0,0.15,0,0,0,0.01,0,0,0,0.03,0,0,0,0
1,1349,"8_1",8,1,"2022_10_11_10-06-06_192.jpg",0.17,0.13,0.04,0.32,0,0,0.11,0,0,0,0.02,0.01,0,0,0.17,0,0,0,0
1,1375,"8_1",8,1,"2022_10_11_10-06-06_384.jpg",0.13,0.02,0.03,0.12,0.03,0,0.25,0,0,0,0.14,0.02,0,0,0.17,0,0,0,0
1,1398,"8_1",8,1,"2022_10_11_10-06-06_552.jpg",0.36,0.01,0.08,0.04,0,0.17,0.17,0,0,0,0.02,0.01,0,0,0.14,0,0,0,0
1,1352,"8_1",8,1,"2022_10_11_10-06-06_216.jpg",0.03,0.01,0.22,0.45,0,0.02,0.06,0,0,0,0,0,0,0,0.2,0,0,0,0.01
1,1363,"8_1",8,1,"2022_10_11_10-06-06_296.jpg",0.03,0.06,0.23,0.31,0.03,0,0.07,0.01,0,0,0,0,0,0,0.26,0,0,0,0
1,1383,"8_1",8,1,"2022_10_11_10-06-06_440.jpg",0.14,0,0,0.33,0,0,0.04,0,0,0,0.31,0.04,0,0,0.11,0,0.01,0,0
1,1371,"8_1",8,1,"2022_10_11_10-06-06_352.jpg",0.18,0.06,0.01,0.11,0,0.02,0.09,0,0,0,0.28,0.12,0,0,0.1,0,0,0,0
1,1420,"8_1",8,1,"2022_10_11_10-06-06_96.jpg",0.32,0.15,0.09,0.15,0,0,0.18,0,0,0,0,0,0,0,0.1,0,0,0,0
1,1345,"8_1",8,1,"2022_10_11_10-06-06_160.jpg",0.11,0.08,0.28,0.23,0,0,0.05,0.07,0,0,0.13,0,0,0,0.03,0,0,0,0
1,1366,"8_1",8,1,"2022_10_11_10-06-06_32.jpg",0.19,0.07,0.07,0.46,0,0,0.15,0,0,0,0,0,0,0,0.01,0.01,0,0,0
1,1408,"8_1",8,1,"2022_10_11_10-06-06_624.jpg",0.09,0.06,0,0.07,0,0,0.12,0.01,0,0,0.64,0,0,0,0.01,0,0,0,0
1,1379,"8_1",8,1,"2022_10_11_10-06-06_408.jpg",0.25,0.11,0.03,0.16,0,0,0.23,0.09,0,0,0,0.03,0,0,0.04,0,0,0,0
1,1347,"8_1",8,1,"2022_10_11_10-06-06_176.jpg",0.07,0.12,0.15,0.06,0,0,0.47,0,0,0,0.1,0,0,0,0.03,0,0,0,0
1,1407,"8_1",8,1,"2022_10_11_10-06-06_616.jpg",0.15,0.02,0.03,0.13,0,0,0.12,0.07,0,0,0.26,0.03,0,0,0.19,0,0,0,0
1,1382,"8_1",8,1,"2022_10_11_10-06-06_432.jpg",0.15,0.02,0.11,0.17,0,0.05,0.03,0.02,0.02,0,0.34,0.01,0,0,0,0,0,0,0
1,1384,"8_1",8,1,"2022_10_11_10-06-06_448.jpg",0.14,0.01,0.03,0.44,0,0,0.14,0,0,0,0,0.1,0,0,0.01,0,0,0,0.01
1,1362,"8_1",8,1,"2022_10_11_10-06-06_288.jpg",0.3,0.06,0.05,0.1,0,0.01,0.21,0,0,0,0.05,0,0,0,0.22,0,0,0,0
1,1397,"8_1",8,1,"2022_10_11_10-06-06_544.jpg",0.35,0.03,0.04,0.17,0,0,0.22,0,0,0,0.11,0,0,0,0.02,0,0,0,0
1,1388,"8_1",8,1,"2022_10_11_10-06-06_48.jpg",0.18,0.03,0.04,0.33,0,0,0.2,0,0,0,0,0.03,0,0,0.13,0,0,0,0
1,1412,"8_1",8,1,"2022_10_11_10-06-06_648.jpg",0,0.02,0.02,0.11,0.11,0,0.11,0,0,0,0.33,0.11,0,0,0.07,0,0.01,0,0
1,1417,"8_1",8,1,"2022_10_11_10-06-06_8.jpg",0.1,0.12,0.06,0.39,0.03,0,0.17,0,0,0,0,0.06,0,0,0.02,0,0,0,0
1,1359,"8_1",8,1,"2022_10_11_10-06-06_264.jpg",0.24,0,0.07,0.03,0.02,0,0.29,0.11,0,0,0.02,0,0,0,0.15,0.05,0,0,0.02
1,1378,"8_1",8,1,"2022_10_11_10-06-06_400.jpg",0.24,0.06,0.01,0.19,0,0,0.24,0,0,0,0.08,0.03,0,0,0.13,0,0,0,0
1,1339,"8_1",8,1,"2022_10_11_10-06-06_120.jpg",0.21,0.13,0.1,0.06,0,0,0.16,0,0.01,0.01,0.22,0.01,0,0,0.05,0,0,0,0.02
1,1410,"8_1",8,1,"2022_10_11_10-06-06_64.jpg",0.03,0.08,0.13,0.32,0,0,0.25,0,0,0,0,0.02,0,0,0.13,0,0,0,0
1,1386,"8_1",8,1,"2022_10_11_10-06-06_464.jpg",0.18,0.04,0.11,0.37,0.01,0,0.19,0,0,0,0.02,0,0,0,0.03,0,0,0,0
1,1351,"8_1",8,1,"2022_10_11_10-06-06_208.jpg",0.14,0,0.02,0.59,0,0,0.03,0,0,0,0,0.01,0,0,0.21,0,0,0,0
1,1396,"8_1",8,1,"2022_10_11_10-06-06_536.jpg",0.3,0.02,0.04,0.15,0.02,0.05,0.21,0.01,0,0,0.08,0.02,0,0,0.03,0,0,0,0
1,1343,"8_1",8,1,"2022_10_11_10-06-06_152.jpg",0.06,0.1,0.07,0.14,0,0,0.45,0,0,0,0,0,0,0,0.15,0,0,0,0
1,1355,"8_1",8,1,"2022_10_11_10-06-06_24.jpg",0.08,0.09,0.07,0.32,0,0,0.42,0,0,0,0.01,0,0,0,0.01,0,0,0,0
1,1353,"8_1",8,1,"2022_10_11_10-06-06_224.jpg",0.09,0.03,0.05,0.52,0.05,0,0.12,0,0,0,0,0,0,0,0.14,0,0,0,0
1,1403,"8_1",8,1,"2022_10_11_10-06-06_584.jpg",0.32,0.01,0.08,0.14,0,0,0.22,0,0,0,0.05,0,0,0,0.1,0,0,0,0
1,1360,"8_1",8,1,"2022_10_11_10-06-06_272.jpg",0.08,0.03,0.32,0.01,0.02,0.04,0.24,0,0,0,0.04,0,0,0,0.17,0.04,0,0,0.01
1,1415,"8_1",8,1,"2022_10_11_10-06-06_672.jpg",0.17,0.06,0.13,0.11,0.06,0,0.21,0,0,0,0.04,0.07,0,0,0.15,0,0,0,0
1,1354,"8_1",8,1,"2022_10_11_10-06-06_232.jpg",0.02,0,0.06,0.56,0,0,0.26,0,0,0,0,0,0,0,0.1,0,0,0,0
1,1370,"8_1",8,1,"2022_10_11_10-06-06_344.jpg",0.05,0.08,0.04,0.13,0.02,0.03,0.3,0,0,0,0.21,0,0,0,0.14,0,0,0,0
1,1350,"8_1",8,1,"2022_10_11_10-06-06_200.jpg",0.12,0.06,0.12,0.45,0,0,0.05,0,0,0,0.03,0,0,0,0.15,0,0.01,0,0
1,1374,"8_1",8,1,"2022_10_11_10-06-06_376.jpg",0.3,0.01,0.04,0.22,0.07,0,0.07,0.02,0,0,0.09,0.05,0,0,0.09,0,0,0.01,0
1,1392,"8_1",8,1,"2022_10_11_10-06-06_504.jpg",0.09,0.01,0.03,0.4,0,0,0.32,0,0,0,0.04,0,0,0,0.03,0,0,0,0
1,1393,"8_1",8,1,"2022_10_11_10-06-06_512.jpg",0.07,0,0.01,0.39,0.06,0,0.32,0.02,0,0,0,0,0,0,0.12,0,0,0,0
1,1395,"8_1",8,1,"2022_10_11_10-06-06_528.jpg",0.58,0.01,0.1,0.21,0,0,0.05,0,0,0,0,0,0,0,0.03,0,0,0,0
1,1357,"8_1",8,1,"2022_10_11_10-06-06_248.jpg",0.13,0,0.14,0.15,0,0,0.13,0,0,0,0.08,0.01,0,0,0.36,0,0,0,0
1,1418,"8_1",8,1,"2022_10_11_10-06-06_80.jpg",0.13,0.02,0.05,0.29,0,0.03,0.22,0,0,0,0,0.06,0.01,0,0.1,0,0,0,0
1,1413,"8_1",8,1,"2022_10_11_10-06-06_656.jpg",0.1,0.05,0.04,0.22,0.01,0,0.22,0,0,0.02,0.11,0.05,0,0,0.12,0,0,0,0
1,1400,"8_1",8,1,"2022_10_11_10-06-06_560.jpg",0.09,0.02,0.04,0.13,0,0,0.18,0.06,0,0.01,0.29,0.01,0,0,0.11,0,0,0,0
1,1369,"8_1",8,1,"2022_10_11_10-06-06_336.jpg",0.09,0.1,0.01,0.62,0.02,0,0,0,0,0,0.11,0.01,0,0,0.02,0,0,0,0
1,1460,"8_2",8,2,"2022_10_11_10-22-05_384.jpg",0.1,0,0.06,0.06,0,0.26,0,0.02,0,0,0.12,0.04,0.22,0,0.12,0,0,0,0
1,1421,"8_2",8,2,"2022_10_11_10-22-05_0.jpg",0.02,0.12,0.14,0.22,0,0,0.02,0,0,0,0.06,0.22,0,0,0.2,0,0,0,0
1,1469,"8_2",8,2,"2022_10_11_10-22-05_448.jpg",0.08,0,0.06,0.12,0.04,0,0.18,0.02,0,0,0.02,0.1,0,0,0.32,0,0,0,0.04
1,1458,"8_2",8,2,"2022_10_11_10-22-05_368.jpg",0.2,0.02,0.06,0.1,0,0,0,0,0,0,0.48,0,0.12,0,0.02,0,0,0,0
1,1479,"8_2",8,2,"2022_10_11_10-22-05_96.jpg",0,0.02,0.04,0.02,0,0,0.2,0,0,0,0.6,0,0,0,0.06,0,0,0,0
1,1462,"8_2",8,2,"2022_10_11_10-22-05_40.jpg",0.14,0.02,0.06,0.06,0,0.02,0.1,0,0,0,0.24,0,0,0,0.36,0,0,0,0
1,1447,"8_2",8,2,"2022_10_11_10-22-05_288.jpg",0.2,0,0.3,0.22,0,0,0.14,0.06,0,0,0,0.04,0,0,0.04,0,0,0,0
1,1441,"8_2",8,2,"2022_10_11_10-22-05_240.jpg",0.08,0.12,0.02,0.46,0,0,0,0.02,0,0,0.04,0.12,0,0,0.14,0,0,0,0
1,1442,"8_2",8,2,"2022_10_11_10-22-05_248.jpg",0.1,0.14,0.06,0.28,0,0,0.02,0.02,0,0,0.08,0,0,0,0.26,0,0,0,0.04
1,1422,"8_2",8,2,"2022_10_11_10-22-05_104.jpg",0.02,0,0,0.08,0.06,0,0.38,0,0,0,0.02,0.02,0.02,0,0.38,0,0,0,0
1,1435,"8_2",8,2,"2022_10_11_10-22-05_200.jpg",0.1,0.18,0,0.2,0,0,0.22,0,0,0,0.28,0,0,0,0.02,0,0,0,0
1,1453,"8_2",8,2,"2022_10_11_10-22-05_328.jpg",0.12,0.2,0.04,0.34,0.02,0,0.02,0,0,0,0.18,0.04,0,0,0.04,0,0,0,0
1,1436,"8_2",8,2,"2022_10_11_10-22-05_208.jpg",0.1,0.08,0.02,0.06,0,0,0.04,0,0,0,0.64,0.02,0,0,0,0,0,0,0.04
1,1449,"8_2",8,2,"2022_10_11_10-22-05_304.jpg",0.48,0,0.04,0.1,0.14,0,0.02,0,0,0,0.08,0,0,0,0.14,0,0,0,0
1,1474,"8_2",8,2,"2022_10_11_10-22-05_64.jpg",0.04,0,0,0,0,0,0.42,0,0,0,0,0,0,0,0.5,0,0,0,0
1,1446,"8_2",8,2,"2022_10_11_10-22-05_280.jpg",0.52,0.08,0.02,0.16,0.02,0,0.02,0.02,0,0,0,0.02,0.02,0,0.02,0,0,0,0
1,1445,"8_2",8,2,"2022_10_11_10-22-05_272.jpg",0.52,0.04,0.02,0.2,0,0,0.06,0,0,0,0,0,0,0,0.02,0,0,0,0
1,1461,"8_2",8,2,"2022_10_11_10-22-05_392.jpg",0.04,0,0.24,0.26,0,0.02,0.04,0.02,0,0,0.22,0.06,0,0,0.1,0,0,0,0
1,1451,"8_2",8,2,"2022_10_11_10-22-05_32.jpg",0.08,0.02,0.06,0.04,0,0.02,0.08,0,0,0,0.44,0,0,0,0.26,0,0,0,0
1,1432,"8_2",8,2,"2022_10_11_10-22-05_176.jpg",0.08,0.14,0.04,0.26,0,0,0.24,0,0,0,0.1,0.06,0,0,0.06,0,0,0,0
1,1438,"8_2",8,2,"2022_10_11_10-22-05_224.jpg",0.1,0.06,0.1,0.38,0.04,0,0.04,0,0,0,0.06,0.02,0,0,0.14,0,0,0.04,0.02
1,1454,"8_2",8,2,"2022_10_11_10-22-05_336.jpg",0.04,0.08,0.14,0.54,0,0.02,0,0.02,0,0,0.02,0.06,0,0,0,0,0,0,0
1,1455,"8_2",8,2,"2022_10_11_10-22-05_344.jpg",0.04,0.14,0.1,0.16,0,0,0.02,0.12,0,0,0.22,0,0,0,0.08,0,0,0,0
1,1470,"8_2",8,2,"2022_10_11_10-22-05_456.jpg",0.1,0.04,0.12,0.08,0,0,0.14,0,0,0,0.2,0,0,0,0.24,0,0,0,0
1,1427,"8_2",8,2,"2022_10_11_10-22-05_144.jpg",0.14,0.1,0.02,0.08,0,0,0.28,0,0,0,0,0.1,0,0,0.26,0,0,0,0
1,1439,"8_2",8,2,"2022_10_11_10-22-05_232.jpg",0.12,0.18,0.06,0.28,0,0,0,0,0,0,0.18,0.14,0,0,0.04,0,0,0,0
1,1431,"8_2",8,2,"2022_10_11_10-22-05_168.jpg",0,0.04,0.1,0.4,0,0,0.3,0,0,0,0,0.12,0,0,0.04,0,0,0,0
1,1476,"8_2",8,2,"2022_10_11_10-22-05_8.jpg",0.12,0.16,0.02,0.24,0,0.02,0.06,0,0,0,0.08,0.1,0,0,0.2,0,0,0,0
1,1425,"8_2",8,2,"2022_10_11_10-22-05_128.jpg",0.06,0,0,0.02,0,0,0.24,0,0,0,0.6,0,0,0,0.04,0,0,0,0
1,1448,"8_2",8,2,"2022_10_11_10-22-05_296.jpg",0.26,0.02,0.18,0.22,0,0.02,0.02,0.14,0,0,0,0.02,0,0,0.1,0,0,0,0
1,1464,"8_2",8,2,"2022_10_11_10-22-05_408.jpg",0.02,0.06,0.2,0.02,0.02,0,0,0.04,0,0,0.02,0.06,0.06,0,0.48,0,0,0,0.02
1,1465,"8_2",8,2,"2022_10_11_10-22-05_416.jpg",0.06,0.04,0,0,0,0,0.04,0.16,0,0,0,0.02,0,0,0.6,0,0,0,0
1,1467,"8_2",8,2,"2022_10_11_10-22-05_432.jpg",0,0.08,0.04,0.28,0,0,0.08,0.04,0,0,0.24,0.04,0,0,0.14,0,0,0,0
1,1429,"8_2",8,2,"2022_10_11_10-22-05_16.jpg",0.06,0.18,0.12,0.34,0.02,0,0.08,0,0,0,0.06,0.12,0,0,0,0,0,0,0
1,1423,"8_2",8,2,"2022_10_11_10-22-05_112.jpg",0.02,0.04,0,0.06,0,0,0.36,0.04,0,0,0,0.06,0.02,0,0.4,0,0,0,0
1,1452,"8_2",8,2,"2022_10_11_10-22-05_320.jpg",0.16,0.12,0.18,0.14,0.02,0,0,0,0,0,0.12,0.22,0,0,0.04,0,0,0,0
1,1440,"8_2",8,2,"2022_10_11_10-22-05_24.jpg",0.12,0.04,0.16,0.04,0.06,0,0.2,0,0,0,0.3,0,0,0,0.08,0,0,0,0
1,1475,"8_2",8,2,"2022_10_11_10-22-05_72.jpg",0.04,0,0.04,0.16,0,0,0.34,0,0,0,0.04,0.02,0,0,0.34,0,0,0,0
1,1477,"8_2",8,2,"2022_10_11_10-22-05_80.jpg",0.06,0,0.02,0.1,0,0,0.1,0,0,0,0.38,0.12,0,0,0.22,0,0,0,0
1,1463,"8_2",8,2,"2022_10_11_10-22-05_400.jpg",0.06,0,0.02,0,0,0,0,0.06,0,0,0.1,0.08,0.04,0,0.6,0,0,0.04,0
1,1473,"8_2",8,2,"2022_10_11_10-22-05_56.jpg",0,0,0.02,0.04,0,0,0.22,0,0,0,0.26,0.08,0,0,0.28,0,0,0,0
1,1468,"8_2",8,2,"2022_10_11_10-22-05_440.jpg",0.14,0.06,0,0.06,0,0,0.32,0.02,0,0.1,0.06,0.02,0,0,0.12,0,0,0,0
1,1430,"8_2",8,2,"2022_10_11_10-22-05_160.jpg",0.04,0,0.1,0.16,0.02,0,0.2,0,0,0.02,0,0.06,0,0,0.38,0,0,0,0
1,1433,"8_2",8,2,"2022_10_11_10-22-05_184.jpg",0.18,0.04,0.06,0.12,0,0,0.18,0,0,0,0.02,0.1,0,0,0.24,0,0,0,0
1,1434,"8_2",8,2,"2022_10_11_10-22-05_192.jpg",0.26,0.08,0,0.2,0,0,0.22,0,0,0,0.06,0.02,0,0,0.14,0,0,0,0
1,1450,"8_2",8,2,"2022_10_11_10-22-05_312.jpg",0.24,0.02,0.14,0.04,0,0,0.04,0,0,0,0.44,0.06,0,0,0,0,0,0,0.02
1,1426,"8_2",8,2,"2022_10_11_10-22-05_136.jpg",0.06,0.04,0.04,0.02,0,0,0.32,0,0,0,0.3,0,0,0,0.2,0,0,0,0
1,1443,"8_2",8,2,"2022_10_11_10-22-05_256.jpg",0.08,0.1,0.1,0.04,0,0.04,0,0,0,0,0.26,0.1,0,0,0.26,0,0,0,0.02
1,1428,"8_2",8,2,"2022_10_11_10-22-05_152.jpg",0,0.04,0.06,0.04,0,0,0.2,0,0,0,0.14,0,0,0,0.5,0,0,0,0
1,1466,"8_2",8,2,"2022_10_11_10-22-05_424.jpg",0.04,0.02,0.06,0.04,0,0.1,0.04,0,0,0,0,0.06,0.06,0,0.56,0,0,0,0.02
