Domain,Unique Identifier,Name,Type,Description,Last Change Date,Abbreviation
Sample Collection Equipment(SampleCollectionEquipmentName),559,6 Inch Core,Benthic Grab,,6/2/2022 3:05:11 PM,6IN
Sample Collection Equipment(SampleCollectionEquipmentName),85,A-Frame Net,Net/Non-Tow,A-frame dip nets are mostly used for catching smelt and are based on a Native American design that has been used on the California coast for many thousands of years. ,8/12/2006 12:51:17 AM,AN
Sample Collection Equipment(SampleCollectionEquipmentName),126,Activity Trap,Trap/Substrate,,8/12/2006 12:51:17 AM,AT
Sample Collection Equipment(SampleCollectionEquipmentName),17,Anchor Box Dredge,Benthic Dredge,A device which can operation on both packed sandy bottom and muddy ground. Derived from the anchor dredge but includes a metal box protecting the net and a mechanical opening and closing mechanism.,8/12/2006 12:51:17 AM,ABD
Sample Collection Equipment(SampleCollectionEquipmentName),127,Artificial Substrate,Trap/Substrate,"A method for sampling hard bottom areas, and quantitatively comparable samples can be obtained from any type of stream to sample bethnic stream invertebrates.",8/12/2006 12:51:17 AM,AS
Sample Collection Equipment(SampleCollectionEquipmentName),518,Autonomous Underwater Vehicle,Miscellaneous/Other,Autonomous Underwater Vehicle,7/14/2021 12:45:32 PM,AUV
Sample Collection Equipment(SampleCollectionEquipmentName),577,Autosampler (other),Miscellaneous/Other,"Automated sampling device for water or air/gas, type unspecified",7/13/2023 5:18:55 PM,ASO
Sample Collection Equipment(SampleCollectionEquipmentName),298,Backhoe,Soil Sampler,An excavator to which a shovel bucket is attached to a hinged boom and is drawn backward to excavate materials.,1/26/2018 12:20:41 PM,BH
Sample Collection Equipment(SampleCollectionEquipmentName),47,Backpack Electroshock,Electroshock,"A scientific survey method used to sample fish populations to determine abundance, density, and species composition.",8/12/2006 12:51:17 AM,BE
Sample Collection Equipment(SampleCollectionEquipmentName),86,Beach Seine Net,Net/Non-Tow,"Seine fishing (or seine-haul fishing) is a method of fishing that employs a fishing net called a seine, that hangs vertically in the water with its bottom edge held down by weights and its top edge buoyed by floats. Seine nets can be deployed from the shore as a beach seine, or from a boat.",1/31/2025 8:48:35 AM,BSN
Sample Collection Equipment(SampleCollectionEquipmentName),71,Beam Trawl,Net/Horizontal Tow,"A beam trawl consists of a cone-shaped body ending in a bag or codend, which retains the catch. In these trawls the horizontal opening of the net is provided by a beam, made of wood or metal, which is up to 12 m long. The vertically opening is provided by two hoop-like trawl mostly made from steel. No hydrodynamic forces are needed to keep a beam trawl open.heads/shoes",8/12/2006 12:51:17 AM,BT
Sample Collection Equipment(SampleCollectionEquipmentName),12,Benthic Corer (Other),Benthic Corer,"A tool that bores a large tube into the benthos and then bringing up a column, or core, of sediment intact within the tube. Caps can automatically seal off the ends of the core after it has pulled up a sample, protecting the sample and keeping it intact. Different sizes and approaches work with different organisms and sediment types.",8/12/2006 12:51:17 AM,BCO
Sample Collection Equipment(SampleCollectionEquipmentName),23,Benthic Dredge (Other),Benthic Dredge,A towed sampling tool that captures benthic organisms in the substrate.,8/12/2006 12:51:17 AM,BDO
Sample Collection Equipment(SampleCollectionEquipmentName),36,Benthic Grab (Other),Benthic Grab,"Grab sampling is the simple process of bringing up surface sediments from the seafloor. Once it is launched, the jaws of the grab sampler open and it descends to the seafloor. A spring closes the jaws, and they trap sediments or loose substrate. The grab sampler is then brought up to the surface where its contents are studied in detail",8/12/2006 12:51:17 AM,BGO
Sample Collection Equipment(SampleCollectionEquipmentName),578,Benthic Kick Net,Miscellaneous/Other,Benthic Kick Net used for sampling benthic macroinvertebrates,7/28/2022 2:54:09 PM,BKK
Sample Collection Equipment(SampleCollectionEquipmentName),277,Beta sampler,Water Sampler,"Samplers, vertical or horizontal, that obtain water samples at a specific depth with little contamination from other water levels. Designed with no metal parts in contact with the sample for more accurate trace metal and organic sampling.",6/2/2025 2:10:03 PM,BSA
Sample Collection Equipment(SampleCollectionEquipmentName),120,Birge Closing Net,Net/Vertical Tow,For vertical and horizontal sampling within a specific zone. Has long inlet cone. Used for vertical and horizontal sampling within a specific zone of water. Consists of 2 truncated cones connected at their bases.,8/12/2006 12:51:17 AM,BCN
Sample Collection Equipment(SampleCollectionEquipmentName),128,Black Light Trap,Trap/Substrate,,8/12/2006 12:51:17 AM,BLT
Sample Collection Equipment(SampleCollectionEquipmentName),87,Block Net,Net/Non-Tow,block net used to funnel species downstream through a narrow opening so that they can be enumerated using sonar.,8/12/2006 12:51:17 AM,BLN
Sample Collection Equipment(SampleCollectionEquipmentName),48,Boat-Mounted Electroshock,Electroshock,"Sometimes called a stunboat the boat itself is the cathode, and the anode(s) are generally mounted off the bow. Electricity flowing between the cathode and anode. This affects the movement of the fish so that they swim toward the anode, where they can be caught.",8/12/2006 12:51:17 AM,BME
Sample Collection Equipment(SampleCollectionEquipmentName),18,Bod Dredge,Benthic Dredge,"Bio-Dredging, a biological process to remove sediment and nutrients from water bodies, and dredging equipment that uses suction or mechanical methods to remove sediment.",8/12/2006 12:51:17 AM,BD
Sample Collection Equipment(SampleCollectionEquipmentName),72,Bongo Net,Net/Horizontal Tow,"Floating or suspended fish eggs and newly hatched larvae are often caught with Bongo nets. The mesh size is very fine, ranging from 20 µm up to 1000 µm (1 mm), thus allowing eggs and larvae with sizes of order 1-20 mm to be caught. The nets, mounted on a rigid yoke, can be towed from the surface to near the bottom for sampling throughout the water column.",8/12/2006 12:51:17 AM,BON
Sample Collection Equipment(SampleCollectionEquipmentName),1,Boomerang Corer,Benthic Corer,"Device can be dropped over the side of a moving ship, where it will sink rapidly to the ocean floor, take a core of sediment, release ballast, and automatically return to the surface for retrieval.",8/12/2006 12:51:17 AM,BMC
Sample Collection Equipment(SampleCollectionEquipmentName),28,Boomerang Grab,Benthic Grab,Free falling samplers that weigh approximately 85 kg and are deployed directly from the side of a boat. ,8/12/2006 12:51:17 AM,BG
Sample Collection Equipment(SampleCollectionEquipmentName),2,Box Corer,Benthic Corer,The boxcorer takes relatively undisturbed samples. The equipment operates by a self releasing trigger system triggered by the frame touching the sea bed. The square box is pushed into the bottom by gravity force of the weight mounted on the top of the box retainer. A spade freed by the trigger-mechanism closes the sample box during the recovery of the unit preventing the sample being washed-out.,8/12/2006 12:51:17 AM,BC
Sample Collection Equipment(SampleCollectionEquipmentName),129,Box Sampler,Trap/Substrate,"A tool used for the quantitative analysis of macroinvertebrates.  Types of boxes include Gerking, 1957 and Anderson and Smith 1996.",8/12/2006 12:51:17 AM,BS
Sample Collection Equipment(SampleCollectionEquipmentName),19,Brail,Benthic Dredge,,8/12/2006 12:51:17 AM,BRL
Sample Collection Equipment(SampleCollectionEquipmentName),151,Bucket,Water Sampler,Sampling water with a bucket.,8/12/2006 12:51:17 AM,B
Sample Collection Equipment(SampleCollectionEquipmentName),20,Burrell Epibenthic Sled,Benthic Dredge,An instrument designed to collect benthic and benthopelagic faunas from the deep sea. The sled is made from a steel frame consisting of two skids and stabilizing planes to keep it from sinking too deep into the mud. ,8/12/2006 12:51:17 AM,BES
Sample Collection Equipment(SampleCollectionEquipmentName),29,Campbell Grab,Benthic Grab,A grab bucket.,8/12/2006 12:51:17 AM,CAG
Sample Collection Equipment(SampleCollectionEquipmentName),190,Cast Net,Net/Non-Tow,"Also called a throw net, is a net used for fishing. It is a circular net with small weights distributed around its edge. The net is cast or thrown by hand in such a manner that it spreads out while it's in the air before it sinks into the water. This technique is called net casting or net throwing. Fish are caught as the net is hauled back in. This simple device is particularly effective for catching small bait or forage fish, and has been in use, with various modifications, for 1000 years.",6/19/2014 12:00:00 AM,CN
Sample Collection Equipment(SampleCollectionEquipmentName),88,Center Bag,Net/Non-Tow,,8/12/2006 12:51:17 AM,CB
Sample Collection Equipment(SampleCollectionEquipmentName),21,Chain Dredge,Benthic Dredge,A dredge chain is the cutting and conveying mechanism found on chain ladder dredges. The main function of a dredge chain is to agitate and excavate material while keeping the suction clear for pumping. ,8/12/2006 12:51:17 AM,CD
Sample Collection Equipment(SampleCollectionEquipmentName),418,Churn Splitter,Water Sampler,A churn splitter is used to ensure that subsamples accurately represent a composite sample. ... Churn splitters—or churns—are used to mix a composited sample and simultaneously dispense it into bottles for laboratory analysis.,7/27/2020 8:18:04 AM,CS
Sample Collection Equipment(SampleCollectionEquipmentName),30,Clam-Shell Grab,Benthic Grab,"A grab dredger picks up seabed material with a clam shell bucket, which hangs from an onboard crane or a crane barge, or is carried by a hydraulic arm, or is mounted like on a dragline. ",8/12/2006 12:51:17 AM,CLG
Sample Collection Equipment(SampleCollectionEquipmentName),121,Clarke-Bumpus Net,Net/Vertical Tow,Zooplankton collection system that could be deployed as multiple units on the wire and had a positive means of opening and closing the mouth of the net.,8/12/2006 12:51:17 AM,CBN
Sample Collection Equipment(SampleCollectionEquipmentName),53,Concussion,Miscellaneous/Other,,8/12/2006 12:51:17 AM,C
Sample Collection Equipment(SampleCollectionEquipmentName),54,Creel Survey,Miscellaneous/Other,"The term creel survey is applied to sampling surveys that target recreational anglers. Traditionally, the survey is conducted on‐site at access points along the water and the angler is asked about the fish species that have been targeted, the numbers of each species caught and released, and the time spent fishing. These data are used to estimate the total catch and effort for that recreational fishery in order to manage its harvest.",7/24/2020 8:18:55 PM,CSU
Sample Collection Equipment(SampleCollectionEquipmentName),90,D-Frame Net,Net/Non-Tow,"Used for muddy-bottom stream sampling, a long-handled D-frame or dip net is recommended for reaching into vegetation that grows along stream banks or is attached to the stream bottom, and for sweeping up macroinvertebrates dislodged from woody debris. D-frame nets also come in different mesh sizes.",8/12/2006 12:51:17 AM,DFN
Sample Collection Equipment(SampleCollectionEquipmentName),176,DH-81,Water Sampler,A lightweight hand-held depth integrating sampler used for the collection of suspendedsediment samples in wadeable streams. ,12/8/2011 4:51:38 PM,D81
Sample Collection Equipment(SampleCollectionEquipmentName),175,DH-95,Water Sampler,The US DH-95TM14 is a hand-line suspended-sediment/water-quality sampler.,12/8/2011 4:51:38 PM,D95
Sample Collection Equipment(SampleCollectionEquipmentName),89,Danish Seine Net,Net/Non-Tow,"Also occasionally called an anchor seine, consists of a conical net with two long wings with a bag where the fish collect. Drag lines extend from the wings, and are long so they can surround an area. A seine hangs vertically in the water with its bottom edge held down by weights and its top edge buoyed by floats. Seine nets can be deployed from the shore as a beach seine, or from a boat.",8/12/2006 12:51:17 AM,DSN
Sample Collection Equipment(SampleCollectionEquipmentName),3,Dart Corer (Gravity),Benthic Corer,"A bottom-sampling device that penetrates a few centimeters to several meters below the seafloor. To obtain samples of surficial sediments, a piston core or gravity core “dart”, a weighted tube, is dropped to the ocean floor and recovered with an attached wire line. ",8/12/2006 12:51:17 AM,DRCG
Sample Collection Equipment(SampleCollectionEquipmentName),488,Depth-integrating SuspendedWadingSampler,Suspended Sediment Sampler,Depth-integrating samplers accumulate a water-sediment sample in a pint-size milk bottle as they are lowered to the streambed and raised back to the surface at a uniform rate of transit.,8/11/2022 9:21:46 AM,DISWS
Sample Collection Equipment(SampleCollectionEquipmentName),31,Dietz-Lafond Grab,Benthic Grab,A grab sampler used to obtain bottom samples from the seabed.,8/12/2006 12:51:17 AM,DLG
Sample Collection Equipment(SampleCollectionEquipmentName),214,Diffusion Gradient in Thin Film,Miscellaneous/Other,Diffusion Gradient in Thin Film,11/26/2021 12:09:44 AM,DGTF
Sample Collection Equipment(SampleCollectionEquipmentName),91,Dip Net,Net/Non-Tow,Used for collecting aquatic invertebrates and fish from the bank of a body of water. ,8/12/2006 12:51:17 AM,DIN
Sample Collection Equipment(SampleCollectionEquipmentName),378,Dip Pole,Miscellaneous/Other,Dip Pole,7/23/2019 11:52:33 AM,DP
Sample Collection Equipment(SampleCollectionEquipmentName),203,Disposable plastic scoop,Soil Sampler,A plastic samplign tool that is disposable.,2/19/2016 8:25:18 AM,DPS
Sample Collection Equipment(SampleCollectionEquipmentName),558,Diver,Benthic Grab,,6/2/2022 3:04:02 PM,DV
Sample Collection Equipment(SampleCollectionEquipmentName),55,Draw Down,Miscellaneous/Other,,8/12/2006 12:51:17 AM,DD
Sample Collection Equipment(SampleCollectionEquipmentName),92,Drift Gill Net,Net/Non-Tow,Vertical panels of netting that hang from a line with regularly spaced floaters that hold the line on the surface of the water. ,8/12/2006 12:51:17 AM,DGN
Sample Collection Equipment(SampleCollectionEquipmentName),4,Drilled Sampler,Benthic Corer,Testing and Sampling both soil or rock samples taken at desired depth intervals,8/12/2006 12:51:17 AM,DRS
Sample Collection Equipment(SampleCollectionEquipmentName),5,Drive Sampler (Generic),Benthic Corer,The Drive Sampler is used to sample the in-place soil by driving a thin-walled tube to obtain a soil sample of known volume.,8/12/2006 12:51:17 AM,DRSG
Sample Collection Equipment(SampleCollectionEquipmentName),93,Drop Net,Net/Non-Tow,"Used for one-man bait catching.  A net dropped from bridge, pier , boat, any place over water. ",8/12/2006 12:51:17 AM,DRN
Sample Collection Equipment(SampleCollectionEquipmentName),32,Ekman Grab,Benthic Grab,A soft sediment sampler. Sediments must be free from debris and plant growth. Takes a disturbed sample from very soft top layers. Spring loaded jaws prevent loss of material therefore you must ensure no small stones or stalks prevent the closure of grab and so loss of your sample.,8/12/2006 12:51:17 AM,EG
Sample Collection Equipment(SampleCollectionEquipmentName),49,Electric Seine,Electroshock,A electrified net used to collect fish that hangs vertically in the water. It can be moved up and down the stream to collect fish.  ,8/12/2006 12:51:17 AM,ES
Sample Collection Equipment(SampleCollectionEquipmentName),50,Electroshock (Other),Electroshock,The process of sending an electrical current through a body of water to stun fish for the purpose of colleting information on the health and composition of a fish population.,8/12/2006 12:51:17 AM,EO
Sample Collection Equipment(SampleCollectionEquipmentName),130,Emergence Trap,Trap/Substrate,Emergence Trap is designed to float on the surface of a pond or other water body and will trap adult insects as they emerge from the water. This trap is ideal for estimating the population densities of insect species.,8/12/2006 12:51:17 AM,ET
Sample Collection Equipment(SampleCollectionEquipmentName),94,English Umbrella Net,Net/Non-Tow,"A rectangular net 200 cm on a side and 300 cm long made from 0.22 mm nylon mesh is designed to fit through a hole in an ice flow closed, and open once underneath. A messenger is used to close the mouth opening at a specific depth prior to retrieval though the ice",8/12/2006 12:51:17 AM,EUN
Sample Collection Equipment(SampleCollectionEquipmentName),6,Erwin Piston Corer,Benthic Corer,"A piston corer is a long, heavy tube plunged into the seafloor to extract samples of mud sediment. A piston inside the tube allows scientists to capture the longest possible samples, up to 90 feet in length. ",8/12/2006 12:51:17 AM,EPC
Sample Collection Equipment(SampleCollectionEquipmentName),7,Ewing Gravity Corer,Benthic Corer,The gravity corer allows researchers to sample and study sediment layers at the bottom of lakes or oceans. It got its name because gravity carries it to the bottom of the water body. ,8/12/2006 12:51:17 AM,EGC
Sample Collection Equipment(SampleCollectionEquipmentName),213,Excavator bucket,Miscellaneous/Other,"Excavator buckets are made of solid steel and generally present teeth protruding from the cutting edge, to disrupt hard material and avoid wear-and-tear of the bucket. ",4/28/2016 11:49:39 AM,EXB
Sample Collection Equipment(SampleCollectionEquipmentName),22,Experimental Brail,Benthic Dredge,,8/12/2006 12:51:17 AM,EB
Sample Collection Equipment(SampleCollectionEquipmentName),95,Experimental Gill Net,Net/Non-Tow,"Gill netting is the capture of fish by entanglement in a fabric mesh that is not actively moved by man or machine.  Experimental gill nets usually have several 4.5- to 15-m panels of various mesh sizes, thus reducing the potential for size selectivity.",8/12/2006 12:51:17 AM,EGN
Sample Collection Equipment(SampleCollectionEquipmentName),575,Faucet,Miscellaneous/Other,Water sample from faucet,7/13/2023 5:18:55 PM,F
Sample Collection Equipment(SampleCollectionEquipmentName),131,Fish Weir,Trap/Substrate,"Fish weir an obstruction placed in tidal waters, or wholly or partially across a river, to direct the passage of, or trap fish.",8/12/2006 12:51:17 AM,FW
Sample Collection Equipment(SampleCollectionEquipmentName),619,Flow Meter,Water Sampler,Measures the flow of water,6/1/2023 4:57:51 PM,FM
Sample Collection Equipment(SampleCollectionEquipmentName),33,Free Fall Grab,Benthic Grab,"A scissors-type, free-fall grab is disclosed for picking up ground samples from a sea bed.",8/12/2006 12:51:17 AM,FFG
Sample Collection Equipment(SampleCollectionEquipmentName),132,Fry Trap,Trap/Substrate,,8/12/2006 12:51:17 AM,FRT
Sample Collection Equipment(SampleCollectionEquipmentName),133,Funnel Trap,Trap/Substrate,,8/12/2006 12:51:17 AM,FUT
Sample Collection Equipment(SampleCollectionEquipmentName),96,Fyke Net,Net/Non-Tow,A bag net for catching fish.,8/12/2006 12:51:17 AM,FN
Sample Collection Equipment(SampleCollectionEquipmentName),134,Glass Slide,Trap/Substrate,,8/12/2006 12:51:17 AM,GS
Sample Collection Equipment(SampleCollectionEquipmentName),45,Glass Slide Device,Diatometer,,8/12/2006 12:51:17 AM,GSD
Sample Collection Equipment(SampleCollectionEquipmentName),188,Glass fiber filter,Air Sampler,For general gravimetric air sampling and analysis,7/27/2020 10:38:19 AM,GFF
Sample Collection Equipment(SampleCollectionEquipmentName),8,Gravity Corer (Generic),Benthic Corer,"Gravity corers are widely used for the collection of the smallest marine metazoans (meiofauna) from subtidal grounds. The gravity corer is basically a weighted tube mounted within a frame that descends by gravity from the research vessel to the sea floor, where it penetrates the sediment to a given depth, filling the tube with sediment in the process. ",8/12/2006 12:51:17 AM,GCG
Sample Collection Equipment(SampleCollectionEquipmentName),576,Hand (other),Miscellaneous/Other,Grabbed or picked by hand or hand tool,7/13/2023 5:18:55 PM,HO
Sample Collection Equipment(SampleCollectionEquipmentName),9,Hand Corer,Benthic Corer,"A hand-held benthic corer uses a plumber's pipe test plug to create suction. The test plug excludes water, detritus, aquatic plants, and creates suction that holds substrate in the barrel of the corer.",8/12/2006 12:51:17 AM,HC
Sample Collection Equipment(SampleCollectionEquipmentName),318,Hanging Bag,Water Sampler,Sampling bags are used to collect and contain samples of solids and liquids for laboratory tests. ,1/31/2018 12:36:31 PM,HB
Sample Collection Equipment(SampleCollectionEquipmentName),73,Herring Trawl,Net/Horizontal Tow,A trawl to collect herring.,8/12/2006 12:51:17 AM,HT
Sample Collection Equipment(SampleCollectionEquipmentName),135,Hess Sampler,Trap/Substrate,"Hess-type stream samplers are intended for sampling macrobenthos in shallow, flowing waters. They are cylindrical with enclosed sides and an open top. They function similarly to the surber-type samplers but are capable of sampling gravel and small cobble bottoms.",8/12/2006 12:51:17 AM,HS
Sample Collection Equipment(SampleCollectionEquipmentName),136,Hester-Dendy,Trap/Substrate,"The HesterDendy is a sampler suspended at several depths, float at the surface or attach to submerged objects such as boulders or stakes. Rubber tubing is used to allow for the swelling of the plates when they absorb water.  There are square and EPA Round plates.",8/12/2006 12:51:17 AM,HD
Sample Collection Equipment(SampleCollectionEquipmentName),204,"Hivol Modified, Quartz Filter",Air Sampler,,2/26/2016 3:02:42 PM,HMQF
Sample Collection Equipment(SampleCollectionEquipmentName),205,"Hivol Modified, XAD Resin",Air Sampler,,2/26/2016 3:02:43 PM,HMXR
Sample Collection Equipment(SampleCollectionEquipmentName),56,Hook And Line,Miscellaneous/Other,"Traditionally, a fishing pole used to catch fish for determining abundance and to perform fish tissue analyses.",12/12/2019 11:24:21 AM,HL
Sample Collection Equipment(SampleCollectionEquipmentName),212,Horizontal Secchi Disk,Miscellaneous/Other,"The Secchi disk is a simple device used to estimate depth. It consists of a weighted circular plate, 20 cm in diameter, with the surface painted with opposing black and white quarters. It is attached to a calibrated line by a ring at the center, so that when held by the line, it hangs horizontally.",3/17/2016 3:35:20 PM,HSD
Sample Collection Equipment(SampleCollectionEquipmentName),34,Hydraulic Grab,Benthic Grab,,8/12/2006 12:51:17 AM,HG
Sample Collection Equipment(SampleCollectionEquipmentName),278,Hydraulic Push Core/Geoprobe,Soil Sampler,,8/30/2017 4:18:02 PM,HPCG
Sample Collection Equipment(SampleCollectionEquipmentName),57,Hydroacoustics,Miscellaneous/Other,,8/12/2006 12:51:17 AM,HA
Sample Collection Equipment(SampleCollectionEquipmentName),428,Hydrometer,Water Sampler,"A hydrometer or lactometer is an instrument used for measuring density or relative density of liquids based on the concept of buoyancy. hydrometer, device for measuring some characteristics of a liquid, such as its density (weight per unit volume) or specific gravity (weight per unit volume compared with water).",7/1/2022 12:35:32 PM,H
Sample Collection Equipment(SampleCollectionEquipmentName),10,Hydroplastic (PVC) Corer,Benthic Corer,"a pvc device having a hollow cylindrical drill or tube, used for taking samples of earth, rock, etc., from below the surface of the ground or ocean bottom.",8/12/2006 12:51:17 AM,HPC
Sample Collection Equipment(SampleCollectionEquipmentName),338,Ice Auger,Soil Sampler,Either gas or hand-powered are used by ice fishermen to drill holes to fish through.,3/14/2018 3:45:56 PM,IA
Sample Collection Equipment(SampleCollectionEquipmentName),137,Insect Trap,Trap/Substrate,Traps used to monitor or directly reduce populations of insects.,8/12/2006 12:51:17 AM,IT
Sample Collection Equipment(SampleCollectionEquipmentName),638,Integrated Sampler,Water Sampler,2m PVC Pipe with a value and rubber stopper used to collect water at the surface,7/11/2023 11:01:25 AM,IS
Sample Collection Equipment(SampleCollectionEquipmentName),74,Isaacs-Kidd Trawl,Net/Horizontal Tow,The standard net for collection of larger quantities of macrozoplankton and micronekton.,8/12/2006 12:51:17 AM,IKT
Sample Collection Equipment(SampleCollectionEquipmentName),138,Juday Trap,Trap/Substrate,A phytoplankton trap,8/12/2006 12:51:17 AM,JT
Sample Collection Equipment(SampleCollectionEquipmentName),153,Kemmerer Bottle,Water Sampler,"Water sampler (vertical water bottle) is used for general water sampling in lakes, channels, wells and the sea. This sampler consists entirely out of plastic parts so that there is no risk of the sample coming into contact with metal. The Kemmerer water sampler holds 1.2 litre.",8/12/2006 12:51:17 AM,KB
Sample Collection Equipment(SampleCollectionEquipmentName),97,Kick Net,Net/Non-Tow,"For rocky-bottom stream sampling of macro, a kick net of 590 µm (a #30 mesh size) or 500 µm (#35 mesh size) is recommended. (Mesh size is usually measured in microns, µm. The higher the number, the coarser the mesh.)",8/12/2006 12:51:17 AM,KN
Sample Collection Equipment(SampleCollectionEquipmentName),11,Kullenberg Gravity Corer,Benthic Corer,"The piston corer is a long, heavy tube plunged into the seafloor to extract samples of mud sediment. A piston inside the tube allows scientists to capture the longest possible samples, up to 90 feet in length. Kullenberg modifications, adding an internal piston that helps researchers gather even longer mud samples. ",8/12/2006 12:51:17 AM,KGC
Sample Collection Equipment(SampleCollectionEquipmentName),560,Large Van Veen Grab,Benthic Grab,"The Van Veen grab is designed for collecting sediment samples in fresh and marine water, from soft or medium-hard bottoms like sand, gravel, consolidated marl or clay. It consists of two buckets connected by a hinge. ",6/2/2022 4:01:46 PM,LVVG
Sample Collection Equipment(SampleCollectionEquipmentName),139,Larval Light Fish Trap,Trap/Substrate,Passive sampling of a broad range of planktonic organisms,8/12/2006 12:51:17 AM,LLFT
Sample Collection Equipment(SampleCollectionEquipmentName),658,Light Meter,Miscellaneous/Other,Device that measures the intensity of light in the visible spectrum,4/28/2026 2:05:33 PM,LM
Sample Collection Equipment(SampleCollectionEquipmentName),58,Long Line,Miscellaneous/Other,A type of deep-sea fishing gear consisting of a long main line anchored to the bottom to which shorter lines with baited hooks are fastened at intervals.,12/12/2019 11:25:06 AM,LL
Sample Collection Equipment(SampleCollectionEquipmentName),206,"MIC-B, XAD Resin",Air Sampler,,2/26/2016 3:02:43 PM,MBXR
Sample Collection Equipment(SampleCollectionEquipmentName),101,MTD Net,Net/Non-Tow,,8/12/2006 12:51:17 AM,MN
Sample Collection Equipment(SampleCollectionEquipmentName),98,Marmap Neuston Net,Net/Non-Tow,A net that is mainly used to collect neuston and is pulled by a research vessel. Neuston consists of organisms living in the upper 10 cm of the water column.,8/12/2006 12:51:17 AM,MNN
Sample Collection Equipment(SampleCollectionEquipmentName),189,Meteorological Data,Miscellaneous/Other,,1/19/2016 11:25:07 AM,MD
Sample Collection Equipment(SampleCollectionEquipmentName),99,Minnow Seine Net,Net/Non-Tow,A net used to collect bait fish like minnows. It is made of a small mesh size with wooden poles on both ends.,12/12/2019 11:29:26 AM,MSN
Sample Collection Equipment(SampleCollectionEquipmentName),59,Miscellaneous (Other),Miscellaneous/Other,,8/12/2006 12:51:17 AM,MO
Sample Collection Equipment(SampleCollectionEquipmentName),100,Mochness Net,Net/Non-Tow,MOCNESS is the acronym for Multiple Opening/Closing Net and Environmental Sensing System and is a net system for plankton in the ocean.,8/12/2006 12:51:17 AM,MON
Sample Collection Equipment(SampleCollectionEquipmentName),140,Modified Surber Sampler,Trap/Substrate,Used for taking quantitative samples of organisms that live in the sediment or gravel of stream beds where the water flow is less than 10cm/s.,8/12/2006 12:51:17 AM,MSS
Sample Collection Equipment(SampleCollectionEquipmentName),154,Nansen Bottle,Water Sampler,A device for obtaining samples of water at a specific depth. It was designed in 1894 by Fridtjof Nansen and further developed by Shale Niskin in 1966.,8/12/2006 12:51:17 AM,NB
Sample Collection Equipment(SampleCollectionEquipmentName),141,Natural Substrate,Trap/Substrate,,8/12/2006 12:51:17 AM,NS
Sample Collection Equipment(SampleCollectionEquipmentName),122,Net Vertical Tow (Other),Net/Vertical Tow,,8/12/2006 12:51:17 AM,NVTO
Sample Collection Equipment(SampleCollectionEquipmentName),75,Net/Horizontal Tow (Other),Net/Horizontal Tow,,8/12/2006 12:51:17 AM,NHTO
Sample Collection Equipment(SampleCollectionEquipmentName),103,Net/Non Tow (Other),Net/Non-Tow,,8/12/2006 12:51:17 AM,NNTO
Sample Collection Equipment(SampleCollectionEquipmentName),155,Niskin Bottle,Water Sampler,A plastic cylinder with stoppers at each end in order to seal the bottle completely. This device is used to take water samples at a desired depth without the danger of mixing with water from other depths.,8/12/2006 12:51:17 AM,NIB
Sample Collection Equipment(SampleCollectionEquipmentName),102,Norpac Net,Net/Non-Tow,A plankton net.,8/12/2006 12:51:17 AM,NN
Sample Collection Equipment(SampleCollectionEquipmentName),35,Orange-Peel Grab,Benthic Grab,,8/12/2006 12:51:17 AM,OPG
Sample Collection Equipment(SampleCollectionEquipmentName),142,Original Surber Sampler,Trap/Substrate,,8/12/2006 12:51:17 AM,OSS
Sample Collection Equipment(SampleCollectionEquipmentName),498,Osterberg Piston Sampler,Soil Sampler,"This is an hydraulic piston sampler, suitable for sampling in silty, clay and medium-fine grain soils, characterized by a medium-low consistency.",1/21/2021 3:05:59 PM,OPS
Sample Collection Equipment(SampleCollectionEquipmentName),60,Other Toxicant,Miscellaneous/Other,,8/12/2006 12:51:17 AM,OTO
Sample Collection Equipment(SampleCollectionEquipmentName),76,Otter Trawl,Net/Horizontal Tow,A large fish net that is dragged behind a research vessel along the sea bottom or the pelagic zone. The otter trawl is mainly used to catch roundfish living above the sea bottom such as whiting and cod.,8/12/2006 12:51:17 AM,OTR
Sample Collection Equipment(SampleCollectionEquipmentName),319,PTFE netting,Miscellaneous/Other,Teflon netting used to measure water surface,1/31/2018 2:58:51 PM,PTN
Sample Collection Equipment(SampleCollectionEquipmentName),77,Pair Trawl,Net/Horizontal Tow,"A fishing activity carried out by two boats, with one towing each warp (the towing cables). As the mouth of the net is kept open by the lateral pull of the individual vessels, otter boards are not required.",8/12/2006 12:51:17 AM,PT
Sample Collection Equipment(SampleCollectionEquipmentName),13,Pamatmat Multiple Quartz Corer,Benthic Corer,"sampling devices that can collect several sediment cores simultaneously. These are used for multiple sampling at a single location, comparative studies, and assessing sampling precision or sediment heterogeneity.",8/12/2006 12:51:17 AM,PMQC
Sample Collection Equipment(SampleCollectionEquipmentName),37,Peterson Grab,Benthic Grab,"A deliberately heavy device for biting deep into hard bottoms and can hold up to 8 removable weights. Vent holes permit water to flow through while the grab is lowered, minimising diagonal movement and reducing the frontal shock wave. Jaws close clamshell- fashion.",8/12/2006 12:51:17 AM,PEG
Sample Collection Equipment(SampleCollectionEquipmentName),38,Petite Ponar Grab,Benthic Grab,"Widely used in fresh and salt water for taking samples of hard bottoms such as sand, gravel, consolidated marl or clay. The Petite Ponar Grab is much lighter than the Standard Ponar and designed for hand-line operation. ",8/12/2006 12:51:17 AM,PPG
Sample Collection Equipment(SampleCollectionEquipmentName),14,Phleger Corer (Gravity),Benthic Corer,A gravity corer is just a weighted pipe that is allowed to free fall into the water and enables a corer to capture a sediment sample.,8/12/2006 12:51:17 AM,PCGR
Sample Collection Equipment(SampleCollectionEquipmentName),24,Pipe Dredge,Benthic Dredge,,8/12/2006 12:51:17 AM,PD
Sample Collection Equipment(SampleCollectionEquipmentName),15,Piston Corer (Generic),Benthic Corer,"The piston corer is a long, heavy tube plunged into the seafloor to extract samples of mud sediment. A piston inside the tube allows scientists to capture the longest possible samples, up to 90 feet in length.",8/12/2006 12:51:17 AM,PCG
Sample Collection Equipment(SampleCollectionEquipmentName),123,Plankton Net,Net/Vertical Tow,A net for horizontal or vertical tows in fresh or salt water.,8/12/2006 12:51:17 AM,PLN
Sample Collection Equipment(SampleCollectionEquipmentName),46,Plexiglass Slide Device,Diatometer,,8/12/2006 12:51:17 AM,PSD
Sample Collection Equipment(SampleCollectionEquipmentName),144,Plexiglass Trap,Trap/Substrate,,8/12/2006 12:51:17 AM,PLT
Sample Collection Equipment(SampleCollectionEquipmentName),597,Plug,Water Sampler,"a device, typically a small cartridge or column, used to collect and pre-concentrate analytes from a sample.",4/17/2025 1:44:20 PM,P
Sample Collection Equipment(SampleCollectionEquipmentName),104,Plummet Net,Net/Non-Tow,Plummet nets are a down-fishing zooplankton sampler that has no mouth obstructions and is cinched shut when the desired depth is reached. ,7/24/2020 8:24:46 PM,PLUN
Sample Collection Equipment(SampleCollectionEquipmentName),217,Pneumatic Drive Core,Benthic Corer,Pneumatic drives operate based on a principle which involves transforming pressurised air (or other gas) energy into linear or rotational movement.,12/11/2023 12:53:35 PM,PDC
Sample Collection Equipment(SampleCollectionEquipmentName),486,Point-integrating suspended sampler,Suspended Sediment Sampler,Point-integrating samplers accumulate a water-sediment sample at any selected point in a stream.,8/11/2022 9:21:46 AM,PISS
Sample Collection Equipment(SampleCollectionEquipmentName),173,Polar Orga. Chem. Integrative Sampler,Water Sampler,"(POCIS) is a passive sampling device which allows for the in situ collection of a time-integrated average of hydrophilic organic contaminants developed by researchers with the United States Geological Survey in Columbia, Missouri.",12/8/2011 4:41:07 PM,POCIS
Sample Collection Equipment(SampleCollectionEquipmentName),276,Polyethylene Device,Water Sampler,PEDs provide a reliable tool for measuring dissolved concentrations of hydrophobic organic contaminants (HOCs),7/9/2025 2:29:23 PM,PED
Sample Collection Equipment(SampleCollectionEquipmentName),320,Polyethylene wipe,Miscellaneous/Other,,1/31/2018 2:58:51 PM,PW
Sample Collection Equipment(SampleCollectionEquipmentName),191,Polyurethane Foam matrix,Air Sampler,,1/19/2016 11:25:07 AM,PFM
Sample Collection Equipment(SampleCollectionEquipmentName),39,Ponar Grab,Benthic Grab,"Widely used in fresh and salt water for taking samples of hard bottoms such as sand, gravel, consolidated marl or clay. The Standard Ponar is deliberately heavy device for biting deep into the bottom and has proven success at invertebrate recovery. ",8/12/2006 12:51:17 AM,POG
Sample Collection Equipment(SampleCollectionEquipmentName),481,Portable sediment centrifuge ,Suspended Sediment Sampler,"Portable centrifuge designed to separate suspended sediment from surface water by pumping surface water through a centrifuge, resulting in sediment free water (centrifugate water), and suspended sediment samples.",2/25/2026 7:37:09 PM,PSC
Sample Collection Equipment(SampleCollectionEquipmentName),105,Pound Net,Net/Non-Tow,Pound nets consist of a fence leader that interrupts the movements of target species and a heart that funnels fish into the trap (pound) via a no return mesh tunnel. ,8/12/2006 12:51:17 AM,PON
Sample Collection Equipment(SampleCollectionEquipmentName),51,Pram Electroshock,Electroshock,,8/12/2006 12:51:17 AM,PE
Sample Collection Equipment(SampleCollectionEquipmentName),169,Probe/Sensor,Water Sampler,An instrument used to assess ambient water or air quality directly.,7/27/2020 8:18:51 AM,PRS
Sample Collection Equipment(SampleCollectionEquipmentName),25,Pull Sled,Benthic Dredge,,8/12/2006 12:51:17 AM,PS
Sample Collection Equipment(SampleCollectionEquipmentName),157,Pump/Air Lift,Water Sampler,,8/12/2006 12:51:17 AM,PAL
Sample Collection Equipment(SampleCollectionEquipmentName),158,Pump/Bailer,Water Sampler,A pump that has low suction and moderate discharge of liquid and entrained solids. Used to collect fauna samples from sediment.,8/12/2006 12:51:17 AM,PB
Sample Collection Equipment(SampleCollectionEquipmentName),359,Pump/Bladder,Water Sampler,Pump with an internal bladder using changing air pressure from an air compressor or compressed air tank to draw water.,4/3/2019 9:32:35 AM,PIB
Sample Collection Equipment(SampleCollectionEquipmentName),159,Pump/Centrifugal,Water Sampler,,8/12/2006 12:51:17 AM,PC
Sample Collection Equipment(SampleCollectionEquipmentName),160,Pump/Jet,Water Sampler,"Water jet pump is used for withdrawing liquids and gases, and for creating a vacuum. Simple operation and easy cleaning. Very low water consumption, constant pressure and high suction.",8/12/2006 12:51:17 AM,PJ
Sample Collection Equipment(SampleCollectionEquipmentName),161,Pump/Non-Submersible,Water Sampler,,8/12/2006 12:51:17 AM,PNS
Sample Collection Equipment(SampleCollectionEquipmentName),185,Pump/Peristaltic,Water Sampler,"A type of positive displacement pump used for pumping a variety of fluids, they are also commonly known as roller pumps. The fluid is contained within a flexible tube fitted inside a circular pump casing (though linear peristaltic pumps have been made).",7/31/2020 7:14:11 PM,PPE
Sample Collection Equipment(SampleCollectionEquipmentName),162,Pump/Piston,Water Sampler,,8/12/2006 12:51:17 AM,PP
Sample Collection Equipment(SampleCollectionEquipmentName),163,Pump/Rotary,Water Sampler,,8/12/2006 12:51:17 AM,PR
Sample Collection Equipment(SampleCollectionEquipmentName),164,Pump/Submersible,Water Sampler,,7/24/2020 8:08:44 PM,PSU
Sample Collection Equipment(SampleCollectionEquipmentName),165,Pump/Turbine,Water Sampler,,7/24/2020 8:08:44 PM,PTU
Sample Collection Equipment(SampleCollectionEquipmentName),482,Pumping suspended sampler,Suspended Sediment Sampler,The pumping sampler is designed to obtain a continuous record of sediment concentration by sampling at a fixed point at specific intervals.,8/11/2022 9:21:46 AM,PSS
Sample Collection Equipment(SampleCollectionEquipmentName),106,Purse Seine Net,Net/Non-Tow,"A purse seine is a large wall of netting deployed around an entire area or school of fish. The seine has floats along the top line with a lead line threaded through rings along the bottom. Once a school of fish is located, a skiff encircles the school with the net. The lead line is then pulled in, ""pursing"" the net closed on the bottom, preventing fish from escaping by swimming downward.",8/12/2006 12:51:17 AM,PSN
Sample Collection Equipment(SampleCollectionEquipmentName),78,Push Net,Net/Horizontal Tow,A  small triangular fishing net with a rigid frame that is pushed along the bottom in shallow waters and is used in parts of the southwestern Pacific for taking shrimps and small bottom-dwelling fishes.,8/12/2006 12:51:17 AM,PN
Sample Collection Equipment(SampleCollectionEquipmentName),184,Push Point Sampler,Water Sampler,A mini-piezometer pore water sampler for sampling pore water.,7/31/2015 10:49:05 AM,PPS
Sample Collection Equipment(SampleCollectionEquipmentName),380,Quadrat,Trap/Substrate,"each of a number of small areas of habitat, typically of one square meter, selected at random to act as samples for assessing the local distribution of plants or animals.",1/23/2020 2:31:47 PM,Q
Sample Collection Equipment(SampleCollectionEquipmentName),192,Quartz filter,Air Sampler,"Quartz fiber filters are used for air sampling in acidic gases, stacks, flues and aerosols, particularly at high temperatures and in PM-10 testing.",1/19/2016 11:25:07 AM,QF
Sample Collection Equipment(SampleCollectionEquipmentName),182,Radiello,Air Sampler,"A passive/diffusive sampler for environmental monitoring, ambient and outdoor air monitoring, industrial hygiene, industrial air quality (IAQ), personal sampling and breathing zone assessment. ",7/24/2020 8:12:15 PM,RA
Sample Collection Equipment(SampleCollectionEquipmentName),107,Rectangular Net,Net/Non-Tow,,8/12/2006 12:51:17 AM,RN
Sample Collection Equipment(SampleCollectionEquipmentName),61,Remotely Operated Vehicle,Miscellaneous/Other,,8/12/2006 12:51:17 AM,ROV
Sample Collection Equipment(SampleCollectionEquipmentName),186,Rock Bag,Trap/Substrate,"The abundance and generic richness of a macroinvertebrate community in a river or stream is determined by counting the number of species or genera in a standardized sampling unit. Rock bags allow sampling in depths as shallow as five centimeters, and can be flattened to fit stream bed contours.",10/5/2015 11:37:33 AM,RB
Sample Collection Equipment(SampleCollectionEquipmentName),145,Rock Basket,Trap/Substrate,The abundance and generic richness of a macroinvertebrate community in a river or stream is determined by counting the number of species or genera in a standardized sampling unit.  Rock baskets are used for the majority of wadeable sites. ,8/12/2006 12:51:17 AM,RBT
Sample Collection Equipment(SampleCollectionEquipmentName),187,Rock-filled Cone Sampler,Trap/Substrate,"The abundance and generic richness of a macroinvertebrate community in a river/stream is determined by counting the number of species or genera in a standardized sampling unit. Remote-retrievable rock-filled cone samplers allow for sampling in sites that are not wadeable. These devices are retrieved by boat using a weighted, funnel-shaped apparatus that is dropped down a line to settle over the cone. The base of the cone is fitted with Nytex mesh to prevent the loss of organisms upon retrieval. ",10/5/2015 11:38:32 AM,RFCS
Sample Collection Equipment(SampleCollectionEquipmentName),79,Roller Frame Trawl,Net/Horizontal Tow,"The roller-frame trawl, a type of gear unique to Florida, is used in seagrass beds to harvest food shrimp and bait shrimp. ",8/12/2006 12:51:17 AM,RFT
Sample Collection Equipment(SampleCollectionEquipmentName),193,Rosette Sampler,Water Sampler,A rosette sampler is a device used for water sampling in deep water (such as the Great Lakes or oceans) in order to investigate about its quality.,1/19/2016 11:25:07 AM,RS
Sample Collection Equipment(SampleCollectionEquipmentName),62,Rotenone,Miscellaneous/Other,"Rotenone is an odorless, colorless, crystalline isoflavone used as a broad-spectrum insecticide, piscicide, and pesticide. It occurs naturally in the seeds and stems of several plants, such as the jicama vine plant, and the roots of several members of Fabaceae.",8/12/2006 12:51:17 AM,R
Sample Collection Equipment(SampleCollectionEquipmentName),216,Rotonsonic drill rig,Benthic Corer,"Boreholes are drilled, cored and cased by rotating and vibrating the rod, core barrel and casing at resonant sonic frequencies. It is outstanding in its ability to provide continuous, undisturbed core samples through any geological formation",12/6/2023 10:32:53 AM,RDR
Sample Collection Equipment(SampleCollectionEquipmentName),108,Roving Drop Net,Net/Non-Tow,,8/12/2006 12:51:17 AM,RDN
Sample Collection Equipment(SampleCollectionEquipmentName),598,SPATT Bags,Water Sampler,A porous synthetic resin filled sachet used to measure biotoxins,10/13/2022 11:16:56 AM,SPTB
Sample Collection Equipment(SampleCollectionEquipmentName),40,Scoop Fish Grab,Benthic Grab,,8/12/2006 12:51:17 AM,SFG
Sample Collection Equipment(SampleCollectionEquipmentName),194,Seabird CTD profiler,Water Sampler,An instrument that measures water parameters as it travels through the water.,1/19/2016 11:25:07 AM,SCP
Sample Collection Equipment(SampleCollectionEquipmentName),202,Secchi Disk,Miscellaneous/Other,"A plain white, circular disk 30 cm (12 in) in diameter used to measure water transparency or turbidity in bodies of water. The disc is mounted on a pole or line, and lowered slowly down in the water. The depth at which the disk is no longer visible is taken as a measure of the transparency of the water. ",1/27/2016 12:01:03 AM,SD
Sample Collection Equipment(SampleCollectionEquipmentName),146,Sediment Trap,Trap/Substrate,,8/12/2006 12:51:17 AM,SEDT
Sample Collection Equipment(SampleCollectionEquipmentName),218,Sediment peeper,Water Sampler,Sediment porewater dialysis passive sampler: An in-situ dialysis sampler for sampling sediment pore water,2/9/2024 12:11:24 PM,SP
Sample Collection Equipment(SampleCollectionEquipmentName),195,Sediment sipper core,Soil Sampler,,1/19/2016 11:25:07 AM,SSIPC
Sample Collection Equipment(SampleCollectionEquipmentName),196,Sediment sub-core,Soil Sampler,,1/19/2016 11:25:07 AM,SSUBC
Sample Collection Equipment(SampleCollectionEquipmentName),109,Seine Net,Net/Non-Tow,"A net that hangs vertically in the water with its bottom edge held down by weights and its top edge buoyed by floats. Seine nets can be deployed from the shore as a beach seine, or from a boat.",8/12/2006 12:51:17 AM,SN
Sample Collection Equipment(SampleCollectionEquipmentName),174,Semipermeable Membrane Device,Water Sampler,A passive sampling device used to monitor trace levels of organic compounds with a log Kow > 3.,12/8/2011 4:37:26 PM,SPMD
Sample Collection Equipment(SampleCollectionEquipmentName),110,Set (Passive) Gill Net,Net/Non-Tow,"Passive nets are not actively towed by boats; they are either placed to drift on the prevailing currents (drift netting), hung from buoys which keep them suspended between the surface and the seabed (gill nets), or staked to the seabed (set nets). These nets hang like vertical walls in the water and capture fish by the gills as they try to swim through the mesh of the net.",8/12/2006 12:51:17 AM,SPGN
Sample Collection Equipment(SampleCollectionEquipmentName),180,Shelby Tube,Soil Sampler,"Shelby tube samplers are thin-walled, hollow steel tubes, which are driven into the ground to extract a relatively undisturbed soil sample for use in laboratory tests used to determine density, permeability, compressibility and strength.",10/17/2013 1:44:00 PM,ST
Sample Collection Equipment(SampleCollectionEquipmentName),166,Ship Sea Chest,Water Sampler,Sea chest is used for a rectangular or cylindrical recess in the hull of a ship. The sea chest provides an intake reservoir from which piping systems draw raw water. ,8/12/2006 12:51:17 AM,SSC
Sample Collection Equipment(SampleCollectionEquipmentName),41,Shipek Grab,Benthic Grab," A sampler designed to sample all types of unconsolidated sediments, from soft ooze to small pebbles, which can be collected from near offshore and deep lakes.",7/24/2020 8:15:44 PM,SHG
Sample Collection Equipment(SampleCollectionEquipmentName),172,Shovel,Benthic Corer,"A shovel is a tool for digging, lifting, and moving bulk materials, such as soil, coal, gravel, snow, sand, or ore. Most shovels are hand tools consisting of a broad blade fixed to a medium-length handle.",9/10/2011 5:23:35 PM,S
Sample Collection Equipment(SampleCollectionEquipmentName),80,Shrimp Trawl,Net/Horizontal Tow,A method of fishing that involves pulling a fishing net through the water behind one or more boats to collect shrimp. The net that is used for trawling is called a trawl.,7/24/2020 8:22:28 PM,SHT
Sample Collection Equipment(SampleCollectionEquipmentName),124,Simple Conical Net,Net/Vertical Tow,,8/12/2006 12:51:17 AM,SCN
Sample Collection Equipment(SampleCollectionEquipmentName),81,Single-Vessel Operated Tow Net,Net/Horizontal Tow,,8/12/2006 12:51:17 AM,SVOTN
Sample Collection Equipment(SampleCollectionEquipmentName),484,Single-stage suspended sampler,Suspended Sediment Sampler,"The single-stage sampler was developed to obtain suspended sediment data in flashy streams, particularly those located in remote areas.",8/11/2022 9:21:46 AM,SSSS
Sample Collection Equipment(SampleCollectionEquipmentName),42,Smith-McIntire Grab,Benthic Grab,The Smith McIntyre Grab is designed to collect ocean sediment with a sampling area of 0.1m sq. This grab is mounted on a stainless steel frame suspended from a pair of lowering cables (bridles) attached to the bucket arms. ,8/12/2006 12:51:17 AM,SMG
Sample Collection Equipment(SampleCollectionEquipmentName),63,Sodium Cyanide,Miscellaneous/Other,"Sodium cyanide is an inorganic compound with the formula NaCN. It is a white, water-soluble solid.",8/12/2006 12:51:17 AM,SC
Sample Collection Equipment(SampleCollectionEquipmentName),64,Spear/Gun,Miscellaneous/Other,A speargun is an underwater fishing implement designed to launch a spear at fish or other underwater animals or targets. ,8/12/2006 12:51:17 AM,SG
Sample Collection Equipment(SampleCollectionEquipmentName),65,Spear/Hand,Miscellaneous/Other,,8/12/2006 12:51:17 AM,SHVL
Sample Collection Equipment(SampleCollectionEquipmentName),66,Spear/Hawaiian Sling,Miscellaneous/Other,A Hawaiian sling is a crafty tool that is meant for spearfishing and has a mechanism that is similar to the one that the bows have. ,8/12/2006 12:51:17 AM,SHS
Sample Collection Equipment(SampleCollectionEquipmentName),179,Split Spoon,Soil Sampler,Split Spoon Samplers are ideal for surface sampling or sampling at various depths. Split spoon samplers split apart along the length of the tube to allow a for a true cross section evaluation and gentle sample removal.,10/17/2013 1:44:00 PM,SS
Sample Collection Equipment(SampleCollectionEquipmentName),111,Square-Mouth Net,Net/Non-Tow,,8/12/2006 12:51:17 AM,SMN
Sample Collection Equipment(SampleCollectionEquipmentName),178,Stainless Steel Spoon,Miscellaneous/Other,"Stainless Steel Spoon has a number of properties: it is very strong even at high temperatures, resistant to water and, most importantly, resistant to rust.",8/1/2013 1:44:00 PM,SSS
Sample Collection Equipment(SampleCollectionEquipmentName),112,Stationary Drop Net,Net/Non-Tow,,8/12/2006 12:51:17 AM,SDN
Sample Collection Equipment(SampleCollectionEquipmentName),67,Still Camera,Miscellaneous/Other,,8/12/2006 12:51:17 AM,STC
Sample Collection Equipment(SampleCollectionEquipmentName),113,Stop Net,Net/Non-Tow,,8/12/2006 12:51:17 AM,STN
Sample Collection Equipment(SampleCollectionEquipmentName),181,Storm Water Sampler,Water Sampler,A device for collecting quarterly storm water grab samples.,5/5/2014 12:00:00 AM,SWS
Sample Collection Equipment(SampleCollectionEquipmentName),147,Stovepipe Sampler,Trap/Substrate,An alternative method to collect macroinvertebrate samples in areas where it may be difficult to use a D-frame net. s a five-gallon plastic bucket with the bottom removed. The bottom diameter is 25 cm. The sampler is used to enclose fixed-area plots to restrict the movement of organisms. ,8/12/2006 12:51:17 AM,SPS
Sample Collection Equipment(SampleCollectionEquipmentName),52,Stream-Side Electroshock,Electroshock,An electrofishing method where the samplers do not enter the stream but rather perform electroshocking from the bank.,12/12/2019 11:23:07 AM,SSE
Sample Collection Equipment(SampleCollectionEquipmentName),26,Suction Dredge,Benthic Dredge,Operate by sucking through a long tube like some vacuum cleaners but on a larger scale,8/12/2006 12:51:17 AM,SUD
Sample Collection Equipment(SampleCollectionEquipmentName),183,Summa,Air Sampler,Passivated stainless steel canisters to collect sampling of volatile organic compounds (VOCs) in ambient air. ,12/8/2014 11:50:54 AM,SUM
Sample Collection Equipment(SampleCollectionEquipmentName),148,Surber Sampler,Trap/Substrate,"Used by professional monitoring programs, this sampler delineates an exact stream bottom area to be disturbed.",8/12/2006 12:51:17 AM,SUS
Sample Collection Equipment(SampleCollectionEquipmentName),171,Syringe,Water Sampler,"A device that supplies a focused stream of compressed air, water, or a combination of both.",12/11/2019 4:23:09 PM,SYR
Sample Collection Equipment(SampleCollectionEquipmentName),150,T-Sampler,Trap/Substrate,,8/12/2006 12:51:17 AM,TS
Sample Collection Equipment(SampleCollectionEquipmentName),114,Terminal Bag,Net/Non-Tow,,8/12/2006 12:51:17 AM,TB
Sample Collection Equipment(SampleCollectionEquipmentName),215,Test strip,Miscellaneous/Other,Test strip,11/26/2021 12:09:44 AM,TEST
Sample Collection Equipment(SampleCollectionEquipmentName),398,Thermometer,Air Sampler,"An instrument for measuring and indicating temperature, typically one consisting of a narrow, hermetically sealed glass tube marked with graduations and having at one end a bulb containing mercury or alcohol that expands and contracts in the tube with heating and cooling.",12/31/2019 10:44:38 AM,T
Sample Collection Equipment(SampleCollectionEquipmentName),149,Tile Plate,Trap/Substrate,,8/12/2006 12:51:17 AM,TP
Sample Collection Equipment(SampleCollectionEquipmentName),82,Tow Net,Net/Horizontal Tow,a fine-meshed net usually much tapered and more or less conical in shape and kept open by a ring or hoop that is towed through water (as for the taking of plankton),12/12/2019 11:26:29 AM,TN
Sample Collection Equipment(SampleCollectionEquipmentName),27,Towed Dredge,Benthic Dredge,,8/12/2006 12:51:17 AM,TD
Sample Collection Equipment(SampleCollectionEquipmentName),115,Trammel Net,Net/Non-Tow,"A trammel net consists of two/three layers of netting with a slack small mesh inner netting between two layers of large mesh netting to collect demersal species, fish and crustaceans. ",8/12/2006 12:51:17 AM,TRN
Sample Collection Equipment(SampleCollectionEquipmentName),116,Trap Net,Net/Non-Tow,,8/12/2006 12:51:17 AM,TRPN
Sample Collection Equipment(SampleCollectionEquipmentName),143,Trap Substrate (Other),Trap/Substrate,,8/12/2006 12:51:17 AM,TSO
Sample Collection Equipment(SampleCollectionEquipmentName),117,Traveling Screen,Net/Non-Tow,A traveling screen is a type of water filtration device that has a continuously moving mesh screen that is used to catch and remove debris.,7/24/2020 8:26:28 PM,TSC
Sample Collection Equipment(SampleCollectionEquipmentName),197,Trawl,Net/Horizontal Tow,a large conical net dragged along the sea bottom in gathering fish or other marine life.,1/19/2016 11:25:07 AM,TRWL
Sample Collection Equipment(SampleCollectionEquipmentName),68,Trot Line,Miscellaneous/Other,"A trotline is a heavy fishing line with baited hooks attached at intervals by means of branch lines called snoods. A snood is a short length of line which is attached to the main line using a clip or swivel, with the hook at the other end.",8/12/2006 12:51:17 AM,TL
Sample Collection Equipment(SampleCollectionEquipmentName),438,Tubing,Water Sampler,Generic non-vinyl tubing,7/24/2020 8:06:27 PM,TU
Sample Collection Equipment(SampleCollectionEquipmentName),118,Tucker Net,Net/Non-Tow,MULTIPLE NET MID-WATER (TUCKER) TRAWL is a multi-net trawl designed for deep oblique tows where up to three replicate nets can be sequentially operated by a double release mechanism,8/12/2006 12:51:17 AM,TUN
Sample Collection Equipment(SampleCollectionEquipmentName),209,Turbidimeter,Miscellaneous/Other,"An instrument for measuring the turbidity of a liquid suspension, usually as a means of determining the surface area of the suspended particles.",7/24/2020 8:21:09 PM,TBM
Sample Collection Equipment(SampleCollectionEquipmentName),208,Turbidity Column,Miscellaneous/Other,"turbidity column is a tube used for visual measurements of water turbidity. A second column is required for comparison with a known amount of turbidity. Turbidity meters (also called turbidimeters) determine the concentration of solids in a sample of liquid (usually water). Turbidity is the cloudiness of a liquid caused by the presence of suspended solids (particles) that may include microorganisms, yeast, or sediment.",3/17/2016 3:35:19 PM,TC
Sample Collection Equipment(SampleCollectionEquipmentName),207,Turbidity Tube,Miscellaneous/Other,A tube to measure turbidity. ,3/17/2016 3:35:19 PM,TT
Sample Collection Equipment(SampleCollectionEquipmentName),83,Two-Vessel Operated Tow Net,Net/Horizontal Tow,"Pair trawling is a fishing activity carried out by two boats, with one towing each warp (the towing cables).",8/12/2006 12:51:17 AM,TVOTN
Sample Collection Equipment(SampleCollectionEquipmentName),198,USGS collection method tributary samples,Water Sampler,"Isokinetic, depth-integrating methods are designed to produce a discharge-weighted (velocity-weighted) sample; that is, each unit of stream discharge is equally represented in the sample. Nonisokinetic (dip, discrete, and pump) sampling, such as those involving use of an automated point sampler, generally do not result in a discharge-weighted sample unless the stream is completely mixed laterally and vertically. Thus, the analytical results cannot be used to directly compute analyte discharges.",1/19/2016 11:25:07 AM,UCMTS
Sample Collection Equipment(SampleCollectionEquipmentName),199,USGS field procedure for sampling Hg-CH3,Water Sampler,Instrumentation is a Cold Vapor Atomic Fluoresence Spectrophotometer. Methylmercury (sometimes methyl mercury) is an organometallic cation with the formula [CH3Hg]+. It is the major source of organic mercury for all humans. It is a bioaccumulative environmental toxicant,1/19/2016 11:25:07 AM,UFPSHG
Sample Collection Equipment(SampleCollectionEquipmentName),167,Van Dorn Bottle,Water Sampler,Samplers that obtain composite samples from several depths or pool samples from one depth and thus can be used for both horizontal and vertical sampling.,8/12/2006 12:51:17 AM,VDB
Sample Collection Equipment(SampleCollectionEquipmentName),43,Van Veen Grab,Benthic Grab,"A grab that relies on the closure of two opposing jaws for the collection of a sediment sample. The van Veen grab has long arms attached to each bucket, thus giving better leverage during closure. This type of grab has been used widely in benthic macrofauna studies, it is not recommended for use on coarser substrata.",8/12/2006 12:51:17 AM,VVG
Sample Collection Equipment(SampleCollectionEquipmentName),119,Variable Mesh Gill Net,Net/Non-Tow,Gill nets are composed of vertical panels of netting that hang from a line with regularly spaced floaters that hold the line on the surface of the water.,8/12/2006 12:51:17 AM,VMGN
Sample Collection Equipment(SampleCollectionEquipmentName),458,Variable voltage pulsator unit,Electroshock,An electrofisher that employs a direct electric current which provides control and  metering to allow consistency with previous samplings to attract and usually temporarily immobilize fish.,9/18/2020 4:46:04 PM,VVP
Sample Collection Equipment(SampleCollectionEquipmentName),16,Vibrating Corer,Benthic Corer,A sample corer that uses vibration to help the core penetrating the sediment.,7/24/2020 8:13:46 PM,VCO
Sample Collection Equipment(SampleCollectionEquipmentName),69,Video Camera,Miscellaneous/Other,a camera for recording images on videotape or for transmitting them to a monitor screen.,8/12/2006 12:51:17 AM,VC
Sample Collection Equipment(SampleCollectionEquipmentName),152,Vinyl Tube,Water Sampler,Poly-vinyl Chloride (PVC) cylindrical structure or device,8/12/2006 12:51:17 AM,VT
Sample Collection Equipment(SampleCollectionEquipmentName),70,Visual Sighting,Miscellaneous/Other,an instance of seeing or observation of,8/12/2006 12:51:17 AM,VS
Sample Collection Equipment(SampleCollectionEquipmentName),177,WBH-96,Water Sampler,A weighted bottle sampler that is a stainless steel metal housing used to secure a bottle for sampling in streams with a velocity too low for isokinetic samplers. Usually an open mouth bottle or a bottle with a US D-77 or US D-95 cap without a nozzle is used. The metal housing has holes drilled near the top for a rope line that is used to secure the bottle and deploy the sampler. It should always be documented that a sample taken with the weighted bottle sampler is not an isokinetic sample.,12/8/2011 4:51:39 PM,W96
Sample Collection Equipment(SampleCollectionEquipmentName),168,Water Bottle,Water Sampler,Bottle used for sampling water.,8/12/2006 12:51:17 AM,WB
Sample Collection Equipment(SampleCollectionEquipmentName),618,Water Level Gage,Water Sampler,Measures water level,6/1/2023 4:57:50 PM,WLG
Sample Collection Equipment(SampleCollectionEquipmentName),156,Water Sampler (Other),Water Sampler,"a water sampler (vertical water bottle) is used for general water sampling in lakes, channels, wells and the sea",8/12/2006 12:51:17 AM,WSO
Sample Collection Equipment(SampleCollectionEquipmentName),170,Whirl-pak bag,Water Sampler,"Sterile polyethylene bags with sodium thiosulfate that are disposable, transparent bags for water sampling.",4/28/2010 9:13:42 AM,WPB
Sample Collection Equipment(SampleCollectionEquipmentName),478,Wide mouth glass jar,Water Sampler,Glass Straight Sided Wide Mouth Jars,12/15/2020 2:31:45 PM,GJ
Sample Collection Equipment(SampleCollectionEquipmentName),125,Wisconsin-Style Net,Net/Vertical Tow,this net enables quantitative vertical plankton hauls.,8/12/2006 12:51:17 AM,WN
Sample Collection Equipment(SampleCollectionEquipmentName),200,XAD resin,Air Sampler,"A type of sampling media used in air sampling, onto/into which the contaminant is collected. Resin is a hydrophobic organic porous polymer.",1/19/2016 11:25:07 AM,XR
Sample Collection Equipment(SampleCollectionEquipmentName),201,XAD-2 resin,Air Sampler,"A type of sampling media used in air sampling, onto/into which the contaminant is collected. Resin is a hydrophobic organic porous polymer.",1/19/2016 11:25:07 AM,X2R
Sample Collection Equipment(SampleCollectionEquipmentName),84,Yankee Trawl,Net/Horizontal Tow,Two Panel Net,8/12/2006 12:51:17 AM,YT
Sample Collection Equipment(SampleCollectionEquipmentName),44,Young Grab,Benthic Grab,"The Young Grab, or the Young Modified Van Veen Grab Sampler is an instrument to sample sediment in the ocean. It is a modified version of the Van Veen grab sampler, with a clamshell bucket made out of stainless steel mounted to a supporting frame.",8/12/2006 12:51:17 AM,YG
Sample Collection Equipment(SampleCollectionEquipmentName),211,pH Comparator,Miscellaneous/Other,Used to test pH.,3/17/2016 3:35:20 PM,PHC
Sample Collection Equipment(SampleCollectionEquipmentName),210,pH Paper,Miscellaneous/Other,A filter paper that is treated with natural water soluble dye from lichens. pH paper is used as an indicator to test the acidity of water-based liquids.,3/17/2016 3:35:20 PM,PHP

