"image_name","site","transect","boulder","cobble","green_algae_ulva","kelp_sugar","pebble","red_algae_branching","red_algae_filamentous","red_algae_flat_leaf","silt","kelp_bull_blade","kelp_five_rib","kelp_stipe","red_algae_bushy","unknown_area","Review","brown_algae_sargassum","red_algae_encrusting_CCA","sand_fine_shell","anthropogenic","kelp_holdfast","mobile_species","shell_hash","kelp_bryozoan","kelp_sieve","brown_algae_filamentous","green_algae_filamentous","combined_red_algae"
"2024_10_08_11-45-00.jpg","Centennial_Park",6,0.02,0.02,0.32,0.32,0.06,0.04,0.06,0.04,0.12,0,0,0,0,0,0,0,0,0,0,0,0,0,0,0,0,0,0.14
"2024_10_08_11-45-09.jpg","Centennial_Park",6,0.04,0,0.36,0.08,0,0.06,0.08,0.1,0.02,0.02,0.02,0.02,0.16,0.04,0,0,0,0,0,0,0,0,0,0,0,0,0.4
"2024_10_08_11-45-18.jpg","Centennial_Park",6,0.14,0.08,0.2,0.08,0.06,0.14,0.14,0.08,0,0,0,0,0.02,0.02,0.02,0.02,0,0,0,0,0,0,0,0,0,0,0.38
"2024_10_08_11-45-27.jpg","Centennial_Park",6,0.1,0.08,0.1,0.22,0.14,0.1,0.04,0.08,0,0,0.06,0,0,0.02,0.02,0,0.02,0.02,0,0,0,0,0,0,0,0,0.22
"2024_10_08_11-45-36.jpg","Centennial_Park",6,0.06,0.06,0.16,0.06,0.38,0.02,0.04,0.02,0,0,0,0.02,0.08,0,0.02,0.06,0,0.02,0,0,0,0,0,0,0,0,0.16
"2024_10_08_11-45-45.jpg","Centennial_Park",6,0.02,0.1,0.24,0.16,0.2,0,0,0.2,0,0,0,0,0,0.06,0,0,0,0.02,0,0,0,0,0,0,0,0,0.2
"2024_10_08_11-45-54.jpg","Centennial_Park",6,0.02,0.04,0.5,0.04,0.08,0.06,0.14,0.02,0,0,0,0,0.04,0.04,0,0,0,0,0.02,0,0,0,0,0,0,0,0.26
"2024_10_08_11-46-03.jpg","Centennial_Park",6,0.12,0.02,0.54,0.14,0.06,0.04,0.02,0.02,0,0,0,0,0,0.02,0,0,0,0.02,0,0,0,0,0,0,0,0,0.08
"2024_10_08_11-46-12.jpg","Centennial_Park",6,0.04,0.02,0.38,0.3,0.06,0.06,0,0,0,0,0,0.02,0.04,0,0,0,0,0.04,0.02,0.02,0,0,0,0,0,0,0.1
"2024_10_08_11-46-21.jpg","Centennial_Park",6,0,0,0.6,0.04,0,0.16,0,0.08,0.02,0,0,0,0,0,0,0,0,0,0.1,0,0,0,0,0,0,0,0.24
"2024_10_08_11-46-30.jpg","Centennial_Park",6,0.04,0.04,0.52,0.14,0.14,0.04,0.02,0,0,0,0,0.04,0,0,0,0,0,0.02,0,0,0,0,0,0,0,0,0.06
"2024_10_08_11-46-39.jpg","Centennial_Park",6,0.04,0,0.02,0.64,0.02,0.1,0.06,0.02,0,0,0,0,0,0.06,0,0.04,0,0,0,0,0,0,0,0,0,0,0.18
"2024_10_08_11-46-48.jpg","Centennial_Park",6,0.02,0,0.48,0.24,0.1,0.06,0.02,0,0,0,0,0,0.04,0,0,0.02,0,0.02,0,0,0,0,0,0,0,0,0.12
"2024_10_08_11-46-57.jpg","Centennial_Park",6,0.04,0.06,0.36,0.24,0.04,0.06,0,0.06,0,0,0,0.04,0,0,0,0,0.02,0.08,0,0,0,0,0,0,0,0,0.12
"2024_10_08_11-47-06.jpg","Centennial_Park",6,0,0,0.62,0.14,0.02,0.06,0.04,0,0,0,0,0,0,0.04,0,0,0,0.06,0,0,0.02,0,0,0,0,0,0.1
"2024_10_08_11-47-15.jpg","Centennial_Park",6,0.02,0,0.28,0.06,0.1,0.24,0.08,0.06,0,0,0,0,0.06,0,0,0.04,0,0.06,0,0,0,0,0,0,0,0,0.44
"2024_10_08_11-47-24.jpg","Centennial_Park",6,0.02,0.02,0.42,0.16,0.12,0.1,0.04,0,0,0,0,0,0.04,0,0,0.02,0,0.06,0,0,0,0,0,0,0,0,0.18
"2024_10_08_11-47-33.jpg","Centennial_Park",6,0,0.04,0.5,0,0.08,0.06,0.02,0.06,0,0,0.12,0,0,0.02,0,0,0,0.1,0,0,0,0,0,0,0,0,0.14
"2024_10_08_11-47-42.jpg","Centennial_Park",6,0,0.02,0.36,0,0.14,0.14,0.06,0.02,0.06,0,0,0,0.14,0,0,0,0,0.06,0,0,0,0,0,0,0,0,0.36
"2024_10_08_11-47-51.jpg","Centennial_Park",6,0,0.06,0.22,0,0.32,0,0.02,0.16,0,0,0.02,0,0,0,0,0,0,0.18,0.02,0,0,0,0,0,0,0,0.18
"2024_10_08_11-48-00.jpg","Centennial_Park",6,0,0.06,0.06,0,0.08,0.06,0.14,0.38,0,0,0,0,0,0.04,0,0.1,0.02,0.04,0.02,0,0,0,0,0,0,0,0.58
"2024_10_08_11-48-09.jpg","Centennial_Park",6,0.02,0.04,0.16,0,0.14,0.18,0.04,0.26,0.02,0,0,0,0.04,0,0,0,0,0.08,0.02,0,0,0,0,0,0,0,0.52
"2024_10_08_11-48-18.jpg","Centennial_Park",6,0,0,0.2,0,0,0.22,0.3,0.02,0.04,0,0.04,0,0,0,0,0,0,0.16,0.02,0,0,0,0,0,0,0,0.54
"2024_10_08_11-48-27.jpg","Centennial_Park",6,0,0.02,0.22,0,0.18,0,0,0,0.06,0,0,0,0.1,0.02,0,0.04,0,0.36,0,0,0,0,0,0,0,0,0.1
"2024_10_08_11-48-36.jpg","Centennial_Park",6,0,0.02,0.12,0.06,0.12,0.02,0.06,0,0.04,0,0.18,0,0.16,0,0,0.1,0,0.12,0,0,0,0,0,0,0,0,0.24
"2024_10_08_11-48-45.jpg","Centennial_Park",6,0,0,0.62,0,0.04,0.12,0.02,0.02,0.04,0,0,0,0.06,0.02,0,0,0,0.06,0,0,0,0,0,0,0,0,0.22
"2024_10_08_11-48-54.jpg","Centennial_Park",6,0.02,0.02,0.64,0,0,0.22,0,0,0.02,0,0,0,0,0.04,0,0,0,0.04,0,0,0,0,0,0,0,0,0.22
"2024_10_08_11-49-03.jpg","Centennial_Park",6,0,0,0.22,0,0.12,0.06,0.04,0.14,0.02,0,0,0,0.06,0.02,0,0.2,0,0.12,0,0,0,0,0,0,0,0,0.3
"2024_10_08_11-49-12.jpg","Centennial_Park",6,0,0,0.4,0.14,0.12,0.08,0.06,0,0,0,0,0,0.04,0.04,0,0,0,0.12,0,0,0,0,0,0,0,0,0.18
"2024_10_08_11-49-21.jpg","Centennial_Park",6,0,0,0.6,0,0.04,0.14,0.02,0.06,0.04,0,0,0,0,0,0,0,0,0.1,0,0,0,0,0,0,0,0,0.22
"2024_10_08_11-49-30.jpg","Centennial_Park",6,0,0,0.42,0.02,0.04,0.22,0.06,0.14,0,0,0,0,0,0.02,0,0,0,0.08,0,0,0,0,0,0,0,0,0.42
"2024_10_08_11-49-39.jpg","Centennial_Park",6,0.02,0.06,0.3,0.16,0.12,0.04,0,0.06,0.02,0,0,0,0.02,0.02,0,0.02,0,0.16,0,0,0,0,0,0,0,0,0.12
"2024_10_08_11-49-48.jpg","Centennial_Park",6,0,0,0.08,0.62,0.02,0.06,0,0.04,0,0,0,0,0,0.04,0,0,0,0.14,0,0,0,0,0,0,0,0,0.1
"2024_10_08_11-49-57.jpg","Centennial_Park",6,0.02,0.04,0.02,0.22,0.12,0.02,0,0.02,0.02,0,0,0,0,0,0,0,0,0.52,0,0,0,0,0,0,0,0,0.04
"2024_10_08_11-50-06.jpg","Centennial_Park",6,0.04,0.04,0.28,0,0.24,0,0,0,0.04,0,0,0,0.04,0,0,0,0,0.3,0,0,0,0.02,0,0,0,0,0.04
"2024_10_08_11-50-15.jpg","Centennial_Park",6,0,0,0.02,0.32,0.08,0,0.08,0,0.06,0,0.06,0,0.04,0,0,0.02,0,0.28,0,0,0,0,0.04,0,0,0,0.12
"2024_10_08_11-50-24.jpg","Centennial_Park",6,0.06,0,0.16,0.08,0.04,0,0,0.14,0.06,0,0,0,0.08,0,0,0,0,0.38,0,0,0,0,0,0,0,0,0.22
"2024_10_08_11-50-33.jpg","Centennial_Park",6,0,0.04,0.06,0.14,0.12,0,0,0,0.08,0,0.2,0,0.04,0,0,0,0,0.24,0.02,0,0,0,0.06,0,0,0,0.04
"2024_10_08_11-50-42.jpg","Centennial_Park",6,0.02,0.08,0.06,0.26,0.04,0.16,0.06,0.02,0.06,0,0,0,0,0,0,0,0,0.24,0,0,0,0,0,0,0,0,0.24
"2024_10_08_11-52-21.jpg","Centennial_Park",6,0.02,0,0.34,0.16,0.02,0.08,0.06,0.18,0.02,0,0,0,0,0.02,0,0.06,0,0.02,0,0,0.02,0,0,0,0,0,0.32
"2024_10_08_11-52-30.jpg","Centennial_Park",6,0.02,0,0.32,0,0,0.06,0.04,0.02,0.1,0,0.28,0,0,0,0,0,0,0.16,0,0,0,0,0,0,0,0,0.12
"2024_10_08_11-52-39.jpg","Centennial_Park",6,0.02,0,0.64,0.02,0.02,0.1,0.02,0.04,0.02,0,0,0,0.02,0,0,0,0,0.08,0.02,0,0,0,0,0,0,0,0.18
"2024_10_08_11-52-48.jpg","Centennial_Park",6,0.02,0,0.38,0.06,0.1,0.12,0.06,0,0.02,0,0,0,0.04,0,0,0.1,0,0.1,0,0,0,0,0,0,0,0,0.22
"2024_10_08_11-53-00.jpg","Centennial_Park",6,0.02,0.1,0.2,0.08,0.1,0.06,0.02,0.02,0.04,0,0,0,0.04,0,0,0,0,0.22,0.06,0,0.02,0.02,0,0,0,0,0.14
"2024_10_08_11-53-09.jpg","Centennial_Park",6,0,0.04,0.26,0.16,0.04,0.18,0.02,0.02,0.08,0,0,0,0.02,0,0,0.08,0,0.06,0.04,0,0,0,0,0,0,0,0.24
"2024_10_08_11-53-18.jpg","Centennial_Park",6,0.02,0,0.42,0,0,0.14,0.08,0.24,0,0,0,0,0.02,0,0,0,0,0.08,0,0,0,0,0,0,0,0,0.48
"2024_10_08_11-53-27.jpg","Centennial_Park",6,0.02,0.04,0.26,0,0.18,0.14,0.08,0,0,0,0,0,0,0,0,0,0,0.2,0.04,0.02,0.02,0,0,0,0,0,0.22
"2024_10_08_11-53-37.jpg","Centennial_Park",6,0,0,0.46,0,0,0.18,0.04,0.06,0,0,0,0,0.06,0.04,0,0.14,0,0.02,0,0,0,0,0,0,0,0,0.34
"2024_10_08_11-53-46.jpg","Centennial_Park",6,0.06,0.02,0.24,0.06,0.08,0.06,0,0,0.12,0,0,0,0.06,0.02,0,0,0,0.26,0.02,0,0,0,0,0,0,0,0.12
"2024_10_08_11-53-55.jpg","Centennial_Park",6,0,0,0.54,0.02,0.04,0.06,0,0,0.04,0,0,0,0.12,0,0,0.06,0,0.04,0.06,0,0.02,0,0,0,0,0,0.18
"2024_10_08_11-54-04.jpg","Centennial_Park",6,0,0.06,0.4,0,0.04,0.08,0.04,0,0.06,0,0,0,0.02,0,0,0.12,0,0.12,0.06,0,0,0,0,0,0,0,0.14
"2024_10_08_11-54-13.jpg","Centennial_Park",6,0,0,0.54,0.02,0.06,0.18,0.02,0.1,0,0,0,0,0,0,0,0,0,0.06,0.02,0,0,0,0,0,0,0,0.3
"2024_10_08_11-54-22.jpg","Centennial_Park",6,0,0,0.7,0.04,0,0.18,0,0,0,0,0,0,0.02,0.04,0,0,0,0.02,0,0,0,0,0,0,0,0,0.2
"2024_10_08_11-54-31.jpg","Centennial_Park",6,0,0.02,0.22,0.04,0.1,0.12,0,0,0.04,0,0.12,0,0.04,0,0,0.08,0,0.16,0,0,0.06,0,0,0,0,0,0.16
"2024_10_08_11-54-40.jpg","Centennial_Park",6,0,0.04,0.12,0,0.22,0.06,0,0.04,0.06,0,0,0,0.02,0,0,0,0,0.36,0.06,0,0,0.02,0,0,0,0,0.12
"2024_10_08_11-54-49.jpg","Centennial_Park",6,0.02,0.02,0.2,0,0.06,0.24,0.04,0.26,0,0,0,0,0,0,0,0,0,0.12,0.02,0,0.02,0,0,0,0,0,0.54
"2024_10_08_11-54-58.jpg","Centennial_Park",6,0.04,0.02,0.32,0,0.06,0,0.04,0.28,0,0,0,0,0.06,0.04,0,0.04,0,0.1,0,0,0,0,0,0,0,0,0.38
"2024_10_08_11-55-07.jpg","Centennial_Park",6,0.06,0,0.32,0,0.14,0.12,0,0.02,0.04,0,0,0,0,0.02,0,0,0,0.22,0.04,0,0.02,0,0,0,0,0,0.14
"2024_10_08_11-55-16.jpg","Centennial_Park",6,0,0.06,0.22,0,0.1,0.04,0.02,0.12,0.06,0,0,0,0,0,0,0.26,0,0.1,0.02,0,0,0,0,0,0,0,0.18
"2024_10_08_11-55-25.jpg","Centennial_Park",6,0,0,0.2,0,0.14,0.06,0.04,0,0,0,0,0,0.18,0.02,0,0.02,0,0.32,0.02,0,0,0,0,0,0,0,0.28
"2024_10_08_11-55-34.jpg","Centennial_Park",6,0,0.02,0.32,0,0,0.16,0.08,0.1,0.02,0,0,0,0.04,0.02,0,0.16,0,0.04,0,0,0,0.04,0,0,0,0,0.38
"2024_10_08_11-55-43.jpg","Centennial_Park",6,0.1,0.06,0.4,0,0.06,0.18,0.02,0.04,0.08,0,0,0,0.02,0,0,0,0,0.02,0,0,0.02,0,0,0,0,0,0.26
"2024_10_08_11-55-52.jpg","Centennial_Park",6,0.04,0,0.3,0,0,0.12,0.12,0.04,0.16,0,0,0,0.12,0,0,0.02,0,0.08,0,0,0,0,0,0,0,0,0.4
"2024_10_08_11-56-01.jpg","Centennial_Park",6,0,0.02,0.2,0.26,0.02,0.02,0.04,0.3,0,0,0,0,0.02,0,0,0,0,0.12,0,0,0,0,0,0,0,0,0.38
"2024_10_08_11-56-10.jpg","Centennial_Park",6,0.04,0.02,0.2,0.48,0.1,0.02,0.02,0,0,0,0,0,0.08,0,0,0,0,0.04,0,0,0,0,0,0,0,0,0.12
"2024_10_08_11-56-19.jpg","Centennial_Park",6,0.06,0.04,0.3,0.02,0.08,0.14,0.04,0.02,0.02,0,0.02,0.02,0.24,0,0,0,0,0,0,0,0,0,0,0,0,0,0.44
"2024_10_08_11-56-28.jpg","Centennial_Park",6,0.08,0,0.5,0.1,0.16,0.12,0.02,0,0,0,0,0,0.02,0,0,0,0,0,0,0,0,0,0,0,0,0,0.16
"2024_10_08_11-56-37.jpg","Centennial_Park",6,0.02,0,0.68,0,0.04,0.04,0,0.1,0,0,0,0,0.1,0,0,0,0,0.02,0,0,0,0,0,0,0,0,0.24
"2024_10_08_11-56-46.jpg","Centennial_Park",6,0.02,0.08,0.44,0,0.08,0.1,0.08,0.02,0,0,0,0,0.02,0,0,0.06,0,0.04,0,0,0,0,0,0.06,0,0,0.22
"2024_10_08_11-56-55.jpg","Centennial_Park",6,0.02,0.1,0.18,0.04,0.2,0.08,0.06,0.1,0.02,0,0,0,0.02,0.04,0,0.04,0,0.1,0,0,0,0,0,0,0,0,0.26
"2024_10_08_11-57-04.jpg","Centennial_Park",6,0,0,0.62,0,0,0.18,0,0.02,0,0,0,0,0,0.02,0,0.06,0,0,0,0,0,0,0,0.1,0,0,0.2
"2024_10_08_11-57-13.jpg","Centennial_Park",6,0,0,0.56,0,0.02,0.12,0.02,0.26,0,0,0,0,0,0,0,0,0,0.02,0,0,0,0,0,0,0,0,0.4
"2024_10_08_11-32-32.jpg","Centennial_Park",4,0.02,0.02,0.46,0,0.12,0,0.04,0.1,0.08,0,0,0,0.02,0,0,0.06,0,0,0,0,0,0,0,0,0.08,0,0.16
"2024_10_08_11-32-41.jpg","Centennial_Park",4,0,0.02,0.36,0.04,0.22,0.02,0.1,0.04,0.04,0,0,0,0,0,0,0.12,0,0,0,0,0,0,0,0,0.04,0,0.16
"2024_10_08_11-32-50.jpg","Centennial_Park",4,0.08,0.06,0.34,0.02,0.16,0,0.06,0.06,0.06,0,0,0,0,0,0,0.06,0,0.02,0,0,0,0,0,0,0.08,0,0.12
"2024_10_08_11-32-59.jpg","Centennial_Park",4,0.02,0.08,0.4,0.04,0.16,0,0,0.04,0.18,0,0,0,0,0,0,0.06,0,0,0,0,0,0,0,0,0.02,0,0.04
"2024_10_08_11-33-08.jpg","Centennial_Park",4,0.04,0.04,0.68,0,0.08,0,0,0.04,0.12,0,0,0,0,0,0,0,0,0,0,0,0,0,0,0,0,0,0.04
"2024_10_08_11-33-17.jpg","Centennial_Park",4,0,0.02,0.74,0.04,0.08,0,0,0.02,0.08,0,0,0,0,0.02,0,0,0,0,0,0,0,0,0,0,0,0,0.02
"2024_10_08_11-33-26.jpg","Centennial_Park",4,0.02,0.02,0.58,0.14,0,0.02,0.02,0.02,0.06,0,0,0,0.02,0,0,0,0,0,0,0,0,0,0,0.02,0.08,0,0.08
"2024_10_08_11-33-35.jpg","Centennial_Park",4,0,0,0.7,0,0.02,0,0,0.02,0.1,0,0.06,0,0.08,0,0,0,0,0,0,0,0,0.02,0,0,0,0,0.1
"2024_10_08_11-33-44.jpg","Centennial_Park",4,0,0.02,0.64,0.14,0.02,0,0,0,0.12,0,0,0,0.04,0,0,0,0,0,0,0,0,0.02,0,0,0,0,0.04
"2024_10_08_11-33-53.jpg","Centennial_Park",4,0,0,0.54,0.02,0.06,0,0,0,0.26,0,0,0,0.02,0.02,0,0,0,0.08,0,0,0,0,0,0,0,0,0.02
"2024_10_08_11-34-02.jpg","Centennial_Park",4,0.04,0.08,0.72,0.02,0.04,0,0,0,0.06,0,0,0,0,0.02,0,0,0,0,0,0,0.02,0,0,0,0,0,0
"2024_10_08_11-34-11.jpg","Centennial_Park",4,0,0.02,0.92,0.02,0.04,0,0,0,0,0,0,0,0,0,0,0,0,0,0,0,0,0,0,0,0,0,0
"2024_10_08_11-34-20.jpg","Centennial_Park",4,0,0.14,0.44,0.04,0.18,0,0,0,0.06,0,0.14,0,0,0,0,0,0,0,0,0,0,0,0,0,0,0,0
"2024_10_08_11-34-29.jpg","Centennial_Park",4,0.06,0.12,0.52,0,0.22,0,0,0.02,0.04,0,0,0,0.02,0,0,0,0,0,0,0,0,0,0,0,0,0,0.04
"2024_10_08_11-34-38.jpg","Centennial_Park",4,0.02,0,0.62,0.06,0.12,0,0,0,0.08,0,0,0,0,0,0,0,0,0.1,0,0,0,0,0,0,0,0,0
"2024_10_08_11-34-47.jpg","Centennial_Park",4,0.06,0.02,0.6,0.02,0.06,0,0,0,0.12,0,0,0,0.02,0.04,0,0,0,0.04,0,0,0,0.02,0,0,0,0,0.02
"2024_10_08_11-34-56.jpg","Centennial_Park",4,0.02,0.04,0.28,0.22,0.12,0,0,0.02,0.2,0,0,0,0,0,0,0.02,0,0.06,0,0,0,0.02,0,0,0,0,0.02
"2024_10_08_11-35-05.jpg","Centennial_Park",4,0.04,0.04,0.42,0.12,0.2,0,0,0,0.1,0,0,0.02,0,0.02,0,0,0,0.02,0,0,0.02,0,0,0,0,0,0
"2024_10_08_11-35-14.jpg","Centennial_Park",4,0.04,0.02,0.54,0.18,0.08,0,0,0,0.04,0,0,0,0,0.02,0,0,0,0.04,0,0,0.02,0,0.02,0,0,0,0
"2024_10_08_11-35-23.jpg","Centennial_Park",4,0.08,0,0.32,0.36,0.16,0,0,0,0,0,0,0,0,0.02,0,0,0,0.06,0,0,0,0,0,0,0,0,0
"2024_10_08_11-35-32.jpg","Centennial_Park",4,0.04,0.06,0.08,0.36,0.18,0,0,0.08,0.14,0,0,0,0,0.02,0,0,0,0,0,0,0,0,0.04,0,0,0,0.08
"2024_10_08_11-35-41.jpg","Centennial_Park",4,0.08,0.06,0.2,0.34,0.02,0,0,0,0.28,0,0,0,0,0,0,0,0,0.02,0,0,0,0,0,0,0,0,0
"2024_10_08_11-35-50.jpg","Centennial_Park",4,0.08,0.16,0.34,0,0.06,0,0,0,0.28,0,0,0,0,0.02,0,0.02,0,0.04,0,0,0,0,0,0,0,0,0
"2024_10_08_11-35-59.jpg","Centennial_Park",4,0.06,0.22,0.3,0.08,0.2,0,0,0,0.06,0,0,0,0,0,0,0,0,0.02,0,0,0,0,0,0,0.06,0,0
"2024_10_08_11-36-08.jpg","Centennial_Park",4,0.04,0.22,0.18,0.28,0.1,0,0.02,0.04,0.04,0,0.02,0,0,0.02,0,0,0,0,0,0,0,0,0,0.04,0,0,0.06
"2024_10_08_11-36-17.jpg","Centennial_Park",4,0.12,0.12,0.1,0.26,0.18,0,0.02,0.06,0,0,0.1,0.02,0,0,0,0.02,0,0,0,0,0,0,0,0,0,0,0.08
"2024_10_08_11-36-26.jpg","Centennial_Park",4,0.02,0,0.28,0.2,0.26,0,0,0.04,0.1,0,0,0,0,0,0,0,0,0,0,0,0,0,0,0.02,0.08,0,0.04
"2024_10_08_11-36-35.jpg","Centennial_Park",4,0.02,0.08,0.52,0.2,0.06,0,0,0,0.02,0,0,0,0,0,0,0,0,0.02,0,0,0,0,0,0,0.08,0,0
"2024_10_08_11-36-44.jpg","Centennial_Park",4,0,0.08,0.38,0.18,0.12,0.02,0.02,0.02,0.04,0,0,0,0.04,0.04,0,0,0,0.02,0.02,0,0.02,0,0,0,0,0,0.1
"2024_10_08_11-36-54.jpg","Centennial_Park",4,0.02,0.06,0.58,0.04,0.22,0,0,0,0.06,0,0,0,0,0.02,0,0,0,0,0,0,0,0,0,0,0,0,0
"2024_10_08_11-37-03.jpg","Centennial_Park",4,0.08,0.02,0.38,0.18,0.06,0,0.06,0,0.02,0,0,0,0.18,0,0,0,0,0.02,0,0,0,0,0,0,0,0,0.24
"2024_10_08_12-03-52.jpg","Centennial_Park",4,0.04,0.04,0.24,0.14,0.2,0,0.04,0.12,0.1,0,0,0,0,0.04,0,0,0,0.02,0,0,0,0,0,0,0.02,0,0.16
"2024_10_08_12-04-01.jpg","Centennial_Park",4,0.06,0.02,0.3,0.12,0.06,0.1,0.04,0.16,0.04,0,0,0,0.02,0.06,0,0.02,0,0,0,0,0,0,0,0,0,0,0.32
"2024_10_08_12-04-10.jpg","Centennial_Park",4,0,0.02,0.36,0,0.2,0.02,0.06,0.16,0.12,0,0,0,0,0.02,0,0,0,0.02,0,0,0,0,0,0,0.02,0,0.24
"2024_10_08_12-04-19.jpg","Centennial_Park",4,0.02,0.04,0.26,0.16,0.06,0.04,0.1,0.28,0,0,0,0,0,0.02,0,0.02,0,0,0,0,0,0,0,0,0,0,0.42
"2024_10_08_12-04-28.jpg","Centennial_Park",4,0.02,0.06,0.7,0.1,0.08,0,0,0.02,0,0,0,0,0,0,0,0.02,0,0,0,0,0,0,0,0,0,0,0.02
"2024_10_08_12-04-37.jpg","Centennial_Park",4,0.12,0.04,0.3,0.22,0.16,0,0.02,0.02,0.06,0,0,0,0.04,0.02,0,0,0,0,0,0,0,0,0,0,0,0,0.08
"2024_10_08_12-04-46.jpg","Centennial_Park",4,0,0.04,0.2,0.44,0.08,0,0.04,0,0.14,0,0,0,0,0.02,0,0,0,0.02,0,0,0,0,0,0.02,0,0,0.04
"2024_10_08_12-04-55.jpg","Centennial_Park",4,0.02,0.04,0.24,0,0.26,0,0,0.26,0.1,0,0,0,0,0.02,0,0,0,0.02,0,0,0,0,0,0,0,0.04,0.26
"2024_10_08_12-05-04.jpg","Centennial_Park",4,0,0.08,0.36,0.02,0.12,0,0,0.3,0.04,0,0,0,0.04,0.02,0,0,0,0,0,0,0.02,0,0,0,0,0,0.34
"2024_10_08_12-05-13.jpg","Centennial_Park",4,0,0.02,0.1,0.2,0.16,0,0.06,0.1,0.08,0,0.14,0,0,0,0,0.12,0,0,0,0,0.02,0,0,0,0,0,0.16
"2024_10_08_12-05-22.jpg","Centennial_Park",4,0,0,0.38,0.18,0.28,0,0,0.02,0,0,0,0,0,0,0,0.1,0,0.04,0,0,0,0,0,0,0,0,0.02
"2024_10_08_12-05-31.jpg","Centennial_Park",4,0,0.08,0.66,0,0.1,0,0,0.12,0,0,0,0,0.02,0,0,0,0,0,0,0,0,0,0,0,0.02,0,0.14
"2024_10_08_12-05-40.jpg","Centennial_Park",4,0,0.02,0.4,0.32,0.06,0.04,0,0.1,0,0,0,0,0.02,0,0,0.04,0,0,0,0,0,0,0,0,0,0,0.16
"2024_10_08_12-05-49.jpg","Centennial_Park",4,0,0.1,0.3,0.36,0.08,0.04,0.02,0.04,0.02,0,0,0,0,0,0,0.02,0,0,0,0,0.02,0,0,0,0,0,0.1
"2024_10_08_12-05-58.jpg","Centennial_Park",4,0,0.06,0.44,0.04,0.3,0,0.04,0,0,0,0,0,0,0.06,0,0.04,0,0,0,0,0,0,0,0,0.02,0,0.04
"2024_10_08_12-06-07.jpg","Centennial_Park",4,0.04,0.04,0.16,0.44,0.04,0.02,0,0.1,0.04,0,0,0,0.02,0,0,0.02,0,0.02,0,0,0,0,0,0.06,0,0,0.14
"2024_10_08_12-06-16.jpg","Centennial_Park",4,0.02,0.08,0.26,0.26,0.02,0,0.02,0,0.22,0,0,0,0.06,0,0,0,0,0.02,0,0,0,0,0,0,0.04,0,0.08
"2024_10_08_12-06-25.jpg","Centennial_Park",4,0,0.08,0.28,0.14,0.2,0,0.02,0,0.26,0,0,0,0,0,0,0,0,0.02,0,0,0,0,0,0,0,0,0.02
"2024_10_08_12-06-34.jpg","Centennial_Park",4,0.02,0.04,0.16,0.42,0.08,0.02,0,0.04,0.16,0,0,0,0.02,0,0,0,0,0,0,0,0.04,0,0,0,0,0,0.08
"2024_10_08_12-06-43.jpg","Centennial_Park",4,0,0.04,0.36,0.4,0.04,0,0,0,0.1,0,0,0,0,0,0,0,0,0,0,0,0.02,0,0,0,0.04,0,0
"2024_10_08_12-06-52.jpg","Centennial_Park",4,0,0.04,0.84,0,0.06,0,0,0,0.06,0,0,0,0,0,0,0,0,0,0,0,0,0,0,0,0,0,0
"2024_10_08_12-07-01.jpg","Centennial_Park",4,0,0.04,0.46,0.22,0.12,0,0,0,0.1,0,0,0,0,0,0,0,0,0.06,0,0,0,0,0,0,0,0,0
"2024_10_08_12-07-10.jpg","Centennial_Park",4,0,0,0.34,0.16,0.12,0,0,0,0.04,0,0.24,0,0,0,0,0.1,0,0,0,0,0,0,0,0,0,0,0
"2024_10_08_12-07-19.jpg","Centennial_Park",4,0,0.04,0.56,0.22,0.04,0,0,0,0,0,0,0,0.1,0,0,0.04,0,0,0,0,0,0,0,0,0,0,0.1
"2024_10_08_12-07-28.jpg","Centennial_Park",4,0,0.06,0.52,0,0.14,0,0,0,0.12,0,0,0,0.14,0,0,0,0,0.02,0,0,0,0,0,0,0,0,0.14
"2024_10_08_12-07-37.jpg","Centennial_Park",4,0,0.06,0.62,0.02,0.1,0,0,0,0.06,0,0,0,0.02,0,0,0.08,0,0,0,0,0,0.04,0,0,0,0,0.02
"2024_10_08_12-07-46.jpg","Centennial_Park",4,0.02,0,0.58,0.1,0.06,0,0,0.04,0.02,0,0,0,0.02,0,0,0,0,0.02,0,0,0,0,0,0,0.14,0,0.06
"2024_10_08_12-07-55.jpg","Centennial_Park",4,0,0.02,0.48,0,0.02,0,0,0.2,0.12,0,0,0,0,0,0,0.16,0,0,0,0,0,0,0,0,0,0,0.2
"2024_10_08_12-08-04.jpg","Centennial_Park",4,0,0.06,0.46,0.04,0.1,0,0,0.02,0.16,0,0,0,0,0,0,0.14,0,0.02,0,0,0,0,0,0,0,0,0.02
"2024_10_08_12-08-13.jpg","Centennial_Park",4,0,0.04,0.38,0.08,0.2,0,0.04,0,0.12,0,0,0,0,0,0,0,0,0.06,0,0,0,0,0,0,0.08,0,0.04
