name,site,transect,br_encrust,br_filam,br_fucus,br_sarg,gr_fil,gr_ulva,ke_5rib,ke_bull,ke_holdfas,ke_sieve,ke_stipe,ke_sugar,ms,re_cca,re_branch,re_bush,re_fil,re_leaf,review,si,si_kelpbry,su_anth,su_bould,su_cob,su_peb,su_sand,su_shell,su_silt,su_wood,unknown
2024_10_08_10-07-41.jpg,Centennial,1,0,0,0,0,0,0.06,0,0,0,0,0.02,0.38,0,0,0,0,0,0,0,0,0,0,0,0,0.38,0,0,0.16,0,0
2024_10_08_10-07-50.jpg,Centennial,1,0,0,0,0,0,0.02,0,0,0,0,0,0.5,0,0,0,0,0,0,0,0,0,0,0,0,0.26,0,0.02,0.2,0,0
2024_10_08_10-07-59.jpg,Centennial,1,0,0,0,0,0,0.02,0,0,0,0,0,0.44,0,0,0,0,0,0,0,0,0,0,0,0.04,0.42,0,0,0.08,0,0
2024_10_08_10-08-08.jpg,Centennial,1,0,0,0,0,0,0.08,0,0,0.02,0,0.02,0.24,0,0,0,0.02,0,0,0,0,0,0,0,0,0.34,0.04,0,0.24,0,0
2024_10_08_10-08-17.jpg,Centennial,1,0,0,0,0,0,0.06,0,0,0,0,0,0.34,0.04,0,0,0,0,0.02,0,0,0,0,0,0.06,0.32,0.02,0,0.14,0,0
2024_10_08_10-08-26.jpg,Centennial,1,0,0,0,0,0,0.08,0,0,0,0,0,0.18,0,0,0,0.02,0,0,0,0,0,0,0,0.08,0.44,0.02,0,0.18,0,0
2024_10_08_10-08-35.jpg,Centennial,1,0,0.02,0,0,0,0.06,0,0,0,0,0,0.28,0,0,0,0,0,0,0,0,0,0,0,0.04,0.48,0,0,0.12,0,0
2024_10_08_10-08-44.jpg,Centennial,1,0,0,0,0,0,0,0,0,0,0,0,0.18,0,0,0,0.02,0.02,0,0,0,0.02,0,0,0,0.62,0,0.02,0.12,0,0
2024_10_08_10-08-53.jpg,Centennial,1,0,0,0,0,0,0,0,0,0,0,0,0,0,0,0.02,0.02,0,0,0,0,0,0,0,0.04,0.68,0.08,0.02,0.14,0,0
2024_10_08_10-09-02.jpg,Centennial,1,0,0,0,0.02,0,0.04,0,0,0,0,0,0,0,0,0,0.02,0,0.02,0,0,0,0,0,0.02,0.78,0.04,0,0.06,0,0
2024_10_08_10-09-11.jpg,Centennial,1,0,0,0,0,0,0.02,0,0,0,0,0,0,0,0,0,0.04,0,0,0,0,0,0,0,0,0.84,0.04,0,0.06,0,0
2024_10_08_10-09-20.jpg,Centennial,1,0,0,0,0,0,0.1,0,0,0,0,0,0.28,0,0,0.02,0.02,0,0,0,0,0,0,0,0.02,0.46,0.04,0,0.06,0,0
2024_10_08_10-09-29.jpg,Centennial,1,0,0,0,0,0,0.3,0,0,0,0,0,0.54,0,0,0,0,0,0.02,0,0,0,0,0,0,0.14,0,0,0,0,0
2024_10_08_10-09-38.jpg,Centennial,1,0,0,0,0,0,0.08,0,0,0,0,0,0.82,0,0,0,0,0,0,0,0,0.02,0,0,0.02,0.04,0,0,0.02,0,0
2024_10_08_10-09-47.jpg,Centennial,1,0,0,0,0.04,0,0.06,0,0,0.04,0,0,0.48,0,0,0,0.04,0,0,0,0,0,0,0,0.02,0.3,0,0.02,0,0,0
2024_10_08_10-09-56.jpg,Centennial,1,0,0,0,0,0,0.08,0,0,0,0,0,0.14,0,0,0.06,0.02,0,0.04,0,0,0,0,0,0.02,0.52,0,0.02,0.1,0,0
2024_10_08_10-10-05.jpg,Centennial,1,0,0,0,0,0,0.02,0,0,0,0,0,0.12,0,0,0.04,0,0,0.02,0,0,0,0,0,0.08,0.58,0,0.02,0.1,0.02,0
2024_10_08_10-10-14.jpg,Centennial,1,0,0,0,0,0,0.04,0,0,0,0,0,0,0,0,0.02,0.02,0.06,0.02,0,0,0,0,0.04,0.16,0.5,0,0.04,0.1,0,0
2024_10_08_10-10-23.jpg,Centennial,1,0,0.04,0.04,0,0,0,0,0,0,0,0,0,0,0,0.06,0.04,0,0.04,0,0,0,0,0.02,0.04,0.56,0,0,0.16,0,0
2024_10_08_10-10-32.jpg,Centennial,1,0,0,0,0,0,0.1,0,0,0,0,0,0,0,0,0.02,0,0,0.04,0,0,0,0,0,0.12,0.66,0,0,0.06,0,0
2024_10_08_10-10-41.jpg,Centennial,1,0,0,0,0,0,0.06,0,0,0,0,0,0,0,0,0.02,0,0.02,0,0,0,0,0,0,0.06,0.66,0,0,0.18,0,0
2024_10_08_10-10-50.jpg,Centennial,1,0,0,0,0,0,0.1,0,0,0,0,0,0.12,0,0,0.02,0.02,0,0.04,0,0,0,0,0,0.04,0.48,0,0,0.18,0,0
2024_10_08_10-10-59.jpg,Centennial,1,0,0,0,0,0,0.06,0,0,0,0,0,0,0,0,0,0.04,0,0,0,0,0,0,0,0.08,0.62,0,0.02,0.18,0,0
2024_10_08_10-11-08.jpg,Centennial,1,0,0.02,0,0,0,0.04,0,0,0,0,0,0.08,0,0,0,0,0,0.04,0,0,0,0,0,0,0.54,0,0.02,0.26,0,0
2024_10_08_10-11-17.jpg,Centennial,1,0,0.04,0,0,0,0.1,0,0,0,0,0,0,0,0,0.1,0,0.04,0,0,0,0,0.02,0,0.06,0.54,0,0,0.1,0,0
2024_10_08_10-11-26.jpg,Centennial,1,0,0.06,0,0,0,0.12,0,0,0,0,0,0,0,0,0.14,0.02,0.04,0.08,0,0,0,0,0,0.12,0.34,0,0,0.08,0,0
2024_10_08_10-11-35.jpg,Centennial,1,0,0,0,0,0,0.02,0,0,0,0,0,0.28,0,0,0,0,0,0,0,0,0,0,0,0.02,0.52,0,0,0.16,0,0
2024_10_08_10-11-44.jpg,Centennial,1,0,0,0,0,0,0.1,0,0,0,0,0,0.24,0.02,0,0,0.04,0.02,0,0,0,0,0,0,0.04,0.38,0.02,0,0.14,0,0
2024_10_08_10-11-53.jpg,Centennial,1,0,0,0.02,0,0,0.08,0,0,0,0,0,0.38,0,0,0.02,0,0,0.06,0,0,0,0,0,0.06,0.26,0,0.02,0.08,0,0.02
2024_10_08_10-12-02.jpg,Centennial,1,0,0.02,0,0,0,0.02,0,0,0,0,0,0.16,0,0,0,0.02,0.02,0,0,0,0,0,0.02,0.02,0.44,0,0,0.26,0,0.02
2024_10_08_10-12-11.jpg,Centennial,1,0,0.06,0.02,0,0,0.02,0,0,0,0,0,0.08,0.02,0,0,0.02,0.02,0.04,0,0,0,0,0.02,0.1,0.3,0,0.02,0.28,0,0
2024_10_08_10-12-20.jpg,Centennial,1,0,0,0,0,0,0.04,0,0,0,0,0,0.14,0,0,0.02,0.02,0.04,0.06,0,0,0,0,0,0.06,0.44,0,0,0.18,0,0
2024_10_08_10-12-29.jpg,Centennial,1,0,0,0,0,0,0.06,0,0,0,0,0,0.18,0,0,0,0,0.04,0,0,0,0,0,0,0.02,0.26,0.02,0.02,0.38,0,0.02
2024_10_08_10-12-38.jpg,Centennial,1,0,0,0,0,0,0.2,0,0,0,0,0,0.04,0,0,0,0,0,0,0,0,0,0,0,0.1,0.42,0,0.02,0.22,0,0
2024_10_08_10-12-47.jpg,Centennial,1,0,0,0,0,0,0.08,0,0,0,0,0,0.78,0,0,0,0,0,0.02,0,0,0,0,0.02,0,0.08,0,0,0.02,0,0
2024_10_08_10-12-56.jpg,Centennial,1,0,0,0,0,0,0.16,0,0,0.02,0,0,0.18,0,0,0,0,0.04,0.1,0,0,0,0,0.04,0.12,0.14,0,0,0.2,0,0
2024_10_08_10-13-05.jpg,Centennial,1,0,0,0,0,0,0.12,0,0,0,0.04,0,0.42,0,0,0,0,0,0.06,0,0,0,0,0.02,0.04,0.22,0,0,0.06,0,0.02
2024_10_08_10-13-14.jpg,Centennial,1,0,0,0,0,0,0.06,0,0,0,0,0,0.2,0,0,0.04,0,0.06,0.02,0,0,0,0,0,0.22,0.2,0,0,0.2,0,0
2024_10_08_10-13-23.jpg,Centennial,1,0,0,0,0,0,0.24,0,0,0,0,0,0.16,0,0,0.02,0,0,0.02,0,0,0,0,0.02,0.06,0.3,0,0.04,0.14,0,0
2024_10_08_10-13-32.jpg,Centennial,1,0,0,0,0,0,0.08,0,0,0.06,0,0,0.44,0,0,0,0,0,0,0,0,0.02,0,0,0.12,0.14,0,0,0.14,0,0
2024_10_08_10-13-41.jpg,Centennial,1,0,0,0,0,0,0.02,0,0,0.02,0,0,0.62,0.04,0,0.04,0,0,0,0,0,0,0,0.04,0,0.08,0,0,0.14,0,0
2024_10_08_10-13-50.jpg,Centennial,1,0,0,0,0,0,0.16,0,0,0,0,0,0.34,0,0,0.08,0.02,0,0.04,0,0,0,0,0.02,0.12,0.12,0,0,0.1,0,0
2024_10_08_10-35-58.jpg,Centennial,1,0,0,0,0,0,0.04,0,0,0,0,0,0,0,0,0.04,0,0.02,0,0,0,0,0,0,0.04,0.8,0.02,0,0.04,0,0
2024_10_08_10-36-07.jpg,Centennial,1,0,0,0,0,0,0.04,0,0,0,0,0,0.46,0,0,0,0,0,0,0,0,0,0,0.04,0,0.46,0,0,0,0,0
2024_10_08_10-36-16.jpg,Centennial,1,0,0.04,0,0,0,0.1,0,0,0,0,0,0,0,0,0.02,0,0.02,0.02,0,0,0,0,0.06,0.02,0.72,0,0,0,0,0
2024_10_08_10-36-25.jpg,Centennial,1,0,0.02,0,0,0,0.08,0,0,0,0,0,0.16,0,0,0.1,0.02,0.06,0.06,0,0,0,0,0.02,0.06,0.38,0.02,0,0.02,0,0
2024_10_08_10-36-34.jpg,Centennial,1,0,0,0,0,0,0.24,0,0,0,0,0,0.42,0.02,0,0.06,0,0.02,0.06,0,0,0,0,0.08,0.04,0.06,0,0,0,0,0
2024_10_08_10-36-43.jpg,Centennial,1,0,0,0,0,0,0.28,0,0,0,0,0,0.32,0,0,0.04,0,0,0.14,0,0,0,0,0.02,0.02,0.16,0,0,0.02,0,0
2024_10_08_10-36-52.jpg,Centennial,1,0,0,0,0,0,0.2,0,0,0,0,0,0.06,0.02,0,0.04,0,0,0.04,0,0,0,0,0.06,0.16,0.36,0,0.02,0.02,0,0.02
2024_10_08_10-37-01.jpg,Centennial,1,0,0,0,0,0,0.04,0,0,0,0,0,0.64,0,0,0.02,0,0,0,0,0,0,0,0,0.04,0.22,0,0,0.04,0,0
2024_10_08_10-37-10.jpg,Centennial,1,0,0,0,0,0,0.24,0,0,0,0,0,0.12,0,0,0.06,0,0.04,0.08,0,0,0,0,0.04,0.04,0.38,0,0,0,0,0
2024_10_08_10-37-19.jpg,Centennial,1,0,0,0,0,0,0.12,0,0,0,0,0,0.54,0.02,0,0,0,0.02,0,0,0,0,0,0,0.06,0.24,0,0,0,0,0
2024_10_08_10-37-28.jpg,Centennial,1,0,0,0,0,0,0.24,0,0,0,0,0,0.74,0,0,0,0,0,0,0,0,0,0,0,0.02,0,0,0,0,0,0
2024_10_08_10-37-37.jpg,Centennial,1,0,0,0,0,0,0.26,0,0,0,0,0,0.44,0,0,0,0,0,0.1,0,0,0,0,0.04,0,0.1,0,0,0.06,0,0
2024_10_08_10-37-46.jpg,Centennial,1,0,0,0.02,0,0,0.02,0,0,0,0,0,0.24,0,0,0.02,0,0.04,0.04,0,0,0,0,0,0.08,0.44,0,0,0.1,0,0
2024_10_08_10-37-55.jpg,Centennial,1,0,0,0.02,0,0,0,0.12,0,0,0,0,0.26,0,0,0.02,0,0.04,0,0,0,0.02,0,0.02,0.1,0.26,0,0.02,0.12,0,0
2024_10_08_10-38-04.jpg,Centennial,1,0,0,0,0,0,0.06,0,0,0,0,0,0.46,0.02,0,0.04,0,0,0.02,0,0,0,0,0.04,0.12,0.21,0,0,0.02,0,0
2024_10_08_10-38-13.jpg,Centennial,1,0,0,0,0,0,0.12,0,0,0,0,0,0.22,0,0,0.02,0.02,0,0.14,0,0,0,0,0.02,0.1,0.3,0.02,0,0.04,0,0
2024_10_08_10-38-22.jpg,Centennial,1,0,0,0,0,0,0.38,0,0,0,0,0,0.48,0,0,0,0,0,0.02,0,0,0,0,0,0,0.12,0,0,0,0,0
2024_10_08_10-38-31.jpg,Centennial,1,0,0.02,0,0.04,0,0.2,0,0,0,0,0,0.12,0,0,0,0,0,0.02,0,0,0,0,0,0,0.5,0,0,0.1,0,0
2024_10_08_10-38-40.jpg,Centennial,1,0,0,0,0,0,0.16,0,0,0.02,0,0,0.16,0,0,0,0,0,0.06,0,0,0,0,0.02,0.04,0.3,0,0.02,0.22,0,0
2024_10_08_10-38-49.jpg,Centennial,1,0,0,0,0,0,0,0,0,0.02,0,0,0.32,0,0,0,0,0.08,0.02,0,0,0,0,0.02,0.06,0.4,0,0,0.08,0,0
2024_10_08_10-38-58.jpg,Centennial,1,0,0,0,0,0,0.02,0,0,0.02,0,0,0.58,0,0,0,0.02,0,0.02,0,0,0,0,0,0.02,0.22,0,0,0.1,0,0
2024_10_08_10-39-07.jpg,Centennial,1,0,0,0,0,0,0.04,0,0,0,0,0,0.38,0,0,0,0.04,0.04,0.04,0,0,0,0,0,0.1,0.2,0,0,0.16,0,0
2024_10_08_10-39-16.jpg,Centennial,1,0,0,0,0,0,0.08,0,0,0.02,0,0,0.08,0.02,0,0,0,0,0,0,0,0,0,0,0,0.7,0,0,0.1,0,0
2024_10_08_10-39-25.jpg,Centennial,1,0,0,0,0,0,0.02,0,0,0,0,0,0.02,0,0,0.08,0,0,0.04,0,0,0,0,0,0.06,0.72,0,0,0.06,0,0
2024_10_08_10-39-34.jpg,Centennial,1,0,0,0,0,0,0.06,0,0,0,0,0,0.26,0,0,0.06,0.04,0,0,0,0,0.02,0,0,0.06,0.42,0,0,0.08,0,0
2024_10_08_10-39-43.jpg,Centennial,1,0,0,0,0,0,0.06,0,0,0,0,0.02,0.02,0,0,0.02,0,0.06,0.04,0,0,0,0,0.08,0.02,0.6,0,0,0.08,0,0
2024_10_08_10-39-52.jpg,Centennial,1,0,0,0,0,0,0.14,0,0,0,0,0,0.08,0.04,0,0.02,0,0,0.16,0,0,0,0,0,0,0.48,0,0.02,0.06,0,0
2024_10_08_10-40-01.jpg,Centennial,1,0,0,0,0,0,0.02,0,0,0.02,0,0,0.8,0,0,0,0,0,0,0,0,0,0,0.04,0,0.12,0,0,0,0,0
2024_10_08_11-32-32.jpg,Centennial,1,0,0.08,0,0.06,0,0.45,0,0,0,0,0,0,0,0,0,0.02,0.04,0.1,0,0,0,0,0.02,0.02,0.13,0,0,0.08,0,0
2024_10_08_11-32-41.jpg,Centennial,1,0,0.04,0,0.12,0,0.35,0,0,0,0,0,0.04,0,0,0.02,0,0.1,0.04,0,0,0,0,0,0.02,0.23,0,0,0.04,0,0
2024_10_08_11-32-50.jpg,Centennial,1,0,0.08,0,0.06,0,0.34,0,0,0,0,0,0.02,0,0,0,0,0.06,0.06,0,0,0,0,0.06,0.08,0.16,0.02,0,0.06,0,0
2024_10_08_11-32-59.jpg,Centennial,1,0,0.02,0,0.06,0,0.41,0,0,0,0,0,0.04,0,0,0,0,0,0.04,0,0,0,0,0.03,0.08,0.15,0,0,0.17,0,0
2024_10_08_11-33-08.jpg,Centennial,1,0,0,0,0,0,0.67,0,0,0,0,0,0,0,0,0,0,0,0.04,0,0,0,0,0.04,0.04,0.08,0,0,0.13,0,0
2024_10_08_11-33-17.jpg,Centennial,1,0,0,0,0,0,0.75,0,0,0,0,0,0.05,0,0,0,0,0,0.01,0,0,0,0,0,0.02,0.07,0,0,0.09,0,0.01
2024_10_08_11-33-26.jpg,Centennial,1,0,0.08,0,0,0,0.57,0,0,0,0.02,0,0.14,0,0,0.02,0.02,0.02,0.02,0,0,0,0,0.02,0.02,0,0.01,0,0.06,0,0
2024_10_08_11-33-35.jpg,Centennial,1,0,0,0,0,0,0.71,0.06,0,0,0,0,0,0,0,0,0.08,0,0.01,0,0,0,0,0,0,0.02,0,0.02,0.1,0,0
2024_10_08_11-33-44.jpg,Centennial,1,0,0,0,0,0,0.64,0,0,0,0,0,0.14,0,0,0,0.05,0,0,0,0,0,0,0,0.02,0.02,0.01,0.01,0.11,0,0
2024_10_08_11-33-53.jpg,Centennial,1,0,0,0,0,0,0.54,0,0,0,0,0,0.02,0,0,0,0.04,0,0,0,0,0,0,0,0,0.05,0.08,0,0.26,0,0.01
2024_10_08_11-34-02.jpg,Centennial,1,0,0,0,0,0,0.72,0,0,0,0,0,0.02,0.02,0,0,0,0,0,0,0,0,0,0.04,0.08,0.04,0,0,0.06,0,0.02
2024_10_08_11-34-11.jpg,Centennial,1,0,0,0,0,0,0.93,0,0,0,0,0,0.02,0,0,0,0,0,0,0,0,0,0,0,0.02,0.03,0,0,0,0,0
2024_10_08_11-34-20.jpg,Centennial,1,0,0,0,0,0,0.44,0.14,0,0,0,0,0.04,0,0,0,0,0,0,0,0,0,0,0,0.14,0.18,0,0,0.06,0,0
2024_10_08_11-34-29.jpg,Centennial,1,0,0,0,0,0,0.52,0,0,0,0,0,0,0,0,0,0.02,0,0.02,0,0,0,0,0.06,0.12,0.22,0,0,0.04,0,0
2024_10_08_11-34-38.jpg,Centennial,1,0,0,0,0,0,0.61,0,0,0,0,0,0.06,0,0,0,0,0,0,0,0,0,0,0.02,0,0.13,0.09,0,0.09,0,0
2024_10_08_11-34-47.jpg,Centennial,1,0,0,0,0,0,0.6,0,0,0,0,0,0.03,0,0,0,0.03,0,0,0,0,0,0,0.06,0.02,0.07,0.04,0.01,0.12,0,0.02
2024_10_08_11-34-56.jpg,Centennial,1,0,0,0,0.02,0,0.28,0,0,0,0,0,0.22,0,0,0,0,0,0.02,0,0,0,0,0.02,0.03,0.13,0.06,0.01,0.21,0,0
2024_10_08_11-35-05.jpg,Centennial,1,0,0,0,0,0,0.41,0,0,0,0,0.02,0.13,0.02,0,0,0,0,0,0,0,0,0,0.04,0.04,0.21,0.02,0,0.1,0,0.01
2024_10_08_11-35-14.jpg,Centennial,1,0,0,0,0,0,0.53,0,0,0,0,0,0.2,0.01,0,0,0,0,0,0,0,0.02,0,0.04,0.02,0.08,0.04,0,0.05,0,0.01
2024_10_08_11-35-23.jpg,Centennial,1,0,0,0,0,0,0.32,0,0,0,0,0,0.36,0,0,0,0,0,0,0,0,0,0,0.08,0,0.16,0.06,0,0.01,0,0.01
2024_10_08_11-35-32.jpg,Centennial,1,0,0,0,0,0,0.08,0,0,0,0,0,0.36,0,0,0,0,0,0.08,0,0,0.04,0,0.04,0.06,0.18,0,0,0.14,0,0.02
2024_10_08_11-35-41.jpg,Centennial,1,0,0,0,0,0,0.2,0,0,0,0,0,0.34,0,0,0,0,0,0,0,0,0,0,0.07,0.07,0.02,0.02,0,0.28,0,0
2024_10_08_11-35-50.jpg,Centennial,1,0,0,0,0.02,0,0.33,0,0,0,0,0,0,0,0,0,0,0,0,0,0,0,0,0.08,0.16,0.08,0.05,0,0.27,0,0.01
2024_10_08_11-35-59.jpg,Centennial,1,0,0.06,0,0,0,0.28,0,0,0,0,0,0.08,0,0,0,0,0,0,0,0,0,0,0.07,0.22,0.2,0.02,0,0.07,0,0
2024_10_08_11-36-08.jpg,Centennial,1,0,0,0,0,0,0.18,0.02,0,0,0.04,0,0.29,0,0,0,0,0.02,0.04,0,0,0,0,0.04,0.22,0.1,0,0,0.04,0,0.01
2024_10_08_11-36-17.jpg,Centennial,1,0,0,0,0.02,0,0.09,0.1,0,0,0,0.02,0.27,0,0,0,0,0.02,0.06,0,0,0,0,0.12,0.12,0.18,0,0,0,0,0
2024_10_08_11-36-26.jpg,Centennial,1,0,0.08,0,0,0,0.27,0,0,0,0.02,0,0.2,0,0,0,0,0,0.04,0,0,0,0,0.03,0,0.27,0,0,0.09,0,0
2024_10_08_11-36-35.jpg,Centennial,1,0,0.09,0,0,0,0.52,0,0,0,0,0,0.19,0,0,0,0,0,0,0,0,0,0,0.02,0.08,0.06,0.02,0,0.02,0,0
2024_10_08_11-36-44.jpg,Centennial,1,0,0,0,0,0,0.35,0,0,0,0,0,0.19,0.02,0,0.02,0.04,0.02,0.02,0,0,0,0.02,0.01,0.09,0.14,0.02,0,0.04,0,0.02
2024_10_08_11-36-54.jpg,Centennial,1,0,0,0,0,0,0.58,0,0,0,0,0,0.05,0,0,0,0,0,0,0,0,0,0,0.02,0.06,0.22,0,0,0.06,0,0.01
2024_10_08_11-37-03.jpg,Centennial,1,0,0,0,0,0,0.38,0,0,0,0,0,0.18,0,0,0,0.18,0.06,0,0,0,0,0,0.08,0.02,0.06,0.02,0,0.02,0,0
2024_10_08_12-03-52.jpg,Centennial,1,0,0.02,0,0,0,0.24,0,0,0,0,0,0.14,0,0,0,0,0.04,0.13,0,0,0,0,0.04,0.04,0.2,0.02,0,0.11,0,0.02
2024_10_08_12-04-01.jpg,Centennial,1,0,0,0,0.02,0.02,0.28,0,0,0,0,0,0.12,0,0,0.1,0.02,0.04,0.16,0,0,0,0,0.06,0.01,0.07,0,0,0.04,0,0.06
2024_10_08_12-04-10.jpg,Centennial,1,0,0.02,0,0.01,0,0.34,0,0,0,0,0,0,0,0,0.03,0.01,0.06,0.16,0,0,0,0,0,0.02,0.19,0.02,0,0.13,0,0.01
2024_10_08_12-04-19.jpg,Centennial,1,0,0,0,0.02,0,0.25,0,0,0,0,0,0.15,0,0,0.04,0,0.1,0.29,0,0,0,0,0.02,0.04,0.07,0,0,0.01,0,0.01
2024_10_08_12-04-28.jpg,Centennial,1,0,0,0,0.02,0,0.69,0,0,0,0,0,0.1,0,0,0,0,0,0.03,0,0,0,0,0.02,0.05,0.08,0.01,0,0,0,0
2024_10_08_12-04-37.jpg,Centennial,1,0,0,0,0,0,0.3,0,0,0,0,0,0.23,0,0,0,0.04,0.02,0.02,0,0,0,0,0.11,0.03,0.18,0,0,0.06,0,0.01
2024_10_08_12-04-46.jpg,Centennial,1,0,0,0,0,0,0.2,0,0,0,0.02,0,0.44,0,0,0,0,0.04,0,0,0,0,0,0,0.03,0.08,0.02,0,0.15,0,0.02
2024_10_08_12-04-55.jpg,Centennial,1,0,0,0,0,0.04,0.23,0,0,0,0,0,0,0,0,0,0,0,0.26,0,0,0,0,0.02,0.04,0.26,0.02,0,0.11,0,0.02
2024_10_08_12-05-04.jpg,Centennial,1,0,0,0,0,0,0.36,0,0,0,0,0,0.02,0.02,0,0,0.04,0,0.31,0,0,0,0,0,0.08,0.11,0,0,0.04,0,0.02
2024_10_08_12-05-13.jpg,Centennial,1,0,0,0,0.12,0,0.1,0.14,0,0,0,0,0.2,0.02,0,0,0,0.06,0.1,0,0,0,0,0,0.02,0.16,0,0,0.08,0,0
2024_10_08_12-05-22.jpg,Centennial,1,0,0,0,0.1,0,0.37,0,0,0,0,0,0.18,0,0,0,0,0,0.03,0,0,0,0,0,0.02,0.26,0.04,0,0,0,0
2024_10_08_12-05-31.jpg,Centennial,1,0,0.02,0,0,0,0.66,0,0,0,0,0,0,0,0,0,0.02,0,0.12,0,0,0,0,0,0.08,0.1,0,0,0,0,0
2024_10_08_12-05-40.jpg,Centennial,1,0,0,0,0.04,0,0.39,0,0,0,0,0,0.33,0,0,0.04,0.02,0,0.1,0,0,0,0,0,0.01,0.07,0,0,0,0,0
2024_10_08_12-05-49.jpg,Centennial,1,0,0,0,0.02,0.01,0.29,0,0,0,0,0,0.36,0.02,0,0.04,0,0.02,0.04,0,0,0,0,0,0.1,0.08,0,0,0.02,0,0
2024_10_08_12-05-58.jpg,Centennial,1,0,0.02,0,0.04,0.01,0.44,0,0,0,0,0,0.06,0,0,0,0,0.04,0,0,0,0,0,0,0.06,0.3,0,0,0,0,0.03
2024_10_08_12-06-07.jpg,Centennial,1,0,0,0,0.02,0,0.16,0,0,0,0.06,0,0.44,0,0,0.02,0.02,0,0.1,0,0,0,0,0.04,0.04,0.04,0.02,0,0.04,0,0
2024_10_08_12-06-16.jpg,Centennial,1,0,0.04,0,0,0,0.25,0,0,0,0,0,0.26,0,0,0,0.06,0.02,0,0,0,0,0,0.02,0.08,0.02,0.02,0,0.23,0,0
2024_10_08_12-06-25.jpg,Centennial,1,0,0,0,0,0,0.28,0,0,0,0,0,0.14,0,0,0,0,0.02,0,0,0,0,0,0,0.08,0.2,0.02,0,0.26,0,0
2024_10_08_12-06-34.jpg,Centennial,1,0,0,0,0,0,0.16,0,0,0,0,0,0.42,0.04,0,0.02,0.02,0,0.04,0,0,0,0,0.02,0.04,0.08,0,0,0.16,0,0
2024_10_08_12-06-43.jpg,Centennial,1,0,0.05,0,0,0,0.36,0,0,0,0,0,0.4,0.02,0,0,0,0,0,0,0,0,0,0,0.03,0.04,0,0,0.1,0,0
2024_10_08_12-06-52.jpg,Centennial,1,0,0,0,0,0,0.84,0,0,0,0,0,0,0,0,0,0,0,0,0,0,0,0,0,0.04,0.06,0,0,0.06,0,0
2024_10_08_12-07-01.jpg,Centennial,1,0,0,0,0,0,0.46,0,0,0,0,0,0.23,0,0,0,0,0,0,0,0,0,0,0,0.05,0.1,0.06,0,0.1,0,0
2024_10_08_12-07-10.jpg,Centennial,1,0,0,0,0.1,0,0.33,0.25,0,0,0,0,0.16,0,0,0,0,0,0,0,0,0,0,0,0,0.12,0,0,0.04,0,0
2024_10_08_12-07-19.jpg,Centennial,1,0,0,0,0.04,0,0.55,0,0,0,0,0,0.22,0,0,0,0.1,0,0,0,0,0,0,0,0.05,0.04,0,0,0,0,0
2024_10_08_12-07-28.jpg,Centennial,1,0,0,0,0,0,0.51,0,0,0,0,0,0,0,0,0,0.14,0,0,0,0,0,0,0,0.06,0.14,0.02,0,0.13,0,0
2024_10_08_12-07-37.jpg,Centennial,1,0,0,0,0.08,0,0.62,0,0,0,0,0,0.02,0,0,0,0.02,0,0,0,0,0,0,0,0.06,0.1,0,0.04,0.06,0,0
2024_10_08_12-07-46.jpg,Centennial,1,0,0.14,0,0,0,0.57,0,0,0,0,0,0.1,0,0,0,0.04,0,0.04,0,0,0,0,0.02,0,0.06,0.01,0,0.02,0,0
2024_10_08_12-07-55.jpg,Centennial,1,0,0,0,0.16,0,0.48,0,0,0,0,0,0,0,0,0,0,0,0.2,0,0,0,0,0,0.02,0.02,0,0,0.12,0,0
2024_10_08_12-08-04.jpg,Centennial,1,0,0,0,0.15,0,0.44,0,0,0,0,0,0.04,0,0,0,0,0,0.02,0,0,0,0,0,0.07,0.1,0.02,0,0.16,0,0
2024_10_08_12-08-13.jpg,Centennial,1,0,0.07,0,0.01,0,0.38,0,0,0,0,0,0.08,0,0,0,0,0.04,0,0,0,0,0,0,0.04,0.2,0.06,0,0.12,0,0
2024_10_08_10-14-38.jpg,Centennial,2,0,0.02,0,0,0,0.18,0,0,0,0,0,0.26,0,0,0.02,0.02,0.12,0,0,0,0,0,0.06,0.1,0.2,0,0,0.02,0,0
2024_10_08_10-14-47.jpg,Centennial,2,0,0,0,0,0,0.14,0,0,0,0,0,0.3,0,0,0.02,0,0,0.1,0,0,0,0,0,0.08,0.22,0,0.02,0.1,0,0.02
2024_10_08_10-14-56.jpg,Centennial,2,0,0,0,0,0,0.12,0,0,0,0,0,0.3,0,0,0,0,0,0,0,0,0,0,0,0.06,0.38,0,0,0.1,0,0.04
2024_10_08_10-15-05.jpg,Centennial,2,0,0,0,0,0,0.12,0,0,0,0,0,0.14,0.04,0,0,0,0,0,0,0,0,0,0.08,0.04,0.54,0,0,0,0,0.04
2024_10_08_10-15-14.jpg,Centennial,2,0,0,0,0,0,0,0,0,0,0,0,0,0,0,0,0,0.1,0.08,0,0,0,0,0.02,0.06,0.7,0,0,0.02,0,0.02
2024_10_08_10-15-23.jpg,Centennial,2,0,0.02,0,0,0,0.04,0,0,0,0,0,0.18,0.06,0,0,0,0.04,0.02,0,0,0,0,0.02,0.18,0.4,0,0.02,0,0,0.02
2024_10_08_10-15-32.jpg,Centennial,2,0,0,0,0,0,0.2,0,0,0,0,0,0,0.02,0,0,0.04,0,0.02,0,0,0,0,0.02,0.04,0.64,0,0.02,0,0,0
2024_10_08_10-15-41.jpg,Centennial,2,0,0,0,0,0,0.02,0,0,0,0,0,0,0,0,0,0,0,0,0,0,0,0,0.02,0.08,0.84,0.02,0,0.02,0,0
2024_10_08_10-15-50.jpg,Centennial,2,0,0.04,0,0,0,0,0,0,0,0,0,0,0,0,0,0,0,0,0,0,0,0,0,0.28,0.52,0,0.02,0.08,0,0.06
2024_10_08_10-15-59.jpg,Centennial,2,0,0,0,0,0,0,0,0,0,0,0,0.04,0,0,0.02,0,0,0.02,0,0,0,0,0,0.04,0.76,0.02,0,0.06,0,0.04
2024_10_08_10-16-08.jpg,Centennial,2,0,0,0,0,0,0,0,0,0,0,0,0.06,0,0,0,0,0,0,0,0,0,0,0,0,0.78,0,0,0.02,0,0.14
2024_10_08_10-16-17.jpg,Centennial,2,0,0,0,0,0,0.06,0,0,0,0,0,0,0.02,0,0,0,0,0,0,0,0,0,0,0,0.74,0,0,0.1,0,0.08
2024_10_08_10-16-26.jpg,Centennial,2,0,0.02,0,0,0,0.06,0,0,0,0,0,0,0,0,0,0,0,0,0,0,0,0,0,0,0.7,0,0,0.14,0,0.08
2024_10_08_10-16-35.jpg,Centennial,2,0,0,0,0,0,0,0,0,0,0,0,0,0.02,0,0,0.02,0,0,0,0,0,0,0,0.02,0.54,0,0,0.38,0,0.02
2024_10_08_10-16-44.jpg,Centennial,2,0,0.02,0,0,0,0,0,0,0,0,0,0,0,0,0,0,0,0,0,0,0,0,0.02,0.02,0.38,0.02,0,0.44,0,0.1
2024_10_08_10-16-53.jpg,Centennial,2,0,0,0,0,0,0.02,0,0,0,0,0,0,0.04,0,0,0,0,0,0,0,0,0,0,0,0.38,0,0,0.48,0,0.08
2024_10_08_10-17-02.jpg,Centennial,2,0,0,0,0,0,0,0,0,0,0,0,0,0.04,0,0,0,0.02,0.02,0,0,0,0,0,0,0.44,0,0,0.42,0,0.06
2024_10_08_10-17-11.jpg,Centennial,2,0,0,0,0,0,0,0,0,0,0,0,0,0,0,0,0,0.02,0.02,0,0,0,0,0,0,0.4,0.02,0,0.42,0,0.12
2024_10_08_10-17-21.jpg,Centennial,2,0,0,0,0,0,0,0,0,0,0,0,0.06,0.04,0,0.02,0,0,0.04,0,0,0,0,0,0.02,0.38,0,0,0.4,0,0.04
2024_10_08_10-17-30.jpg,Centennial,2,0,0,0,0,0,0.02,0,0,0,0,0,0.02,0,0,0,0,0,0.04,0,0,0,0,0,0.04,0.26,0,0,0.52,0,0.1
2024_10_08_10-17-39.jpg,Centennial,2,0,0,0,0,0,0.2,0,0,0,0,0,0.16,0,0,0,0,0,0,0,0,0,0,0.02,0.04,0.2,0,0,0.3,0,0.08
2024_10_08_10-17-48.jpg,Centennial,2,0,0.02,0,0,0,0.02,0,0,0,0,0,0.1,0,0,0,0.04,0,0,0,0,0,0,0,0.04,0.34,0,0,0.42,0,0.02
2024_10_08_10-17-57.jpg,Centennial,2,0,0,0,0,0,0.02,0,0,0,0,0,0,0,0,0,0,0.04,0,0,0,0,0,0,0,0.24,0,0,0.5,0,0.2
2024_10_08_10-18-06.jpg,Centennial,2,0,0,0,0,0,0,0,0,0,0,0,0.02,0,0,0.02,0,0,0,0,0,0,0,0,0.02,0.3,0.04,0,0.54,0,0.06
2024_10_08_10-18-15.jpg,Centennial,2,0,0,0,0,0,0,0,0,0,0,0,0.04,0,0,0,0,0,0,0,0,0,0,0,0,0.38,0,0,0.42,0,0.16
2024_10_08_10-18-24.jpg,Centennial,2,0,0,0,0,0,0.02,0,0,0,0,0,0.02,0,0,0,0,0,0,0,0,0,0,0,0,0.44,0,0,0.44,0,0.08
2024_10_08_10-18-33.jpg,Centennial,2,0,0,0,0,0,0.06,0,0,0,0,0,0.06,0,0,0,0,0,0,0,0,0,0,0,0.02,0.3,0,0,0.54,0,0.02
2024_10_08_10-18-42.jpg,Centennial,2,0,0,0,0,0,0.06,0,0,0,0,0,0,0,0,0,0,0,0,0,0,0,0,0,0.04,0.58,0.02,0,0.24,0,0.06
2024_10_08_10-18-51.jpg,Centennial,2,0,0,0,0,0,0,0,0,0,0,0,0,0,0,0,0,0,0,0,0,0,0,0,0.02,0.78,0.06,0.02,0.1,0,0.02
2024_10_08_10-19-00.jpg,Centennial,2,0,0,0,0,0,0.02,0,0,0,0,0,0.14,0,0,0,0,0,0,0,0,0,0,0,0,0.38,0.06,0,0.3,0,0.1
2024_10_08_10-19-09.jpg,Centennial,2,0,0,0,0,0,0,0,0,0,0,0,0,0,0,0,0,0,0,0,0,0,0,0,0.06,0.7,0.04,0,0.2,0,0
2024_10_08_10-19-18.jpg,Centennial,2,0,0,0,0,0,0.02,0,0,0,0,0,0,0.06,0,0,0,0,0.02,0,0,0,0,0.02,0.06,0.7,0,0,0.1,0,0.02
2024_10_08_10-19-27.jpg,Centennial,2,0,0,0,0,0,0,0,0,0,0,0,0,0,0,0,0,0.02,0.02,0,0,0,0,0,0.02,0.64,0,0,0.22,0,0.08
2024_10_08_10-19-36.jpg,Centennial,2,0,0,0,0,0,0,0,0,0,0,0,0.18,0,0,0,0,0,0,0,0,0,0,0,0,0.46,0,0,0.16,0,0.2
2024_10_08_10-19-45.jpg,Centennial,2,0,0,0,0,0,0.12,0,0,0,0,0,0.04,0,0,0,0,0,0,0,0,0,0,0,0,0.56,0,0,0.18,0,0.1
2024_10_08_10-19-54.jpg,Centennial,2,0,0,0,0,0,0.02,0,0,0,0,0,0,0,0,0,0.02,0,0,0,0,0,0,0,0,0.46,0,0,0.38,0,0.12
2024_10_08_10-20-03.jpg,Centennial,2,0,0,0,0,0,0.02,0,0,0,0,0,0,0,0,0,0.02,0,0,0,0,0,0,0,0,0.18,0.02,0,0.7,0,0.06
2024_10_08_10-20-12.jpg,Centennial,2,0,0,0,0,0,0,0,0,0,0,0,0,0,0,0,0,0,0,0,0,0,0,0,0,0.08,0,0,0.8,0,0.12
2024_10_08_10-20-21.jpg,Centennial,2,0,0,0,0,0,0.08,0,0,0,0,0,0,0,0,0.02,0,0,0.06,0,0,0,0,0,0.08,0.28,0.08,0,0.4,0,0
2024_10_08_10-20-30.jpg,Centennial,2,0,0,0,0,0,0,0,0,0,0,0,0,0,0,0.02,0.02,0,0,0,0,0,0,0.02,0.02,0.3,0.04,0.04,0.52,0,0.02
2024_10_08_10-30-24.jpg,Centennial,2,0,0.02,0,0,0,0.1,0.12,0,0,0,0,0,0,0,0,0,0.02,0,0,0,0,0,0.02,0.02,0.7,0,0,0,0,0
2024_10_08_10-30-33.jpg,Centennial,2,0,0,0,0,0,0.06,0,0,0,0,0,0,0,0,0,0,0.1,0,0,0,0,0,0.02,0.06,0.74,0,0,0.02,0,0
2024_10_08_10-30-42.jpg,Centennial,2,0,0,0,0,0,0.02,0,0,0,0,0,0,0,0,0,0.06,0,0,0,0,0,0,0,0,0.86,0,0,0.04,0,0.02
2024_10_08_10-30-51.jpg,Centennial,2,0,0,0,0,0,0.36,0,0,0,0,0,0.08,0,0,0.02,0,0,0,0,0,0,0,0,0,0.4,0,0,0.04,0,0.1
2024_10_08_10-31-00.jpg,Centennial,2,0,0,0,0,0,0.08,0,0,0,0,0,0.08,0,0,0,0,0,0,0,0,0.02,0,0.06,0,0.6,0.06,0,0.08,0,0.02
2024_10_08_10-31-09.jpg,Centennial,2,0,0.02,0,0,0,0.02,0,0,0,0,0,0,0,0,0,0,0,0.02,0,0,0,0,0,0,0.7,0.02,0,0.18,0,0.04
2024_10_08_10-31-18.jpg,Centennial,2,0,0,0,0,0,0.04,0,0,0,0,0,0.08,0,0,0,0,0.02,0,0,0,0.02,0,0,0,0.38,0,0,0.44,0,0.02
2024_10_08_10-31-27.jpg,Centennial,2,0,0,0,0,0,0.1,0,0,0,0,0,0,0.06,0,0,0,0,0.02,0,0,0,0,0,0,0.24,0.02,0,0.56,0,0
2024_10_08_10-31-36.jpg,Centennial,2,0,0,0,0,0,0.1,0,0,0,0,0,0.22,0,0,0,0,0,0.02,0,0,0,0,0,0,0.2,0,0,0.42,0,0.04
2024_10_08_10-31-45.jpg,Centennial,2,0,0,0,0,0,0.08,0,0,0,0,0,0,0,0,0,0.08,0,0,0,0,0,0,0,0.02,0.18,0,0.04,0.6,0,0
2024_10_08_10-31-54.jpg,Centennial,2,0,0,0,0,0,0.04,0,0,0,0,0,0.44,0,0,0,0,0,0,0,0,0,0,0,0,0.18,0.02,0,0.32,0,0
2024_10_08_10-32-03.jpg,Centennial,2,0,0,0,0,0,0.18,0,0,0,0,0,0,0,0,0,0.02,0,0,0,0,0,0,0,0.02,0.04,0.02,0,0.7,0,0.02
2024_10_08_10-32-12.jpg,Centennial,2,0,0,0,0,0,0.12,0,0,0,0,0,0,0,0,0,0,0,0,0,0,0,0,0.04,0.02,0.12,0.02,0,0.68,0,0
2024_10_08_10-32-21.jpg,Centennial,2,0,0,0,0,0,0.04,0,0,0,0,0,0,0,0,0,0.06,0,0,0,0,0,0,0,0.04,0.26,0.02,0,0.58,0,0
2024_10_08_10-32-30.jpg,Centennial,2,0,0,0,0,0,0.02,0,0,0,0,0,0,0.04,0,0,0.02,0,0,0,0,0,0,0,0,0.1,0.06,0,0.76,0,0
2024_10_08_10-32-39.jpg,Centennial,2,0,0,0,0,0,0.02,0.26,0,0,0,0,0,0,0,0,0,0,0,0,0,0,0,0,0,0.1,0,0,0.62,0,0
2024_10_08_10-32-48.jpg,Centennial,2,0,0,0,0,0,0,0,0,0,0,0,0,0,0,0,0,0,0.02,0,0,0,0,0,0,0.26,0.08,0,0.64,0,0
2024_10_08_10-32-57.jpg,Centennial,2,0,0,0,0,0,0,0,0,0,0,0,0.1,0,0,0,0,0,0,0,0,0,0,0,0.06,0.22,0.16,0.02,0.42,0,0.02
2024_10_08_10-33-06.jpg,Centennial,2,0,0,0,0,0,0.02,0,0,0,0,0,0,0,0,0,0,0,0,0,0,0,0,0,0.04,0.32,0.12,0.02,0.48,0,0
2024_10_08_10-33-15.jpg,Centennial,2,0,0,0,0,0,0,0,0,0,0,0,0.22,0,0,0.02,0,0,0,0,0,0.02,0,0,0.02,0.12,0.04,0.04,0.52,0,0
2024_10_08_10-33-24.jpg,Centennial,2,0,0.02,0,0,0,0,0,0,0,0,0,0,0,0,0,0,0,0.06,0,0,0,0,0,0.04,0.14,0.02,0,0.68,0,0.04
2024_10_08_10-33-33.jpg,Centennial,2,0,0,0,0,0,0,0,0,0,0,0,0,0,0,0.02,0,0,0,0,0,0,0,0.04,0,0.24,0.02,0,0.62,0,0.06
2024_10_08_10-33-42.jpg,Centennial,2,0,0.02,0,0,0,0.02,0,0,0,0,0,0.12,0,0,0,0,0,0,0,0,0,0,0.02,0.02,0.32,0.02,0,0.46,0,0
2024_10_08_10-33-51.jpg,Centennial,2,0,0,0,0,0,0.04,0,0,0,0,0,0,0,0,0,0.02,0,0.08,0,0,0,0,0.06,0.02,0.1,0,0,0.66,0,0.02
2024_10_08_10-34-01.jpg,Centennial,2,0,0.06,0,0,0,0.02,0,0,0,0,0,0,0,0,0,0.02,0.02,0,0,0,0,0,0.02,0.02,0.14,0,0,0.7,0,0
2024_10_08_10-34-10.jpg,Centennial,2,0,0,0,0,0,0.02,0,0,0,0,0,0,0,0,0,0,0,0.02,0,0,0,0,0,0.04,0.22,0.04,0,0.66,0,0
2024_10_08_10-34-19.jpg,Centennial,2,0,0.02,0,0,0,0.06,0,0,0,0,0,0,0.02,0,0,0.04,0,0,0,0,0,0,0.04,0.06,0.16,0.02,0,0.56,0,0.02
2024_10_08_10-34-28.jpg,Centennial,2,0,0,0,0,0,0,0,0,0,0,0,0.48,0,0,0,0,0,0,0,0,0.04,0,0,0,0.24,0.06,0,0.16,0,0.02
2024_10_08_10-34-37.jpg,Centennial,2,0,0,0,0,0,0.02,0,0,0,0,0,0.06,0,0,0,0,0,0.02,0,0,0,0,0.04,0.06,0.14,0.1,0,0.52,0,0.04
2024_10_08_10-34-46.jpg,Centennial,2,0,0,0,0,0,0.06,0,0,0,0,0,0.12,0,0,0,0.02,0,0,0,0,0.02,0,0.04,0.04,0.38,0.02,0,0.3,0,0
2024_10_08_10-34-55.jpg,Centennial,2,0,0.04,0,0,0,0,0,0,0,0,0,0.1,0,0,0.02,0,0.02,0,0,0,0,0,0,0,0.32,0.08,0,0.4,0,0.02
2024_10_08_10-35-04.jpg,Centennial,2,0,0.04,0,0,0,0,0,0,0,0,0,0.16,0,0,0,0,0,0,0,0,0.02,0,0,0,0.6,0,0,0.14,0,0.04
2024_10_08_11-32-32.jpg,Centennial,4,0,0.08,0,0.06,0,0.45,0,0,0,0,0,0,0,0,0,0.02,0.04,0.1,0,0,0,0,0.02,0.02,0.13,0,0,0.08,0,0
2024_10_08_11-32-41.jpg,Centennial,4,0,0.04,0,0.12,0,0.35,0,0,0,0,0,0.04,0,0,0.02,0,0.1,0.04,0,0,0,0,0,0.02,0.23,0,0,0.04,0,0
2024_10_08_11-32-50.jpg,Centennial,4,0,0.08,0,0.06,0,0.34,0,0,0,0,0,0.02,0,0,0,0,0.06,0.06,0,0,0,0,0.06,0.08,0.16,0.02,0,0.06,0,0
2024_10_08_11-32-59.jpg,Centennial,4,0,0.02,0,0.06,0,0.41,0,0,0,0,0,0.04,0,0,0,0,0,0.04,0,0,0,0,0.03,0.08,0.15,0,0,0.17,0,0
2024_10_08_11-33-08.jpg,Centennial,4,0,0,0,0,0,0.67,0,0,0,0,0,0,0,0,0,0,0,0.04,0,0,0,0,0.04,0.04,0.08,0,0,0.13,0,0
2024_10_08_11-33-17.jpg,Centennial,4,0,0,0,0,0,0.75,0,0,0,0,0,0.05,0,0,0,0,0,0.01,0,0,0,0,0,0.02,0.07,0,0,0.09,0,0.01
2024_10_08_11-33-26.jpg,Centennial,4,0,0.08,0,0,0,0.57,0,0,0,0.02,0,0.14,0,0,0.02,0.02,0.02,0.02,0,0,0,0,0.02,0.02,0,0.01,0,0.06,0,0
2024_10_08_11-33-35.jpg,Centennial,4,0,0,0,0,0,0.71,0.06,0,0,0,0,0,0,0,0,0.08,0,0.01,0,0,0,0,0,0,0.02,0,0.02,0.1,0,0
2024_10_08_11-33-44.jpg,Centennial,4,0,0,0,0,0,0.64,0,0,0,0,0,0.14,0,0,0,0.05,0,0,0,0,0,0,0,0.02,0.02,0.01,0.01,0.11,0,0
2024_10_08_11-33-53.jpg,Centennial,4,0,0,0,0,0,0.54,0,0,0,0,0,0.02,0,0,0,0.04,0,0,0,0,0,0,0,0,0.05,0.08,0,0.26,0,0.01
2024_10_08_11-34-02.jpg,Centennial,4,0,0,0,0,0,0.72,0,0,0,0,0,0.02,0.02,0,0,0,0,0,0,0,0,0,0.04,0.08,0.04,0,0,0.06,0,0.02
2024_10_08_11-34-11.jpg,Centennial,4,0,0,0,0,0,0.93,0,0,0,0,0,0.02,0,0,0,0,0,0,0,0,0,0,0,0.02,0.03,0,0,0,0,0
2024_10_08_11-34-20.jpg,Centennial,4,0,0,0,0,0,0.44,0.14,0,0,0,0,0.04,0,0,0,0,0,0,0,0,0,0,0,0.14,0.18,0,0,0.06,0,0
2024_10_08_11-34-29.jpg,Centennial,4,0,0,0,0,0,0.52,0,0,0,0,0,0,0,0,0,0.02,0,0.02,0,0,0,0,0.06,0.12,0.22,0,0,0.04,0,0
2024_10_08_11-34-38.jpg,Centennial,4,0,0,0,0,0,0.61,0,0,0,0,0,0.06,0,0,0,0,0,0,0,0,0,0,0.02,0,0.13,0.09,0,0.09,0,0
2024_10_08_11-34-47.jpg,Centennial,4,0,0,0,0,0,0.6,0,0,0,0,0,0.03,0,0,0,0.03,0,0,0,0,0,0,0.06,0.02,0.07,0.04,0.01,0.12,0,0.02
2024_10_08_11-34-56.jpg,Centennial,4,0,0,0,0.02,0,0.28,0,0,0,0,0,0.22,0,0,0,0,0,0.02,0,0,0,0,0.02,0.03,0.13,0.06,0.01,0.21,0,0
2024_10_08_11-35-05.jpg,Centennial,4,0,0,0,0,0,0.41,0,0,0,0,0.02,0.13,0.02,0,0,0,0,0,0,0,0,0,0.04,0.04,0.21,0.02,0,0.1,0,0.01
2024_10_08_11-35-14.jpg,Centennial,4,0,0,0,0,0,0.53,0,0,0,0,0,0.2,0.01,0,0,0,0,0,0,0,0.02,0,0.04,0.02,0.08,0.04,0,0.05,0,0.01
2024_10_08_11-35-23.jpg,Centennial,4,0,0,0,0,0,0.32,0,0,0,0,0,0.36,0,0,0,0,0,0,0,0,0,0,0.08,0,0.16,0.06,0,0.01,0,0.01
2024_10_08_11-35-32.jpg,Centennial,4,0,0,0,0,0,0.08,0,0,0,0,0,0.36,0,0,0,0,0,0.08,0,0,0.04,0,0.04,0.06,0.18,0,0,0.14,0,0.02
2024_10_08_11-35-41.jpg,Centennial,4,0,0,0,0,0,0.2,0,0,0,0,0,0.34,0,0,0,0,0,0,0,0,0,0,0.07,0.07,0.02,0.02,0,0.28,0,0
2024_10_08_11-35-50.jpg,Centennial,4,0,0,0,0.02,0,0.33,0,0,0,0,0,0,0,0,0,0,0,0,0,0,0,0,0.08,0.16,0.08,0.05,0,0.27,0,0.01
2024_10_08_11-35-59.jpg,Centennial,4,0,0.06,0,0,0,0.28,0,0,0,0,0,0.08,0,0,0,0,0,0,0,0,0,0,0.07,0.22,0.2,0.02,0,0.07,0,0
2024_10_08_11-36-08.jpg,Centennial,4,0,0,0,0,0,0.18,0.02,0,0,0.04,0,0.29,0,0,0,0,0.02,0.04,0,0,0,0,0.04,0.22,0.1,0,0,0.04,0,0.01
2024_10_08_11-36-17.jpg,Centennial,4,0,0,0,0.02,0,0.09,0.1,0,0,0,0.02,0.27,0,0,0,0,0.02,0.06,0,0,0,0,0.12,0.12,0.18,0,0,0,0,0
2024_10_08_11-36-26.jpg,Centennial,4,0,0.08,0,0,0,0.27,0,0,0,0.02,0,0.2,0,0,0,0,0,0.04,0,0,0,0,0.03,0,0.27,0,0,0.09,0,0
2024_10_08_11-36-35.jpg,Centennial,4,0,0.09,0,0,0,0.52,0,0,0,0,0,0.19,0,0,0,0,0,0,0,0,0,0,0.02,0.08,0.06,0.02,0,0.02,0,0
2024_10_08_11-36-44.jpg,Centennial,4,0,0,0,0,0,0.35,0,0,0,0,0,0.19,0.02,0,0.02,0.04,0.02,0.02,0,0,0,0.02,0.01,0.09,0.14,0.02,0,0.04,0,0.02
2024_10_08_11-36-54.jpg,Centennial,4,0,0,0,0,0,0.58,0,0,0,0,0,0.05,0,0,0,0,0,0,0,0,0,0,0.02,0.06,0.22,0,0,0.06,0,0.01
2024_10_08_11-37-03.jpg,Centennial,4,0,0,0,0,0,0.38,0,0,0,0,0,0.18,0,0,0,0.18,0.06,0,0,0,0,0,0.08,0.02,0.06,0.02,0,0.02,0,0
2024_10_08_12-03-52.jpg,Centennial,4,0,0.02,0,0,0,0.24,0,0,0,0,0,0.14,0,0,0,0,0.04,0.13,0,0,0,0,0.04,0.04,0.2,0.02,0,0.11,0,0.02
2024_10_08_12-04-01.jpg,Centennial,4,0,0,0,0.02,0.02,0.28,0,0,0,0,0,0.12,0,0,0.1,0.02,0.04,0.16,0,0,0,0,0.06,0.01,0.07,0,0,0.04,0,0.06
2024_10_08_12-04-10.jpg,Centennial,4,0,0.02,0,0.01,0,0.34,0,0,0,0,0,0,0,0,0.03,0.01,0.06,0.16,0,0,0,0,0,0.02,0.19,0.02,0,0.13,0,0.01
2024_10_08_12-04-19.jpg,Centennial,4,0,0,0,0.02,0,0.25,0,0,0,0,0,0.15,0,0,0.04,0,0.1,0.29,0,0,0,0,0.02,0.04,0.07,0,0,0.01,0,0.01
2024_10_08_12-04-28.jpg,Centennial,4,0,0,0,0.02,0,0.69,0,0,0,0,0,0.1,0,0,0,0,0,0.03,0,0,0,0,0.02,0.05,0.08,0.01,0,0,0,0
2024_10_08_12-04-37.jpg,Centennial,4,0,0,0,0,0,0.3,0,0,0,0,0,0.23,0,0,0,0.04,0.02,0.02,0,0,0,0,0.11,0.03,0.18,0,0,0.06,0,0.01
2024_10_08_12-04-46.jpg,Centennial,4,0,0,0,0,0,0.2,0,0,0,0.02,0,0.44,0,0,0,0,0.04,0,0,0,0,0,0,0.03,0.08,0.02,0,0.15,0,0.02
2024_10_08_12-04-55.jpg,Centennial,4,0,0,0,0,0.04,0.23,0,0,0,0,0,0,0,0,0,0,0,0.26,0,0,0,0,0.02,0.04,0.26,0.02,0,0.11,0,0.02
2024_10_08_12-05-04.jpg,Centennial,4,0,0,0,0,0,0.36,0,0,0,0,0,0.02,0.02,0,0,0.04,0,0.31,0,0,0,0,0,0.08,0.11,0,0,0.04,0,0.02
2024_10_08_12-05-13.jpg,Centennial,4,0,0,0,0.12,0,0.1,0.14,0,0,0,0,0.2,0.02,0,0,0,0.06,0.1,0,0,0,0,0,0.02,0.16,0,0,0.08,0,0
2024_10_08_12-05-22.jpg,Centennial,4,0,0,0,0.1,0,0.37,0,0,0,0,0,0.18,0,0,0,0,0,0.03,0,0,0,0,0,0.02,0.26,0.04,0,0,0,0
2024_10_08_12-05-31.jpg,Centennial,4,0,0.02,0,0,0,0.66,0,0,0,0,0,0,0,0,0,0.02,0,0.12,0,0,0,0,0,0.08,0.1,0,0,0,0,0
2024_10_08_12-05-40.jpg,Centennial,4,0,0,0,0.04,0,0.39,0,0,0,0,0,0.33,0,0,0.04,0.02,0,0.1,0,0,0,0,0,0.01,0.07,0,0,0,0,0
2024_10_08_12-05-49.jpg,Centennial,4,0,0,0,0.02,0.01,0.29,0,0,0,0,0,0.36,0.02,0,0.04,0,0.02,0.04,0,0,0,0,0,0.1,0.08,0,0,0.02,0,0
2024_10_08_12-05-58.jpg,Centennial,4,0,0.02,0,0.04,0.01,0.44,0,0,0,0,0,0.06,0,0,0,0,0.04,0,0,0,0,0,0,0.06,0.3,0,0,0,0,0.03
2024_10_08_12-06-07.jpg,Centennial,4,0,0,0,0.02,0,0.16,0,0,0,0.06,0,0.44,0,0,0.02,0.02,0,0.1,0,0,0,0,0.04,0.04,0.04,0.02,0,0.04,0,0
2024_10_08_12-06-16.jpg,Centennial,4,0,0.04,0,0,0,0.25,0,0,0,0,0,0.26,0,0,0,0.06,0.02,0,0,0,0,0,0.02,0.08,0.02,0.02,0,0.23,0,0
2024_10_08_12-06-25.jpg,Centennial,4,0,0,0,0,0,0.28,0,0,0,0,0,0.14,0,0,0,0,0.02,0,0,0,0,0,0,0.08,0.2,0.02,0,0.26,0,0
2024_10_08_12-06-34.jpg,Centennial,4,0,0,0,0,0,0.16,0,0,0,0,0,0.42,0.04,0,0.02,0.02,0,0.04,0,0,0,0,0.02,0.04,0.08,0,0,0.16,0,0
2024_10_08_12-06-43.jpg,Centennial,4,0,0.05,0,0,0,0.36,0,0,0,0,0,0.4,0.02,0,0,0,0,0,0,0,0,0,0,0.03,0.04,0,0,0.1,0,0
2024_10_08_12-06-52.jpg,Centennial,4,0,0,0,0,0,0.84,0,0,0,0,0,0,0,0,0,0,0,0,0,0,0,0,0,0.04,0.06,0,0,0.06,0,0
2024_10_08_12-07-01.jpg,Centennial,4,0,0,0,0,0,0.46,0,0,0,0,0,0.23,0,0,0,0,0,0,0,0,0,0,0,0.05,0.1,0.06,0,0.1,0,0
2024_10_08_12-07-10.jpg,Centennial,4,0,0,0,0.1,0,0.33,0.25,0,0,0,0,0.16,0,0,0,0,0,0,0,0,0,0,0,0,0.12,0,0,0.04,0,0
2024_10_08_12-07-19.jpg,Centennial,4,0,0,0,0.04,0,0.55,0,0,0,0,0,0.22,0,0,0,0.1,0,0,0,0,0,0,0,0.05,0.04,0,0,0,0,0
2024_10_08_12-07-28.jpg,Centennial,4,0,0,0,0,0,0.51,0,0,0,0,0,0,0,0,0,0.14,0,0,0,0,0,0,0,0.06,0.14,0.02,0,0.13,0,0
2024_10_08_12-07-37.jpg,Centennial,4,0,0,0,0.08,0,0.62,0,0,0,0,0,0.02,0,0,0,0.02,0,0,0,0,0,0,0,0.06,0.1,0,0.04,0.06,0,0
2024_10_08_12-07-46.jpg,Centennial,4,0,0.14,0,0,0,0.57,0,0,0,0,0,0.1,0,0,0,0.04,0,0.04,0,0,0,0,0.02,0,0.06,0.01,0,0.02,0,0
2024_10_08_12-07-55.jpg,Centennial,4,0,0,0,0.16,0,0.48,0,0,0,0,0,0,0,0,0,0,0,0.2,0,0,0,0,0,0.02,0.02,0,0,0.12,0,0
2024_10_08_12-08-04.jpg,Centennial,4,0,0,0,0.15,0,0.44,0,0,0,0,0,0.04,0,0,0,0,0,0.02,0,0,0,0,0,0.07,0.1,0.02,0,0.16,0,0
2024_10_08_12-08-13.jpg,Centennial,4,0,0.07,0,0.01,0,0.38,0,0,0,0,0,0.08,0,0,0,0,0.04,0,0,0,0,0,0,0.04,0.2,0.06,0,0.12,0,0
2024_10_08_11-38-24.jpg,Centennial,5,0,0,0,0.02,0,0.32,0,0,0,0,0,0.16,0,0,0,0,0.02,0.1,0,0,0,0,0.04,0.08,0.12,0.02,0,0,0,0.12
2024_10_08_11-38-33.jpg,Centennial,5,0,0,0,0,0,0.26,0.08,0,0,0,0,0.02,0.02,0,0,0.14,0.04,0.06,0,0,0,0.02,0.14,0.04,0.12,0,0,0,0,0.06
2024_10_08_11-38-42.jpg,Centennial,5,0,0,0.02,0.02,0,0.2,0,0,0,0,0,0.28,0.04,0,0.02,0.06,0.06,0.02,0,0,0,0,0.02,0,0.2,0.02,0,0.02,0,0.02
2024_10_08_11-38-51.jpg,Centennial,5,0,0.02,0,0.04,0,0.18,0,0,0,0,0,0.16,0.02,0,0.02,0,0.1,0.3,0,0,0,0,0.04,0.1,0.02,0,0,0,0,0
2024_10_08_11-39-00.jpg,Centennial,5,0,0,0,0.02,0,0.24,0,0,0,0,0,0.18,0,0,0.1,0,0.08,0.12,0,0,0,0,0,0.08,0.08,0,0,0.02,0,0.08
2024_10_08_11-39-09.jpg,Centennial,5,0,0,0,0,0,0.12,0,0,0,0,0,0.38,0,0,0,0.02,0.06,0,0,0,0,0,0.06,0.14,0.14,0.02,0,0.02,0,0.04
2024_10_08_11-39-18.jpg,Centennial,5,0,0.02,0,0.02,0,0.24,0,0,0,0,0,0.3,0,0,0,0,0,0.24,0,0,0,0,0.02,0.06,0.04,0.02,0,0,0,0.04
2024_10_08_11-39-27.jpg,Centennial,5,0,0.02,0,0,0,0.24,0,0,0,0,0,0.26,0,0,0.06,0.04,0.02,0.14,0,0,0,0,0.08,0.1,0.02,0,0.02,0,0,0
2024_10_08_11-39-36.jpg,Centennial,5,0,0,0,0.02,0,0.52,0,0,0,0,0,0.1,0,0,0,0.02,0.04,0.04,0,0,0,0,0,0.04,0.06,0,0,0.16,0,0
2024_10_08_11-39-45.jpg,Centennial,5,0,0,0,0,0,0.38,0,0,0,0,0,0.02,0,0,0.04,0.12,0,0.1,0,0,0,0,0.04,0.12,0.06,0,0,0.12,0,0
2024_10_08_11-39-54.jpg,Centennial,5,0,0,0,0.02,0,0.6,0,0,0,0,0,0.02,0,0,0.02,0,0.02,0,0,0,0,0,0,0.04,0.06,0.08,0,0.14,0,0
2024_10_08_11-40-03.jpg,Centennial,5,0,0.04,0,0,0,0.58,0,0,0,0,0,0,0,0,0,0.04,0,0.08,0,0,0,0,0,0.02,0,0,0,0.14,0,0.1
2024_10_08_11-40-12.jpg,Centennial,5,0,0.04,0,0.02,0,0.22,0,0,0,0,0,0.36,0,0,0,0.06,0.02,0.02,0,0,0,0,0,0.1,0.02,0.04,0,0.04,0,0.06
2024_10_08_11-40-21.jpg,Centennial,5,0,0,0,0,0,0.6,0,0,0,0,0,0.2,0,0,0,0.08,0,0.02,0,0,0,0,0,0,0,0,0,0.1,0,0
2024_10_08_11-40-30.jpg,Centennial,5,0,0,0,0,0,0.34,0,0,0,0,0,0.12,0,0,0.02,0.3,0,0.04,0,0,0,0,0,0.08,0,0.02,0,0.08,0,0
2024_10_08_11-40-39.jpg,Centennial,5,0,0,0,0.06,0,0.46,0,0,0,0,0,0.1,0,0,0,0.12,0,0.02,0,0,0,0,0.02,0,0.08,0.04,0,0.04,0,0.06
2024_10_08_11-40-48.jpg,Centennial,5,0,0.02,0,0,0,0.42,0,0,0,0,0,0.1,0,0,0,0.1,0,0,0,0,0,0,0.04,0.02,0.06,0,0,0.24,0,0
2024_10_08_11-40-57.jpg,Centennial,5,0,0,0,0.08,0,0.64,0,0,0,0,0,0.1,0,0,0.02,0.06,0,0,0,0,0,0,0,0,0,0.02,0.02,0.02,0,0.04
2024_10_08_11-41-06.jpg,Centennial,5,0,0,0,0,0,0.54,0,0,0,0,0,0.18,0,0,0,0,0.02,0.06,0,0,0,0,0,0,0,0.04,0,0.16,0,0
2024_10_08_11-41-15.jpg,Centennial,5,0,0,0,0,0,0.6,0,0,0,0,0,0,0,0,0,0.2,0,0.1,0,0,0,0,0,0,0.02,0,0,0.06,0,0.02
2024_10_08_11-41-24.jpg,Centennial,5,0,0,0,0,0,0.2,0,0,0,0,0,0,0,0,0,0.3,0.02,0.04,0,0,0,0,0,0.02,0.02,0.16,0.02,0.18,0,0.04
2024_10_08_11-41-33.jpg,Centennial,5,0,0,0,0,0,0.18,0,0,0,0,0,0.28,0,0,0,0.18,0,0.1,0,0,0,0,0,0.02,0.08,0.06,0,0.1,0,0
2024_10_08_11-41-42.jpg,Centennial,5,0,0,0,0,0,0.38,0,0,0,0,0,0.08,0,0,0,0.02,0,0.18,0,0,0,0,0,0.1,0.04,0.1,0,0.1,0,0
2024_10_08_11-41-51.jpg,Centennial,5,0,0.04,0,0.08,0,0.16,0,0,0,0,0,0,0,0,0.02,0.16,0.02,0.14,0,0,0,0,0,0.04,0.06,0.1,0,0.16,0,0.02
2024_10_08_11-42-00.jpg,Centennial,5,0,0.02,0,0,0,0.18,0,0,0,0,0,0.12,0,0,0.02,0.04,0,0.24,0,0,0,0,0.04,0.04,0.04,0.08,0,0.18,0,0
2024_10_08_11-42-09.jpg,Centennial,5,0,0,0,0,0,0.56,0,0,0,0,0,0.16,0,0,0.08,0,0.02,0.08,0,0,0,0,0,0.02,0,0,0,0,0,0.08
2024_10_08_11-42-18.jpg,Centennial,5,0,0.02,0,0,0,0.66,0,0,0,0,0,0,0,0,0.08,0.02,0.04,0.04,0,0,0,0,0,0.02,0.06,0,0,0,0,0.06
2024_10_08_11-42-27.jpg,Centennial,5,0,0,0,0,0,0.3,0,0,0,0,0,0.1,0,0,0.3,0.02,0.06,0.06,0,0,0,0,0,0,0.08,0,0,0.04,0,0.04
2024_10_08_11-42-36.jpg,Centennial,5,0,0,0,0,0,0.5,0,0,0,0,0,0.06,0,0,0.06,0,0.06,0.12,0,0,0,0,0.04,0,0,0.02,0,0,0,0.14
2024_10_08_11-42-45.jpg,Centennial,5,0,0,0,0.04,0,0.44,0,0,0,0,0,0,0,0,0.16,0,0,0.14,0,0,0,0,0.02,0.02,0.08,0.02,0,0,0,0.08
2024_10_08_11-42-54.jpg,Centennial,5,0,0,0,0,0,0.62,0,0,0,0,0,0,0,0,0.06,0,0,0.08,0,0,0,0,0,0.02,0.16,0,0,0,0,0.06
2024_10_08_11-43-03.jpg,Centennial,5,0,0.04,0,0,0,0.5,0,0,0,0,0.02,0,0,0,0.12,0,0.04,0.06,0,0,0,0,0.04,0.06,0.02,0,0,0.02,0,0.08
2024_10_08_11-43-12.jpg,Centennial,5,0,0.02,0,0,0,0.48,0,0,0,0,0,0,0,0,0.2,0,0.12,0.06,0,0,0,0,0,0.08,0.02,0,0,0,0,0.02
2024_10_08_11-43-21.jpg,Centennial,5,0,0,0,0.04,0,0.48,0,0,0,0,0,0,0,0,0.16,0.02,0,0.06,0,0,0,0,0,0.08,0.06,0,0,0,0,0.1
2024_10_08_11-43-30.jpg,Centennial,5,0,0,0,0,0,0.56,0,0,0,0,0,0,0,0,0.36,0,0.04,0.02,0,0,0,0,0,0,0,0,0,0,0,0.02
2024_10_08_11-43-39.jpg,Centennial,5,0,0,0,0,0,0.44,0,0,0,0,0,0,0,0,0.26,0.02,0.02,0.2,0,0,0,0,0,0,0,0,0,0,0,0.06
2024_10_08_11-43-48.jpg,Centennial,5,0,0,0,0,0,0.46,0,0,0,0,0,0.04,0,0,0.02,0,0.08,0.02,0,0,0,0,0.06,0.1,0.16,0.02,0,0,0,0.04
2024_10_08_11-43-57.jpg,Centennial,5,0,0,0,0,0,0.16,0,0,0,0,0,0,0,0,0.08,0.28,0.06,0.26,0,0,0,0,0,0.02,0.06,0.06,0,0.02,0,0
2024_10_08_11-44-06.jpg,Centennial,5,0,0,0,0,0,0.5,0,0,0,0,0,0,0,0,0.18,0.02,0.04,0.04,0,0,0,0,0.08,0.06,0.02,0.02,0,0.04,0,0
2024_10_08_11-44-15.jpg,Centennial,5,0,0,0,0,0,0.5,0,0,0.02,0,0,0.12,0.02,0,0.18,0,0.08,0,0,0,0,0,0,0.04,0,0,0,0,0,0.04
2024_10_08_11-57-58.jpg,Centennial,5,0,0,0,0,0,0.6,0,0,0,0,0.06,0,0,0,0.02,0,0.04,0.12,0,0,0,0,0,0.04,0.02,0,0,0,0,0.1
2024_10_08_11-58-07.jpg,Centennial,5,0,0,0,0,0,0.64,0,0,0,0,0,0,0,0,0.1,0,0.04,0.14,0,0,0,0,0.04,0.02,0,0,0,0.02,0,0
2024_10_08_11-58-16.jpg,Centennial,5,0,0,0,0.02,0,0.6,0,0,0,0,0,0,0,0,0,0,0.02,0.08,0,0,0,0,0.06,0.14,0,0.02,0,0.04,0,0.02
2024_10_08_11-58-25.jpg,Centennial,5,0,0,0,0.06,0,0.28,0,0,0,0,0,0,0,0,0.18,0,0.02,0.08,0,0,0,0,0.04,0.12,0.06,0,0,0.16,0,0
2024_10_08_11-58-34.jpg,Centennial,5,0,0,0,0,0,1,0,0,0,0,0,0,0,0,0,0,0,0,0,0,0,0,0,0,0,0,0,0,0,0
2024_10_08_11-58-43.jpg,Centennial,5,0,0,0,0,0,0.42,0,0,0,0,0,0,0,0,0.2,0,0.06,0.08,0,0,0,0,0.06,0.08,0.04,0,0,0,0,0.06
2024_10_08_11-58-52.jpg,Centennial,5,0,0,0,0.06,0,0.56,0,0,0,0,0,0.02,0,0,0.06,0,0.08,0.08,0,0,0,0,0,0.04,0.04,0,0,0,0,0.06
2024_10_08_11-59-01.jpg,Centennial,5,0,0,0,0,0,0.42,0,0,0,0,0,0.04,0,0,0.06,0,0,0,0,0,0,0,0.16,0.04,0.2,0,0,0,0,0.08
2024_10_08_11-59-10.jpg,Centennial,5,0,0,0,0,0,0.42,0,0,0,0,0,0,0,0,0.26,0,0.08,0.18,0,0,0,0,0.02,0,0,0,0,0,0,0.04
2024_10_08_11-59-19.jpg,Centennial,5,0,0,0,0,0,0.66,0,0,0,0,0,0.04,0.02,0,0.04,0,0.02,0.1,0,0,0,0,0.02,0.02,0.04,0,0,0,0,0.04
2024_10_08_11-59-28.jpg,Centennial,5,0,0,0,0,0,0.68,0,0,0,0,0,0,0,0,0.02,0.02,0.04,0,0,0,0,0,0.14,0.02,0.06,0,0,0.02,0,0
2024_10_08_11-59-37.jpg,Centennial,5,0,0,0,0,0,0.54,0,0,0,0,0,0,0,0,0.1,0,0.04,0.24,0,0,0,0,0.02,0.02,0,0,0,0,0,0.04
2024_10_08_11-59-46.jpg,Centennial,5,0,0,0,0,0,0.52,0,0,0,0,0,0,0,0,0.2,0.02,0.06,0,0,0,0,0,0.02,0.06,0.08,0,0,0,0,0.04
2024_10_08_11-59-55.jpg,Centennial,5,0,0,0,0.02,0,0.42,0,0,0,0,0,0,0.04,0,0.16,0.02,0.02,0.1,0,0,0,0,0.06,0.02,0.08,0,0,0.04,0,0.02
2024_10_08_12-00-04.jpg,Centennial,5,0,0,0,0.02,0,0.14,0,0,0,0,0,0,0,0,0.2,0.04,0.02,0.26,0,0,0,0,0.1,0.06,0.1,0.04,0,0.02,0,0
2024_10_08_12-00-13.jpg,Centennial,5,0,0,0,0,0,0.56,0,0,0,0,0.02,0,0,0,0.18,0,0.06,0.06,0,0,0,0,0.02,0,0.04,0.02,0,0.02,0,0.02
2024_10_08_12-00-22.jpg,Centennial,5,0,0,0,0.02,0,0.66,0,0,0,0,0.02,0.02,0,0,0.1,0.02,0.02,0.06,0,0,0,0,0,0,0,0,0,0,0,0.08
2024_10_08_12-00-31.jpg,Centennial,5,0,0.02,0,0,0,0.52,0,0,0,0,0.02,0.02,0,0,0.2,0,0.06,0.1,0,0,0,0,0,0,0.02,0.02,0,0,0,0.02
2024_10_08_12-00-40.jpg,Centennial,5,0,0,0,0,0,0.58,0,0,0,0,0,0,0,0,0.16,0,0,0.1,0,0,0,0,0.02,0.06,0.04,0,0.02,0,0,0.02
2024_10_08_12-00-49.jpg,Centennial,5,0,0,0,0.02,0,0.72,0,0,0,0,0,0,0,0,0.12,0,0.04,0,0,0,0,0,0,0,0.06,0,0,0,0,0.04
2024_10_08_12-00-58.jpg,Centennial,5,0,0,0,0,0,0.34,0,0,0,0,0.04,0.26,0,0,0.04,0,0,0.08,0,0,0,0,0,0,0.18,0.02,0,0,0,0.04
2024_10_08_12-01-07.jpg,Centennial,5,0,0,0,0,0,0.72,0,0,0,0,0,0.02,0,0,0.08,0.02,0.06,0.06,0,0,0,0,0,0,0,0,0,0,0,0.04
2024_10_08_12-01-16.jpg,Centennial,5,0,0,0,0,0,0.82,0,0,0,0,0,0,0,0,0.02,0,0,0.04,0,0,0,0,0,0.02,0.06,0,0,0.02,0,0.02
2024_10_08_12-01-25.jpg,Centennial,5,0,0,0,0,0,0.52,0,0,0,0,0,0,0,0,0,0,0.08,0.16,0,0,0,0,0.04,0.02,0.02,0.02,0,0.02,0,0.12
2024_10_08_12-01-34.jpg,Centennial,5,0,0,0,0.02,0,0.56,0,0,0,0,0,0.02,0.02,0,0.04,0,0.1,0.08,0,0,0,0,0.04,0.06,0,0,0,0.06,0,0
2024_10_08_12-01-43.jpg,Centennial,5,0,0,0,0,0,0.36,0,0,0,0,0,0,0,0,0.08,0.08,0.04,0.16,0,0,0,0,0.06,0.02,0.04,0.02,0,0.08,0,0.06
2024_10_08_12-01-52.jpg,Centennial,5,0,0,0,0.02,0,0.34,0,0,0,0,0,0,0,0,0.02,0.1,0.08,0.16,0,0.02,0,0,0.06,0.02,0,0,0,0.1,0,0.08
2024_10_08_12-02-01.jpg,Centennial,5,0,0,0,0.02,0,0.28,0,0,0,0,0,0,0,0,0,0.04,0,0.22,0,0,0,0.02,0.04,0.06,0.04,0.02,0,0.26,0,0
2024_10_08_12-02-10.jpg,Centennial,5,0,0,0,0,0,0.7,0,0,0,0,0,0,0,0,0,0.02,0,0.02,0,0,0,0,0,0,0.04,0,0,0.22,0,0
2024_10_08_12-02-19.jpg,Centennial,5,0,0,0,0,0,0.18,0,0,0,0,0,0.38,0,0,0,0.14,0,0,0,0,0,0.02,0.04,0.06,0,0,0,0.14,0,0.04
2024_10_08_12-02-28.jpg,Centennial,5,0,0,0,0.02,0,0.56,0,0,0,0,0,0,0,0,0,0.2,0,0.02,0,0,0,0,0,0.02,0.04,0,0,0.06,0,0.08
2024_10_08_12-02-37.jpg,Centennial,5,0,0,0,0.02,0,0.46,0,0,0,0,0,0.04,0,0,0,0.14,0,0.26,0,0,0,0,0,0.04,0,0,0,0.02,0,0.02
2024_10_08_12-02-46.jpg,Centennial,5,0,0,0,0.1,0,0.4,0,0,0,0,0,0.04,0.02,0,0.06,0.06,0.04,0.12,0,0,0,0,0.04,0.02,0,0,0,0.04,0,0.06
2024_10_08_12-02-55.jpg,Centennial,5,0,0,0,0,0,0.46,0,0,0,0,0,0.02,0.04,0,0.02,0.16,0.02,0.12,0,0,0,0,0.04,0.04,0,0.02,0,0.02,0,0.04
2024_10_08_12-03-04.jpg,Centennial,5,0,0,0,0.18,0,0.46,0,0,0,0,0,0.02,0,0,0,0.06,0.02,0.24,0,0,0,0,0,0.02,0,0,0,0,0,0
2024_10_08_11-45-00.jpg,Centennial,6,0,0,0,0,0,0.32,0,0,0,0,0,0.32,0,0,0.04,0,0.06,0.04,0,0,0,0,0.02,0.02,0.06,0,0,0.12,0,0
2024_10_08_11-45-09.jpg,Centennial,6,0,0,0,0,0,0.36,0.02,0.02,0,0,0.02,0.08,0,0,0.06,0.16,0.08,0.1,0,0,0,0,0.04,0,0,0,0,0.02,0,0.04
2024_10_08_11-45-18.jpg,Centennial,6,0,0,0,0.02,0,0.2,0,0,0,0,0,0.08,0,0,0.14,0.02,0.14,0.08,0.02,0,0,0,0.14,0.08,0.06,0,0,0,0,0.02
2024_10_08_11-45-27.jpg,Centennial,6,0,0,0,0,0,0.1,0.06,0,0,0,0,0.22,0,0.02,0.1,0,0.04,0.08,0.02,0,0,0,0.1,0.08,0.14,0.02,0,0,0,0.02
2024_10_08_11-45-36.jpg,Centennial,6,0,0,0,0.06,0,0.16,0,0,0,0,0.02,0.06,0,0,0.02,0.08,0.04,0.02,0.02,0,0,0,0.06,0.06,0.38,0.02,0,0,0,0
2024_10_08_11-45-45.jpg,Centennial,6,0,0,0,0,0,0.24,0,0,0,0,0,0.16,0,0,0,0,0,0.2,0,0,0,0,0.02,0.1,0.2,0.02,0,0,0,0.06
2024_10_08_11-45-54.jpg,Centennial,6,0,0,0,0,0,0.5,0,0,0,0,0,0.04,0,0,0.06,0.04,0.14,0.02,0,0,0,0.02,0.02,0.04,0.08,0,0,0,0,0.04
2024_10_08_11-46-03.jpg,Centennial,6,0,0,0,0,0,0.54,0,0,0,0,0,0.14,0,0,0.04,0,0.02,0.02,0,0,0,0,0.12,0.02,0.06,0.02,0,0,0,0.02
2024_10_08_11-46-12.jpg,Centennial,6,0,0,0,0,0,0.38,0,0,0.02,0,0.02,0.3,0,0,0.06,0.04,0,0,0,0,0,0.02,0.04,0.02,0.06,0.04,0,0,0,0
2024_10_08_11-46-21.jpg,Centennial,6,0,0,0,0,0,0.6,0,0,0,0,0,0.04,0,0,0.16,0,0,0.08,0,0,0,0.1,0,0,0,0,0,0.02,0,0
2024_10_08_11-46-30.jpg,Centennial,6,0,0,0,0,0,0.52,0,0,0,0,0.04,0.14,0,0,0.04,0,0.02,0,0,0,0,0,0.04,0.04,0.14,0.02,0,0,0,0
2024_10_08_11-46-39.jpg,Centennial,6,0,0,0,0.04,0,0.02,0,0,0,0,0,0.64,0,0,0.1,0,0.06,0.02,0,0,0,0,0.04,0,0.02,0,0,0,0,0.06
2024_10_08_11-46-48.jpg,Centennial,6,0,0,0,0.02,0,0.48,0,0,0,0,0,0.24,0,0,0.06,0.04,0.02,0,0,0,0,0,0.02,0,0.1,0.02,0,0,0,0
2024_10_08_11-46-57.jpg,Centennial,6,0,0,0,0,0,0.36,0,0,0,0,0.04,0.24,0,0.02,0.06,0,0,0.06,0,0,0,0,0.04,0.06,0.04,0.08,0,0,0,0
2024_10_08_11-47-06.jpg,Centennial,6,0,0,0,0,0,0.62,0,0,0,0,0,0.14,0.02,0,0.06,0,0.04,0,0,0,0,0,0,0,0.02,0.06,0,0,0,0.04
2024_10_08_11-47-15.jpg,Centennial,6,0,0,0,0.04,0,0.28,0,0,0,0,0,0.06,0,0,0.24,0.06,0.08,0.06,0,0,0,0,0.02,0,0.1,0.06,0,0,0,0
2024_10_08_11-47-24.jpg,Centennial,6,0,0,0,0.02,0,0.42,0,0,0,0,0,0.16,0,0,0.1,0.04,0.04,0,0,0,0,0,0.02,0.02,0.12,0.06,0,0,0,0
2024_10_08_11-47-33.jpg,Centennial,6,0,0,0,0,0,0.5,0.12,0,0,0,0,0,0,0,0.06,0,0.02,0.06,0,0,0,0,0,0.04,0.08,0.1,0,0,0,0.02
2024_10_08_11-47-42.jpg,Centennial,6,0,0,0,0,0,0.36,0,0,0,0,0,0,0,0,0.14,0.14,0.06,0.02,0,0,0,0,0,0.02,0.14,0.06,0,0.06,0,0
2024_10_08_11-47-51.jpg,Centennial,6,0,0,0,0,0,0.22,0.02,0,0,0,0,0,0,0,0,0,0.02,0.16,0,0,0,0.02,0,0.06,0.32,0.18,0,0,0,0
2024_10_08_11-48-00.jpg,Centennial,6,0,0,0,0.1,0,0.06,0,0,0,0,0,0,0,0.02,0.06,0,0.14,0.38,0,0,0,0.02,0,0.06,0.08,0.04,0,0,0,0.04
2024_10_08_11-48-09.jpg,Centennial,6,0,0,0,0,0,0.16,0,0,0,0,0,0,0,0,0.18,0.04,0.04,0.26,0,0,0,0.02,0.02,0.04,0.14,0.08,0,0.02,0,0
2024_10_08_11-48-18.jpg,Centennial,6,0,0,0,0,0,0.2,0.04,0,0,0,0,0,0,0,0.22,0,0.3,0.02,0,0,0,0.02,0,0,0,0.16,0,0.04,0,0
2024_10_08_11-48-27.jpg,Centennial,6,0,0,0,0.04,0,0.22,0,0,0,0,0,0,0,0,0,0.1,0,0,0,0,0,0,0,0.02,0.18,0.36,0,0.06,0,0.02
2024_10_08_11-48-36.jpg,Centennial,6,0,0,0,0.1,0,0.12,0.18,0,0,0,0,0.06,0,0,0.02,0.16,0.06,0,0,0,0,0,0,0.02,0.12,0.12,0,0.04,0,0
2024_10_08_11-48-45.jpg,Centennial,6,0,0,0,0,0,0.62,0,0,0,0,0,0,0,0,0.12,0.06,0.02,0.02,0,0,0,0,0,0,0.04,0.06,0,0.04,0,0.02
2024_10_08_11-48-54.jpg,Centennial,6,0,0,0,0,0,0.64,0,0,0,0,0,0,0,0,0.22,0,0,0,0,0,0,0,0.02,0.02,0,0.04,0,0.02,0,0.04
2024_10_08_11-49-03.jpg,Centennial,6,0,0,0,0.2,0,0.22,0,0,0,0,0,0,0,0,0.06,0.06,0.04,0.14,0,0,0,0,0,0,0.12,0.12,0,0.02,0,0.02
2024_10_08_11-49-12.jpg,Centennial,6,0,0,0,0,0,0.4,0,0,0,0,0,0.14,0,0,0.08,0.04,0.06,0,0,0,0,0,0,0,0.12,0.12,0,0,0,0.04
2024_10_08_11-49-21.jpg,Centennial,6,0,0,0,0,0,0.6,0,0,0,0,0,0,0,0,0.14,0,0.02,0.06,0,0,0,0,0,0,0.04,0.1,0,0.04,0,0
2024_10_08_11-49-30.jpg,Centennial,6,0,0,0,0,0,0.42,0,0,0,0,0,0.02,0,0,0.22,0,0.06,0.14,0,0,0,0,0,0,0.04,0.08,0,0,0,0.02
2024_10_08_11-49-39.jpg,Centennial,6,0,0,0,0.02,0,0.3,0,0,0,0,0,0.16,0,0,0.04,0.02,0,0.06,0,0,0,0,0.02,0.06,0.12,0.16,0,0.02,0,0.02
2024_10_08_11-49-48.jpg,Centennial,6,0,0,0,0,0,0.08,0,0,0,0,0,0.62,0,0,0.06,0,0,0.04,0,0,0,0,0,0,0.02,0.14,0,0,0,0.04
2024_10_08_11-49-57.jpg,Centennial,6,0,0,0,0,0,0.02,0,0,0,0,0,0.22,0,0,0.02,0,0,0.02,0,0,0,0,0.02,0.04,0.12,0.52,0,0.02,0,0
2024_10_08_11-50-06.jpg,Centennial,6,0,0,0,0,0,0.28,0,0,0,0,0,0,0,0,0,0.04,0,0,0,0,0,0,0.04,0.04,0.24,0.3,0.02,0.04,0,0
2024_10_08_11-50-15.jpg,Centennial,6,0,0,0,0.02,0,0.02,0.06,0,0,0,0,0.32,0,0,0,0.04,0.08,0,0,0,0.04,0,0,0,0.08,0.28,0,0.06,0,0
2024_10_08_11-50-24.jpg,Centennial,6,0,0,0,0,0,0.16,0,0,0,0,0,0.08,0,0,0,0.08,0,0.14,0,0,0,0,0.06,0,0.04,0.38,0,0.06,0,0
2024_10_08_11-50-33.jpg,Centennial,6,0,0,0,0,0,0.06,0.2,0,0,0,0,0.14,0,0,0,0.04,0,0,0,0,0.06,0.02,0,0.04,0.12,0.24,0,0.08,0,0
2024_10_08_11-50-42.jpg,Centennial,6,0,0,0,0,0,0.06,0,0,0,0,0,0.26,0,0,0.16,0,0.06,0.02,0,0,0,0,0.02,0.08,0.04,0.24,0,0.06,0,0
2024_10_08_11-52-21.jpg,Centennial,6,0,0,0,0.06,0,0.34,0,0,0,0,0,0.16,0.02,0,0.08,0,0.06,0.18,0,0,0,0,0.02,0,0.02,0.02,0,0.02,0,0.02
2024_10_08_11-52-30.jpg,Centennial,6,0,0,0,0,0,0.32,0.28,0,0,0,0,0,0,0,0.06,0,0.04,0.02,0,0,0,0,0.02,0,0,0.16,0,0.1,0,0
2024_10_08_11-52-39.jpg,Centennial,6,0,0,0,0,0,0.64,0,0,0,0,0,0.02,0,0,0.1,0.02,0.02,0.04,0,0,0,0.02,0.02,0,0.02,0.08,0,0.02,0,0
2024_10_08_11-52-48.jpg,Centennial,6,0,0,0,0.1,0,0.38,0,0,0,0,0,0.06,0,0,0.12,0.04,0.06,0,0,0,0,0,0.02,0,0.1,0.1,0,0.02,0,0
2024_10_08_11-53-00.jpg,Centennial,6,0,0,0,0,0,0.2,0,0,0,0,0,0.08,0.02,0,0.06,0.04,0.02,0.02,0,0,0,0.06,0.02,0.1,0.1,0.22,0.02,0.04,0,0
2024_10_08_11-53-09.jpg,Centennial,6,0,0,0,0.08,0,0.26,0,0,0,0,0,0.16,0,0,0.18,0.02,0.02,0.02,0,0,0,0.04,0,0.04,0.04,0.06,0,0.08,0,0
2024_10_08_11-53-18.jpg,Centennial,6,0,0,0,0,0,0.42,0,0,0,0,0,0,0,0,0.14,0.02,0.08,0.24,0,0,0,0,0.02,0,0,0.08,0,0,0,0
2024_10_08_11-53-27.jpg,Centennial,6,0,0,0,0,0,0.26,0,0,0.02,0,0,0,0.02,0,0.14,0,0.08,0,0,0,0,0.04,0.02,0.04,0.18,0.2,0,0,0,0
2024_10_08_11-53-37.jpg,Centennial,6,0,0,0,0.14,0,0.46,0,0,0,0,0,0,0,0,0.18,0.06,0.04,0.06,0,0,0,0,0,0,0,0.02,0,0,0,0.04
2024_10_08_11-53-46.jpg,Centennial,6,0,0,0,0,0,0.24,0,0,0,0,0,0.06,0,0,0.06,0.06,0,0,0,0,0,0.02,0.06,0.02,0.08,0.26,0,0.12,0,0.02
2024_10_08_11-53-55.jpg,Centennial,6,0,0,0,0.06,0,0.54,0,0,0,0,0,0.02,0.02,0,0.06,0.12,0,0,0,0,0,0.06,0,0,0.04,0.04,0,0.04,0,0
2024_10_08_11-54-04.jpg,Centennial,6,0,0,0,0.12,0,0.4,0,0,0,0,0,0,0,0,0.08,0.02,0.04,0,0,0,0,0.06,0,0.06,0.04,0.12,0,0.06,0,0
2024_10_08_11-54-13.jpg,Centennial,6,0,0,0,0,0,0.54,0,0,0,0,0,0.02,0,0,0.18,0,0.02,0.1,0,0,0,0.02,0,0,0.06,0.06,0,0,0,0
2024_10_08_11-54-22.jpg,Centennial,6,0,0,0,0,0,0.7,0,0,0,0,0,0.04,0,0,0.18,0.02,0,0,0,0,0,0,0,0,0,0.02,0,0,0,0.04
2024_10_08_11-54-31.jpg,Centennial,6,0,0,0,0.08,0,0.22,0.12,0,0,0,0,0.04,0.06,0,0.12,0.04,0,0,0,0,0,0,0,0.02,0.1,0.16,0,0.04,0,0
2024_10_08_11-54-40.jpg,Centennial,6,0,0,0,0,0,0.12,0,0,0,0,0,0,0,0,0.06,0.02,0,0.04,0,0,0,0.06,0,0.04,0.22,0.36,0.02,0.06,0,0
2024_10_08_11-54-49.jpg,Centennial,6,0,0,0,0,0,0.2,0,0,0,0,0,0,0.02,0,0.24,0,0.04,0.26,0,0,0,0.02,0.02,0.02,0.06,0.12,0,0,0,0
2024_10_08_11-54-58.jpg,Centennial,6,0,0,0,0.04,0,0.32,0,0,0,0,0,0,0,0,0,0.06,0.04,0.28,0,0,0,0,0.04,0.02,0.06,0.1,0,0,0,0.04
2024_10_08_11-55-07.jpg,Centennial,6,0,0,0,0,0,0.32,0,0,0,0,0,0,0.02,0,0.12,0,0,0.02,0,0,0,0.04,0.06,0,0.14,0.22,0,0.04,0,0.02
2024_10_08_11-55-16.jpg,Centennial,6,0,0,0,0.26,0,0.22,0,0,0,0,0,0,0,0,0.04,0,0.02,0.12,0,0,0,0.02,0,0.06,0.1,0.1,0,0.06,0,0
2024_10_08_11-55-25.jpg,Centennial,6,0,0,0,0.02,0,0.2,0,0,0,0,0,0,0,0,0.06,0.18,0.04,0,0,0,0,0.02,0,0,0.14,0.32,0,0,0,0.02
2024_10_08_11-55-34.jpg,Centennial,6,0,0,0,0.16,0,0.32,0,0,0,0,0,0,0,0,0.16,0.04,0.08,0.1,0,0,0,0,0,0.02,0,0.04,0.04,0.02,0,0.02
2024_10_08_11-55-43.jpg,Centennial,6,0,0,0,0,0,0.4,0,0,0,0,0,0,0.02,0,0.18,0.02,0.02,0.04,0,0,0,0,0.1,0.06,0.06,0.02,0,0.08,0,0
2024_10_08_11-55-52.jpg,Centennial,6,0,0,0,0.02,0,0.3,0,0,0,0,0,0,0,0,0.12,0.12,0.12,0.04,0,0,0,0,0.04,0,0,0.08,0,0.16,0,0
2024_10_08_11-56-01.jpg,Centennial,6,0,0,0,0,0,0.2,0,0,0,0,0,0.26,0,0,0.02,0.02,0.04,0.3,0,0,0,0,0,0.02,0.02,0.12,0,0,0,0
2024_10_08_11-56-10.jpg,Centennial,6,0,0,0,0,0,0.2,0,0,0,0,0,0.48,0,0,0.02,0.08,0.02,0,0,0,0,0,0.04,0.02,0.1,0.04,0,0,0,0
2024_10_08_11-56-19.jpg,Centennial,6,0,0,0,0,0,0.3,0.02,0,0,0,0.02,0.02,0,0,0.14,0.24,0.04,0.02,0,0,0,0,0.06,0.04,0.08,0,0,0.02,0,0
2024_10_08_11-56-28.jpg,Centennial,6,0,0,0,0,0,0.5,0,0,0,0,0,0.1,0,0,0.12,0.02,0.02,0,0,0,0,0,0.08,0,0.16,0,0,0,0,0
2024_10_08_11-56-37.jpg,Centennial,6,0,0,0,0,0,0.68,0,0,0,0,0,0,0,0,0.04,0.1,0,0.1,0,0,0,0,0.02,0,0.04,0.02,0,0,0,0
2024_10_08_11-56-46.jpg,Centennial,6,0,0,0,0.06,0,0.44,0,0,0,0.06,0,0,0,0,0.1,0.02,0.08,0.02,0,0,0,0,0.02,0.08,0.08,0.04,0,0,0,0
2024_10_08_11-56-55.jpg,Centennial,6,0,0,0,0.04,0,0.18,0,0,0,0,0,0.04,0,0,0.08,0.02,0.06,0.1,0,0,0,0,0.02,0.1,0.2,0.1,0,0.02,0,0.04
2024_10_08_11-57-04.jpg,Centennial,6,0,0,0,0.06,0,0.62,0,0,0,0.1,0,0,0,0,0.18,0,0,0.02,0,0,0,0,0,0,0,0,0,0,0,0.02
2024_10_08_11-57-13.jpg,Centennial,6,0,0,0,0,0,0.56,0,0,0,0,0,0,0,0,0.12,0,0.02,0.26,0,0,0,0,0,0,0.02,0.02,0,0,0,0
2024_10_09_10-12-02.jpg,EBM,1,0.02,0,0,0,0,0,0,0,0,0.52,0,0,0,0.12,0,0,0.02,0.02,0,0,0,0,0.16,0,0,0,0,0,0,0.14
2024_10_09_10-12-11.jpg,EBM,1,0,0,0,0,0,0,0,0,0,0.56,0,0.02,0,0.04,0.04,0,0.14,0.02,0,0,0,0,0.06,0,0,0,0,0,0,0.12
2024_10_09_10-12-20.jpg,EBM,1,0,0,0,0,0,0,0,0,0,0.66,0,0,0,0.02,0,0,0,0,0,0,0,0,0.3,0.02,0,0,0,0,0,0
2024_10_09_10-12-29.jpg,EBM,1,0,0,0,0,0,0,0.02,0,0,0.48,0,0,0,0.02,0.04,0,0,0.02,0,0,0,0,0.3,0,0,0,0,0,0,0.12
2024_10_09_10-12-38.jpg,EBM,1,0,0,0,0,0,0.06,0.04,0,0,0.5,0.02,0.06,0,0.08,0,0,0,0,0.12,0,0,0,0.02,0.04,0,0,0,0,0,0.06
2024_10_09_10-12-47.jpg,EBM,1,0,0,0,0,0,0,0,0,0,0.82,0,0,0,0,0,0,0,0,0,0,0,0,0.08,0.02,0,0,0,0,0,0.08
2024_10_09_10-12-56.jpg,EBM,1,0,0,0,0,0,0,0,0,0,0.92,0,0,0,0.02,0,0,0,0,0,0,0,0,0.02,0.02,0,0,0,0,0,0.02
2024_10_09_10-13-05.jpg,EBM,1,0.04,0.04,0,0,0,0,0,0,0.02,0.54,0,0,0,0.08,0.06,0,0.08,0,0,0,0,0,0.12,0,0,0,0,0,0,0.02
2024_10_09_10-13-14.jpg,EBM,1,0,0,0,0,0,0,0,0,0,0.44,0,0,0,0.06,0.06,0,0.06,0.02,0,0,0,0,0.34,0.02,0,0,0,0,0,0
2024_10_09_10-13-23.jpg,EBM,1,0,0,0,0.02,0,0,0,0,0,0.84,0,0,0,0.04,0,0,0,0,0,0,0,0,0.1,0,0,0,0,0,0,0
2024_10_09_10-13-32.jpg,EBM,1,0,0,0,0,0,0,0,0,0,0.84,0,0,0,0,0.02,0,0,0,0,0,0,0,0.12,0,0,0,0,0,0,0.02
2024_10_09_10-13-41.jpg,EBM,1,0,0,0,0,0,0,0,0,0,0.9,0,0,0,0.02,0,0,0.02,0,0,0,0,0,0.04,0,0,0,0,0,0,0.02
2024_10_09_10-13-50.jpg,EBM,1,0,0,0,0,0,0,0,0,0,0.86,0,0,0,0,0,0,0.06,0,0,0,0,0,0.02,0.02,0,0,0,0,0,0.04
2024_10_09_10-13-59.jpg,EBM,1,0,0,0,0,0,0,0,0.04,0,0.72,0,0,0,0.04,0.04,0,0.04,0,0,0,0,0,0.1,0.02,0,0,0,0,0,0
2024_10_09_10-14-08.jpg,EBM,1,0,0,0,0.02,0,0,0.02,0,0,0.36,0,0.02,0,0.06,0.1,0,0.02,0.02,0,0,0,0,0.26,0.1,0.02,0,0,0,0,0
2024_10_09_10-14-17.jpg,EBM,1,0,0,0,0,0,0,0,0,0.02,0.46,0,0.02,0,0.1,0.06,0,0.06,0,0,0,0,0,0.18,0.08,0.02,0,0,0,0,0
2024_10_09_10-14-26.jpg,EBM,1,0,0.02,0,0,0,0,0,0,0,0.64,0,0,0.02,0.06,0,0,0.04,0,0,0,0,0,0.2,0.02,0,0,0,0,0,0
2024_10_09_10-14-35.jpg,EBM,1,0,0,0,0,0,0,0,0,0.02,0.96,0,0,0,0,0,0,0,0,0,0,0,0,0,0,0.02,0,0,0,0,0
2024_10_09_10-14-44.jpg,EBM,1,0,0,0,0,0,0,0,0,0,0.52,0,0,0,0.24,0.04,0,0.02,0,0,0,0,0,0.1,0.08,0,0,0,0,0,0
2024_10_09_10-14-53.jpg,EBM,1,0,0,0,0,0,0,0,0,0,0.14,0,0.04,0,0.1,0.16,0,0.08,0,0,0,0,0,0.36,0.12,0,0,0,0,0,0
2024_10_09_10-15-02.jpg,EBM,1,0,0.04,0,0,0,0,0,0,0,0.24,0,0,0,0.14,0.16,0,0,0,0,0,0,0,0.4,0,0.02,0,0,0,0,0
2024_10_09_10-15-11.jpg,EBM,1,0,0,0,0,0,0,0,0,0,0.86,0,0,0,0.04,0.02,0,0,0,0,0,0,0,0.06,0.02,0,0,0,0,0,0
2024_10_09_10-15-20.jpg,EBM,1,0,0,0,0,0,0,0,0,0,0.74,0,0,0,0,0.06,0,0.08,0,0,0,0,0,0.08,0,0,0,0,0,0,0.04
2024_10_09_10-15-29.jpg,EBM,1,0,0,0,0,0,0,0,0,0,1,0,0,0,0,0,0,0,0,0,0,0,0,0,0,0,0,0,0,0,0
2024_10_09_10-15-38.jpg,EBM,1,0,0,0,0,0,0,0,0,0,0.66,0,0.06,0,0.12,0,0,0,0,0,0,0,0,0.16,0,0,0,0,0,0,0
2024_10_09_10-15-47.jpg,EBM,1,0,0,0,0,0,0,0,0,0,0.88,0,0,0,0.02,0,0,0,0,0,0,0,0,0.1,0,0,0,0,0,0,0
2024_10_09_10-15-56.jpg,EBM,1,0,0,0,0,0,0,0,0,0,0.8,0.04,0.02,0,0.02,0,0,0,0,0,0,0,0,0.12,0,0,0,0,0,0,0
2024_10_09_10-16-05.jpg,EBM,1,0,0,0,0,0,0,0.04,0,0,0.78,0,0,0,0.02,0,0,0,0.02,0,0,0,0,0.12,0,0,0,0,0,0,0.02
2024_10_09_10-16-14.jpg,EBM,1,0,0,0,0,0,0,0,0,0,0.54,0.04,0,0,0,0.1,0.02,0.02,0,0,0,0,0,0.28,0,0,0,0,0,0,0
2024_10_09_10-16-23.jpg,EBM,1,0,0,0,0,0,0,0.04,0,0,0.44,0.04,0,0,0.08,0.02,0,0.02,0,0,0,0,0,0.36,0,0,0,0,0,0,0
2024_10_09_10-16-32.jpg,EBM,1,0,0,0,0,0,0,0.02,0,0,0.62,0,0,0,0.06,0,0,0,0,0,0,0,0,0.3,0,0,0,0,0,0,0
2024_10_09_10-16-41.jpg,EBM,1,0,0,0,0,0,0,0,0,0,0.92,0,0,0,0.02,0,0,0,0,0,0,0,0,0.06,0,0,0,0,0,0,0
2024_10_09_10-16-50.jpg,EBM,1,0,0,0,0,0,0,0,0,0,0.66,0,0.04,0,0.02,0.02,0,0.06,0.02,0,0,0,0,0.18,0,0,0,0,0,0,0
2024_10_09_10-16-59.jpg,EBM,1,0,0.02,0,0,0,0,0,0,0,0.5,0,0,0,0.02,0.04,0,0,0.02,0,0,0,0,0.4,0,0,0,0,0,0,0
2024_10_09_10-17-08.jpg,EBM,1,0,0,0,0,0,0,0,0,0,0.84,0,0,0,0,0,0,0.02,0,0,0,0,0,0.14,0,0,0,0,0,0,0
2024_10_09_10-17-17.jpg,EBM,1,0,0,0,0,0,0,0.02,0,0,0.32,0,0.1,0.04,0.08,0.04,0,0,0.02,0,0,0,0,0.38,0,0,0,0,0,0,0
2024_10_09_10-17-26.jpg,EBM,1,0,0,0,0,0,0,0,0,0,0.7,0,0,0,0.02,0.06,0,0,0,0,0,0,0,0.22,0,0,0,0,0,0,0
2024_10_09_10-17-35.jpg,EBM,1,0,0,0,0,0,0,0,0,0,0.6,0,0.02,0,0.02,0.04,0,0.12,0.02,0,0,0,0,0.18,0,0,0,0,0,0,0
2024_10_09_10-17-38.jpg,EBM,2,0,0,0,0,0,0,0,0,0,0.54,0,0,0,0.04,0.04,0,0.08,0,0,0,0,0,0.2,0,0,0,0,0,0,0.1
2024_10_09_10-17-47.jpg,EBM,2,0,0.04,0,0,0,0,0,0,0,0.3,0,0,0,0.02,0.04,0,0.06,0.04,0,0,0,0,0.42,0,0,0,0,0,0,0.08
2024_10_09_10-17-56.jpg,EBM,2,0,0,0,0,0,0,0,0,0.02,0.26,0.02,0,0,0.06,0,0,0,0.16,0,0,0,0,0.42,0,0,0,0,0,0,0.06
2024_10_09_10-18-05.jpg,EBM,2,0,0,0,0,0,0,0,0,0,0.82,0.02,0,0,0.02,0,0,0,0.04,0,0,0,0,0.1,0,0,0,0,0,0,0
2024_10_09_10-18-14.jpg,EBM,2,0,0,0,0,0,0,0,0,0,0.8,0,0,0,0.02,0,0,0,0,0,0,0,0,0.16,0,0,0,0,0,0,0.02
2024_10_09_10-18-23.jpg,EBM,2,0,0,0,0,0,0,0,0,0,0.86,0,0,0,0.04,0,0,0,0,0,0,0,0,0.08,0,0,0,0,0,0,0.02
2024_10_09_10-18-32.jpg,EBM,2,0,0,0,0,0,0,0,0,0,0.74,0,0,0,0.04,0,0,0,0,0,0,0,0,0.22,0,0,0,0,0,0,0
2024_10_09_10-18-42.jpg,EBM,2,0,0.02,0,0,0,0,0,0,0,0.64,0.02,0,0,0.06,0,0,0.04,0.02,0,0,0,0,0.16,0,0,0,0,0,0,0.04
2024_10_09_10-18-51.jpg,EBM,2,0,0.1,0,0,0,0,0,0,0,0.78,0,0,0,0.02,0,0,0,0,0,0,0,0,0.06,0,0,0,0,0,0,0.04
2024_10_09_10-19-00.jpg,EBM,2,0,0,0,0,0,0,0,0,0,0.9,0,0,0,0,0,0,0,0,0,0,0,0,0.04,0,0,0,0,0,0,0.06
2024_10_09_10-19-09.jpg,EBM,2,0,0,0,0,0,0,0,0,0,0.58,0,0,0,0.02,0,0,0,0,0,0,0,0,0.38,0.02,0,0,0,0,0,0
2024_10_09_10-19-18.jpg,EBM,2,0,0,0,0,0,0,0,0,0,0.76,0,0,0,0.02,0,0,0,0,0,0,0,0,0.12,0,0,0.1,0,0,0,0
2024_10_09_10-19-27.jpg,EBM,2,0,0,0,0,0,0,0,0,0,0.86,0,0,0,0,0,0,0,0,0,0,0,0,0,0,0,0.04,0,0,0,0.1
2024_10_09_10-19-36.jpg,EBM,2,0,0,0,0,0,0,0,0,0,0.78,0,0,0.04,0,0,0,0,0,0,0,0,0,0.14,0,0,0.02,0,0,0,0.02
2024_10_09_10-19-45.jpg,EBM,2,0,0.04,0,0,0,0,0,0,0,0.8,0,0,0,0.02,0,0,0,0,0,0,0,0,0.12,0,0,0.02,0,0,0,0
2024_10_09_10-19-54.jpg,EBM,2,0,0.02,0,0,0,0,0,0,0,0.6,0,0,0.04,0,0.04,0,0.04,0,0,0,0,0,0.06,0,0.02,0.04,0.04,0,0,0.1
2024_10_09_10-20-03.jpg,EBM,2,0,0,0,0,0,0,0.06,0,0,0.84,0,0,0,0,0,0,0.02,0,0,0,0,0,0.04,0,0,0,0,0,0,0.04
2024_10_09_10-20-12.jpg,EBM,2,0,0,0,0,0,0,0,0,0,0.82,0,0,0,0,0,0,0,0,0,0,0,0,0,0,0,0,0,0,0,0.18
2024_10_09_10-20-21.jpg,EBM,2,0,0,0,0,0,0,0,0,0,0.94,0,0,0,0,0,0,0,0,0,0,0,0,0.02,0,0,0,0,0,0,0.04
2024_10_09_10-20-30.jpg,EBM,2,0,0.04,0,0,0,0,0,0,0,0.68,0,0,0,0,0,0,0,0,0,0,0,0,0.24,0,0,0.02,0,0,0,0.02
2024_10_09_10-20-39.jpg,EBM,2,0,0,0,0,0,0,0,0,0,0.64,0,0,0,0.06,0.02,0,0.02,0.06,0,0,0,0,0.2,0,0,0,0,0,0,0
2024_10_09_10-20-48.jpg,EBM,2,0,0,0,0,0,0,0,0,0,0.7,0,0,0,0,0.02,0,0,0,0,0,0,0,0.2,0,0,0,0,0,0,0.08
2024_10_09_10-20-57.jpg,EBM,2,0,0.02,0,0,0,0,0,0,0,0.71,0,0,0,0,0,0,0,0,0,0,0,0,0.16,0,0,0,0.02,0,0,0.08
2024_10_09_10-21-06.jpg,EBM,2,0,0.08,0,0,0,0,0,0,0,0.6,0,0,0,0,0.1,0,0.02,0,0,0,0,0,0.16,0,0,0,0,0,0,0.04
2024_10_09_10-21-15.jpg,EBM,2,0,0,0,0,0,0,0,0,0,0.58,0,0,0,0.02,0.14,0,0,0,0,0,0,0,0.24,0,0,0,0,0,0,0.02
2024_10_09_10-21-24.jpg,EBM,2,0,0,0,0,0,0,0,0,0,1,0,0,0,0,0,0,0,0,0,0,0,0,0,0,0,0,0,0,0,0
2024_10_09_10-21-33.jpg,EBM,2,0,0,0,0,0,0,0,0,0,0.86,0,0,0,0,0,0,0,0,0,0,0,0,0,0.04,0,0.02,0,0,0,0.08
2024_10_09_10-21-42.jpg,EBM,2,0,0,0,0,0,0,0,0,0,0.64,0,0,0,0,0.02,0,0.04,0.02,0,0,0,0,0.26,0,0,0,0,0,0,0.02
2024_10_09_10-21-51.jpg,EBM,2,0,0,0,0,0,0,0,0,0,0.48,0,0,0.02,0.06,0,0,0,0.06,0,0,0,0,0.24,0,0,0.1,0.02,0,0,0.02
2024_10_09_10-22-00.jpg,EBM,2,0,0,0,0,0,0,0,0,0,0.46,0,0,0,0,0.08,0,0,0.04,0,0,0,0,0.3,0,0,0.06,0,0,0,0.06
2024_10_09_10-22-09.jpg,EBM,2,0,0,0,0,0,0,0,0,0,0.4,0,0,0,0,0.14,0,0.1,0.14,0,0,0,0,0.16,0,0,0,0,0,0,0.06
2024_10_09_10-22-18.jpg,EBM,2,0,0,0,0,0,0,0,0,0,0.66,0,0,0,0.04,0.02,0,0,0.06,0,0,0,0,0.22,0,0,0,0,0,0,0
2024_10_09_10-22-27.jpg,EBM,2,0,0,0,0,0,0,0,0,0,0.46,0,0,0,0.04,0.02,0,0.02,0.04,0,0,0,0,0.42,0,0,0,0,0,0,0
2024_10_09_10-22-36.jpg,EBM,2,0,0,0,0,0,0,0,0,0,0.62,0,0,0,0.02,0.06,0,0.04,0.02,0,0,0,0,0.24,0,0,0,0,0,0,0
2024_10_09_10-22-45.jpg,EBM,2,0,0,0,0,0,0,0,0,0,0.6,0,0,0,0.06,0.06,0,0.12,0.02,0,0,0,0,0.14,0,0,0,0,0,0,0
2024_10_09_10-22-54.jpg,EBM,2,0,0,0,0,0,0,0,0,0,0.32,0,0,0,0.2,0.1,0,0.08,0,0,0,0,0,0.3,0,0,0,0,0,0,0
2024_10_09_10-23-03.jpg,EBM,2,0,0,0,0,0,0,0,0,0,0.22,0,0,0,0.2,0.1,0,0.08,0,0,0,0,0,0.36,0,0,0,0,0,0,0.04
2024_10_09_11-42-22.jpg,EBM,5,0,0,0,0,0,0,0,0,0,0,0.02,0,0.02,0,0,0,0,0,0,0,0,0,0.38,0,0,0.12,0,0,0,0.46
2024_10_09_11-42-31.jpg,EBM,5,0,0,0,0,0,0.02,0,0,0,0.04,0.04,0,0,0,0,0,0,0.04,0,0,0,0,0.46,0,0,0.32,0,0,0,0.08
2024_10_09_11-42-40.jpg,EBM,5,0,0,0,0,0,0,0,0,0,0.02,0,0,0.02,0,0.1,0,0,0.14,0,0,0,0,0.56,0,0,0.12,0,0,0,0.04
2024_10_09_11-42-49.jpg,EBM,5,0,0.02,0,0,0,0,0,0,0,0.04,0,0,0,0.28,0.02,0,0.02,0.04,0,0,0,0,0.46,0,0,0.08,0,0.04,0,0
2024_10_09_11-42-58.jpg,EBM,5,0,0,0,0,0,0,0,0,0,0.02,0,0,0,0.5,0.02,0,0,0,0,0,0,0,0.34,0,0,0,0,0.12,0,0
2024_10_09_11-43-07.jpg,EBM,5,0,0,0,0,0,0.02,0,0,0,0.02,0,0,0,0.34,0.06,0,0.04,0.04,0,0,0,0,0.3,0,0,0.02,0,0,0,0.16
2024_10_09_11-43-16.jpg,EBM,5,0,0,0,0,0,0.04,0,0,0,0.06,0,0,0,0.06,0.02,0,0.02,0.04,0,0,0,0.02,0.4,0,0,0,0,0.02,0,0.32
2024_10_09_11-43-25.jpg,EBM,5,0,0,0,0.02,0,0,0,0,0,0,0,0,0,0.1,0.08,0,0.02,0,0,0,0,0,0.46,0,0,0,0,0,0,0.32
2024_10_09_11-43-34.jpg,EBM,5,0,0,0,0.02,0,0.06,0,0,0,0.06,0.02,0,0,0.16,0.02,0,0.06,0.04,0,0,0,0,0.4,0,0,0,0,0,0,0.16
2024_10_09_11-43-43.jpg,EBM,5,0,0.06,0,0,0,0,0,0,0.02,0.24,0.02,0,0.02,0.04,0.08,0,0.16,0.04,0,0,0,0,0.3,0,0,0,0,0,0,0.02
2024_10_09_11-43-52.jpg,EBM,5,0,0,0,0,0,0,0,0,0.02,0.26,0,0,0.04,0.04,0.02,0,0.06,0.02,0,0,0,0,0.4,0,0,0.04,0,0,0,0.1
2024_10_09_11-44-01.jpg,EBM,5,0,0.04,0,0.02,0,0.02,0,0,0,0.02,0.02,0,0.02,0.08,0.06,0,0.02,0.08,0,0,0,0.06,0.54,0,0,0,0,0,0,0.02
2024_10_09_11-44-10.jpg,EBM,5,0.02,0,0,0,0,0,0,0,0,0,0.02,0,0.02,0.16,0,0,0.04,0.02,0,0,0,0,0.54,0,0,0,0,0,0,0.18
2024_10_09_11-44-19.jpg,EBM,5,0,0,0,0.04,0,0.12,0,0,0,0,0,0,0,0.06,0.02,0.06,0,0.04,0,0,0,0,0.38,0,0,0,0,0,0,0.28
2024_10_09_11-44-28.jpg,EBM,5,0,0,0,0.04,0,0.16,0,0,0,0,0,0,0.06,0.24,0.16,0,0,0.02,0,0,0,0,0.2,0,0,0,0,0,0,0.12
2024_10_09_11-44-37.jpg,EBM,5,0,0,0,0,0,0.1,0,0,0,0,0.02,0,0,0.22,0,0,0.02,0.3,0,0,0,0,0.32,0,0,0,0,0,0,0.02
2024_10_09_11-44-46.jpg,EBM,5,0,0,0,0.08,0,0.32,0,0,0,0.02,0,0,0,0.08,0.1,0,0.08,0.3,0,0,0,0,0.02,0,0,0,0,0,0,0
2024_10_09_11-44-55.jpg,EBM,5,0,0,0,0.06,0,0.24,0,0,0,0,0.02,0,0,0.14,0.1,0,0.02,0.08,0,0,0,0,0.24,0,0,0,0,0,0,0.1
2024_10_09_11-45-04.jpg,EBM,5,0,0,0,0,0,0,0,0,0,0.08,0.06,0,0,0.26,0,0,0,0.06,0,0,0,0,0.4,0,0,0.08,0,0,0,0.06
2024_10_09_11-45-13.jpg,EBM,5,0,0,0,0,0,0.04,0,0,0,0,0,0,0,0.44,0,0,0.04,0.1,0,0,0,0,0.36,0,0,0.02,0,0,0,0
2024_10_09_11-45-22.jpg,EBM,5,0,0.02,0,0,0,0.06,0,0,0,0.02,0.08,0,0,0.38,0.02,0,0,0,0,0,0,0,0.36,0,0,0,0,0,0,0.06
2024_10_09_11-45-31.jpg,EBM,5,0,0,0,0.04,0,0.02,0,0,0,0,0,0,0,0.3,0.04,0.04,0.02,0.08,0,0,0,0,0.38,0,0,0,0,0,0,0.08
2024_10_09_11-45-40.jpg,EBM,5,0,0,0,0,0,0.04,0,0,0,0.04,0.1,0,0,0.36,0.02,0,0,0.02,0,0,0,0,0.18,0,0,0.1,0,0,0,0.14
2024_10_09_11-45-49.jpg,EBM,5,0,0,0,0,0,0.02,0,0,0,0.06,0.06,0,0,0.38,0.04,0,0.02,0.06,0,0,0,0,0.18,0,0,0.18,0,0,0,0
2024_10_09_11-45-58.jpg,EBM,5,0,0,0,0,0,0.12,0,0,0,0,0.04,0,0,0.16,0.14,0.08,0,0.12,0,0,0,0,0.24,0,0,0.06,0,0,0,0.04
2024_10_09_11-46-07.jpg,EBM,5,0,0,0,0.02,0,0.02,0,0,0,0.02,0,0,0,0.16,0.46,0,0,0.06,0,0,0,0,0.2,0,0,0,0,0,0,0.06
2024_10_09_11-46-16.jpg,EBM,5,0,0.02,0,0,0,0.12,0,0,0,0.14,0,0,0,0.16,0.14,0,0,0.08,0,0,0,0,0.32,0,0,0,0,0,0,0.02
2024_10_09_11-46-25.jpg,EBM,5,0,0,0,0,0,0,0,0,0,0.04,0,0,0,0.44,0.08,0,0,0.08,0,0,0,0,0.3,0,0,0.02,0,0,0,0.04
2024_10_09_11-46-34.jpg,EBM,5,0,0,0,0,0,0,0,0,0,0.04,0,0,0,0.44,0.04,0,0,0.02,0,0,0,0,0.36,0,0,0.02,0,0,0,0.08
2024_10_09_11-46-43.jpg,EBM,5,0,0.02,0,0,0,0,0,0,0,0.02,0,0,0,0.06,0.14,0,0.02,0.06,0,0,0,0,0.6,0,0,0.04,0,0,0,0.04
2024_10_09_11-46-52.jpg,EBM,5,0,0,0,0,0,0,0,0,0,0.14,0.02,0,0,0.04,0.02,0,0,0.12,0,0,0,0,0.54,0,0,0.02,0,0.02,0,0.08
2024_10_09_11-47-01.jpg,EBM,5,0,0,0,0,0,0.02,0,0,0,0.22,0.02,0,0,0.18,0.12,0,0,0.12,0,0,0,0,0.28,0,0,0.02,0,0,0,0.02
2024_10_09_11-47-10.jpg,EBM,5,0,0,0,0,0,0.6,0,0,0,0.02,0,0,0,0.02,0.2,0,0,0.08,0,0,0,0,0.06,0,0,0,0,0,0,0.02
2024_10_09_11-47-19.jpg,EBM,5,0,0,0,0,0,0.18,0,0,0,0.02,0,0,0,0.04,0.52,0,0,0.06,0,0,0,0,0.18,0,0,0,0,0,0,0
2024_10_09_11-47-28.jpg,EBM,5,0,0,0,0,0,0.02,0,0,0,0,0,0,0,0.18,0.1,0,0,0.06,0,0,0,0,0.56,0,0,0,0,0,0,0.08
2024_10_09_12-10-50.jpg,EBM,5,0,0,0,0.04,0,0.16,0,0,0,0.04,0,0,0.02,0.02,0.1,0,0,0.12,0,0,0,0,0.4,0,0,0,0,0,0,0.1
2024_10_09_12-10-59.jpg,EBM,5,0,0,0,0.04,0,0.32,0,0,0,0,0,0,0,0.1,0.08,0,0,0.16,0,0,0,0,0.22,0,0,0,0,0,0,0.08
2024_10_09_12-11-08.jpg,EBM,5,0,0.06,0,0.02,0,0,0,0,0,0,0,0,0,0,0.06,0,0.04,0.02,0,0,0,0,0.52,0,0,0,0,0,0,0.28
2024_10_09_12-11-17.jpg,EBM,5,0,0,0,0.02,0,0.02,0,0,0,0,0,0,0,0,0.14,0,0,0.1,0,0,0,0,0.64,0,0,0,0,0,0,0.08
2024_10_09_12-11-26.jpg,EBM,5,0,0,0,0,0,0,0,0,0,0.08,0,0,0,0.06,0.04,0,0.02,0.02,0,0,0,0,0.7,0,0,0,0,0,0,0.08
2024_10_09_12-11-35.jpg,EBM,5,0,0,0,0,0,0,0,0,0,0.06,0,0,0,0.22,0,0,0,0,0,0,0,0,0.4,0,0,0,0,0,0,0.32
2024_10_09_12-11-44.jpg,EBM,5,0,0,0,0,0,0.02,0,0,0,0.14,0.04,0,0,0.12,0.02,0,0,0,0,0,0,0,0.46,0,0,0,0.02,0,0,0.18
2024_10_09_12-11-53.jpg,EBM,5,0,0,0,0.04,0,0.02,0,0,0,0.12,0,0,0,0.16,0,0,0,0.02,0,0,0,0,0.38,0,0.02,0.04,0,0.02,0,0.18
2024_10_09_12-12-02.jpg,EBM,5,0,0,0,0,0,0.06,0,0,0.02,0.24,0,0,0,0.2,0.06,0,0.02,0.08,0,0,0,0,0.14,0,0,0,0,0,0,0.18
2024_10_09_12-12-11.jpg,EBM,5,0,0.02,0,0,0,0.02,0,0,0,0.16,0,0,0.02,0.16,0.02,0,0,0.02,0,0,0,0,0.46,0,0,0,0,0.02,0.1,0
2024_10_09_12-12-20.jpg,EBM,5,0,0.06,0,0.04,0,0,0,0,0,0,0.02,0,0,0.14,0.08,0,0,0,0,0,0,0,0.48,0,0,0.08,0,0,0.06,0.04
2024_10_09_12-12-29.jpg,EBM,5,0,0,0,0,0,0.06,0,0,0,0.14,0.02,0.02,0,0,0,0,0,0,0,0,0,0,0.5,0,0,0.24,0,0,0,0.02
2024_10_09_12-12-38.jpg,EBM,5,0,0,0,0,0,0.02,0.02,0,0,0.06,0.02,0,0,0.02,0.04,0,0,0.14,0,0,0,0,0.48,0,0,0.2,0,0,0,0
2024_10_09_12-12-47.jpg,EBM,5,0,0,0,0.06,0,0.02,0,0,0,0.08,0,0,0,0.36,0,0,0,0,0,0,0,0,0.46,0,0,0,0,0,0,0.02
2024_10_09_12-12-57.jpg,EBM,5,0,0,0,0.02,0,0.04,0,0,0,0.06,0,0,0,0.02,0.02,0,0,0.04,0,0,0,0,0.56,0,0,0.02,0,0.02,0,0.2
2024_10_09_12-13-06.jpg,EBM,5,0,0,0,0.1,0,0,0,0,0,0,0,0,0,0,0.02,0,0,0.08,0,0,0,0,0.68,0,0,0,0,0,0,0.12
2024_10_09_12-13-15.jpg,EBM,5,0,0,0,0.06,0,0,0,0,0,0.1,0.02,0.02,0,0.04,0,0,0.04,0,0,0,0,0,0.52,0,0,0,0,0.04,0,0.16
2024_10_09_12-13-45.jpg,EBM,5,0,0.02,0,0,0,0,0,0,0,0.3,0,0,0.02,0.04,0,0,0.02,0.04,0,0,0,0,0.44,0,0,0.04,0,0,0,0.08
2024_10_09_12-13-54.jpg,EBM,5,0,0,0,0,0,0,0,0,0,0.06,0.02,0.02,0.04,0,0,0,0.08,0.02,0,0,0,0,0.66,0,0,0.04,0,0,0,0.06
2024_10_09_12-14-03.jpg,EBM,5,0,0,0,0,0,0,0,0,0,0.06,0.06,0,0.1,0,0,0,0.02,0.02,0,0,0,0,0.68,0,0,0,0,0,0,0.06
2024_10_09_12-14-12.jpg,EBM,5,0,0.02,0,0,0,0,0,0,0,0.04,0.04,0,0.04,0.06,0.06,0,0,0,0,0,0,0.22,0.5,0,0,0,0,0,0,0.02
