"key","site","transect","img_name","soft_sediment","shell_debris","cobble","pebble","hard_substrate","anthro_substrate","unknown","filamentous_brown","kelp_holdfast","sargassum","sugar_kelp","green_algae","textured_kelp","other_brown_kelp","red_algae","coralline_algae","kelp_bryozoan","sessile_invert","mobile_invert"
"1_1","1","1","2022_10_06_13-50-40_0.jpg",7,5,1,2,0,0,10,0,0,0,69,0,0,0,0,0,4,0,1
"1_1","1","1","2022_10_06_13-50-40_440.jpg",4,2,0,0,5,0,1,0,1,0,77,0,0,0,7,0,1,2,0
"1_1","1","1","2022_10_06_13-50-40_448.jpg",4,1,0,0,2,0,0,0,0,0,92,0,0,0,0,0,1,0,0
"1_1","1","1","2022_10_06_13-50-40_456.jpg",0,1,0,0,0,0,1,0,0,0,97,0,0,0,0,0,1,0,0
"1_1","1","1","2022_10_06_13-50-40_288.jpg",1,6,1,2,0,0,1,0,0,0,80,1,0,0,0,0,2,0,0
"1_1","1","1","2022_10_06_13-50-40_416.jpg",0,21,0,1,5,0,4,0,0,0,66,2,0,0,1,0,0,0,0
"1_1","1","1","2022_10_06_13-50-40_360.jpg",1,13,19,7,0,0,1,0,0,0,48,2,0,0,0,0,2,0,0
"1_1","1","1","2022_10_06_13-50-40_208.jpg",2,3,4,0,0,0,1,0,0,0,79,0,0,0,0,0,3,0,0
"1_1","1","1","2022_10_06_13-50-40_160.jpg",3,7,5,1,0,0,0,0,0,0,80,1,0,0,0,0,1,0,0
"1_1","1","1","2022_10_06_13-50-40_48.jpg",8,20,8,5,0,0,8,0,0,0,43,2,0,0,0,0,0,0,0
"1_1","1","1","2022_10_06_13-50-40_352.jpg",2,3,4,0,0,0,2,0,0,0,74,8,0,0,0,0,0,0,0
"1_1","1","1","2022_10_06_13-50-40_80.jpg",1,28,7,9,0,0,1,0,0,0,48,3,0,0,0,0,1,0,0
"1_1","1","1","2022_10_06_13-50-40_24.jpg",3,17,11,0,0,0,7,0,0,0,53,2,0,0,0,0,0,0,0
"1_1","1","1","2022_10_06_13-50-40_232.jpg",5,15,4,2,0,0,0,0,0,0,60,3,0,0,0,0,0,0,0
"1_1","1","1","2022_10_06_13-50-40_128.jpg",6,20,5,0,0,0,0,0,0,0,53,3,2,0,2,0,0,0,0
"1_1","1","1","2022_10_06_13-50-40_64.jpg",2,13,1,4,0,0,7,0,0,0,65,0,8,0,0,0,0,0,0
"1_1","1","1","2022_10_06_13-50-40_16.jpg",7,13,5,4,0,0,2,0,0,0,52,1,10,0,0,0,2,0,0
"1_1","1","1","2022_10_06_13-50-40_488.jpg",0,3,0,6,0,0,1,0,0,0,82,8,0,0,0,0,0,0,0
"1_1","1","1","2022_10_06_13-50-40_32.jpg",1,19,1,2,0,0,9,0,0,0,59,2,0,0,1,0,1,0,0
"1_1","1","1","2022_10_06_13-50-40_408.jpg",6,10,1,3,3,0,4,0,0,0,72,0,0,0,0,0,1,0,0
"1_1","1","1","2022_10_06_13-50-40_200.jpg",0,1,6,1,0,0,7,0,0,0,52,0,0,0,0,0,0,0,0
"1_1","1","1","2022_10_06_13-50-40_152.jpg",2,31,8,1,0,0,0,0,2,0,51,0,0,0,0,0,0,0,0
"1_1","1","1","2022_10_06_13-50-40_40.jpg",1,11,2,3,3,0,10,0,0,0,70,0,0,0,0,0,0,0,0
"1_1","1","1","2022_10_06_13-50-40_472.jpg",1,1,0,0,0,0,0,0,0,0,98,0,0,0,0,0,0,0,0
"1_1","1","1","2022_10_06_13-50-40_272.jpg",4,2,0,0,0,0,1,0,0,0,34,0,4,0,0,0,0,0,0
"1_1","1","1","2022_10_06_13-50-40_56.jpg",4,15,4,4,0,0,3,0,0,0,68,1,0,0,0,0,1,0,0
"1_1","1","1","2022_10_06_13-50-40_376.jpg",0,13,5,1,0,0,0,0,0,0,63,3,7,0,1,0,0,0,0
"1_1","1","1","2022_10_06_13-50-40_384.jpg",1,8,2,8,0,0,1,0,0,0,67,1,11,0,0,0,1,0,0
"1_1","1","1","2022_10_06_13-50-40_464.jpg",1,6,0,0,0,0,1,0,0,0,92,0,0,0,0,0,0,0,0
"1_1","1","1","2022_10_06_13-50-40_112.jpg",6,9,7,0,0,0,3,0,0,0,44,0,0,0,2,0,2,0,0
"1_1","1","1","2022_10_06_13-50-40_224.jpg",3,11,3,4,0,0,0,0,0,0,66,6,0,0,0,0,0,0,0
"1_1","1","1","2022_10_06_13-50-40_320.jpg",2,12,5,1,0,0,4,0,0,0,56,0,6,0,0,0,1,0,0
"1_1","1","1","2022_10_06_13-50-40_312.jpg",3,12,3,1,0,0,5,0,0,0,74,0,0,0,0,0,1,0,0
"1_1","1","1","2022_10_06_13-50-40_88.jpg",1,7,1,1,1,0,1,0,0,0,76,7,0,0,0,0,1,0,0
"1_1","1","1","2022_10_06_13-50-40_296.jpg",2,6,2,0,0,0,5,0,0,0,74,0,0,0,0,0,1,0,0
"1_1","1","1","2022_10_06_13-50-40_280.jpg",0,4,2,0,0,0,0,1,0,0,47,0,13,0,0,0,0,0,0
"1_1","1","1","2022_10_06_13-50-40_392.jpg",0,14,0,0,0,0,3,0,0,0,77,0,0,0,0,0,0,0,0
"1_1","1","1","2022_10_06_13-50-40_168.jpg",3,13,3,0,0,0,0,0,0,0,75,1,0,0,3,0,1,0,0
"1_1","1","1","2022_10_06_13-50-40_192.jpg",1,2,8,0,0,0,6,0,0,0,73,2,0,3,0,0,0,0,0
"1_1","1","1","2022_10_06_13-50-40_216.jpg",2,5,2,0,0,0,0,0,0,0,74,1,0,0,2,0,0,0,0
"1_1","1","1","2022_10_06_13-50-40_264.jpg",2,6,3,0,0,0,4,0,0,0,49,2,29,0,0,0,0,0,0
"1_1","1","1","2022_10_06_13-50-40_240.jpg",7,18,16,6,0,0,0,0,0,0,28,4,0,0,4,0,1,0,0
"1_1","1","1","2022_10_06_13-50-40_248.jpg",1,7,4,0,0,0,0,0,0,0,84,0,0,0,0,0,0,0,0
"1_1","1","1","2022_10_06_13-50-40_368.jpg",1,13,14,3,0,0,1,0,0,0,48,2,1,0,0,0,1,0,0
"1_1","1","1","2022_10_06_13-50-40_424.jpg",9,4,4,0,4,0,6,6,0,0,44,3,3,0,15,0,0,0,2
"1_1","1","1","2022_10_06_13-50-40_328.jpg",3,13,0,1,0,0,4,0,0,0,75,1,0,0,0,0,2,0,0
"1_1","1","1","2022_10_06_13-50-40_304.jpg",0,7,0,0,0,0,1,0,0,0,81,0,0,0,0,0,0,0,0
"1_1","1","1","2022_10_06_13-50-40_136.jpg",8,16,4,0,0,0,0,0,0,0,67,1,0,0,0,0,0,0,0
"1_1","1","1","2022_10_06_13-50-40_432.jpg",3,5,1,0,0,0,41,0,0,0,28,1,0,0,20,0,1,0,0
"1_1","1","1","2022_10_06_13-50-40_96.jpg",2,8,1,7,1,0,1,0,0,0,70,0,8,0,0,0,1,0,0
"1_2","1","2","2022_10_06_14-05-43_320.jpg",0,5,0,3,0,0,3,0,0,0,86,0,0,0,0,0,3,0,0
"1_2","1","2","2022_10_06_14-05-43_232.jpg",1,4,1,2,0,0,3,0,0,0,88,0,0,0,1,0,0,0,0
"1_2","1","2","2022_10_06_14-05-43_176.jpg",0,20,8,2,0,0,1,0,0,0,55,1,0,0,1,0,2,0,0
"1_2","1","2","2022_10_06_14-05-43_240.jpg",0,3,0,1,0,0,10,0,0,0,84,0,0,0,0,0,1,0,1
"1_2","1","2","2022_10_06_14-05-43_416.jpg",0,1,0,1,0,0,1,0,0,0,56,33,0,0,8,0,0,0,0
"1_2","1","2","2022_10_06_14-05-43_136.jpg",1,14,0,0,0,0,1,0,0,0,82,0,1,0,0,0,1,0,0
"1_2","1","2","2022_10_06_14-05-43_160.jpg",0,11,2,2,0,0,0,0,0,0,81,0,0,0,0,0,1,0,0
"1_2","1","2","2022_10_06_14-05-43_24.jpg",0,15,4,4,0,0,7,0,0,0,49,1,0,0,0,0,0,0,0
"1_2","1","2","2022_10_06_14-05-43_304.jpg",1,0,0,1,2,0,9,0,0,0,86,0,0,0,0,0,0,0,1
"1_2","1","2","2022_10_06_14-05-43_168.jpg",0,13,1,0,0,0,0,0,1,0,83,1,0,0,1,0,0,0,0
"1_2","1","2","2022_10_06_14-05-43_280.jpg",0,1,0,0,0,0,2,0,0,0,89,8,0,0,0,0,0,0,0
"1_2","1","2","2022_10_06_14-05-43_288.jpg",1,0,0,0,14,0,0,0,3,0,74,1,0,0,4,0,1,0,2
"1_2","1","2","2022_10_06_14-05-43_72.jpg",0,2,3,1,0,0,9,0,0,0,67,0,0,0,0,0,0,0,0
"1_2","1","2","2022_10_06_14-05-43_56.jpg",1,15,6,2,0,0,11,0,0,0,61,0,0,0,0,0,0,0,0
"1_2","1","2","2022_10_06_14-05-43_16.jpg",3,11,6,1,0,0,8,0,0,0,50,0,0,0,0,0,2,0,0
"1_2","1","2","2022_10_06_14-05-43_352.jpg",5,9,0,8,0,0,1,0,0,0,56,3,0,0,12,0,1,0,0
"1_2","1","2","2022_10_06_14-05-43_0.jpg",0,10,2,4,0,0,0,0,0,0,53,0,25,0,0,0,6,0,0
"1_2","1","2","2022_10_06_14-05-43_48.jpg",1,8,1,1,0,0,9,0,0,0,69,1,0,0,0,0,1,0,0
"1_2","1","2","2022_10_06_14-05-43_64.jpg",2,3,2,0,0,0,9,0,0,0,71,0,0,0,0,0,0,0,0
"1_2","1","2","2022_10_06_14-05-43_88.jpg",0,12,0,0,0,0,0,0,0,0,88,0,0,0,0,0,0,0,0
"1_2","1","2","2022_10_06_14-05-43_8.jpg",3,19,0,2,0,0,6,0,0,0,53,0,0,0,0,0,0,0,0
"1_2","1","2","2022_10_06_14-05-43_360.jpg",0,16,4,0,0,0,0,0,0,0,70,10,0,0,0,0,0,0,0
"1_2","1","2","2022_10_06_14-05-43_408.jpg",0,2,0,0,0,0,0,0,0,0,92,0,0,0,6,0,0,0,0
"1_2","1","2","2022_10_06_14-05-43_200.jpg",1,15,0,0,0,0,1,0,0,0,67,2,0,0,2,0,1,0,0
"1_2","1","2","2022_10_06_14-05-43_272.jpg",6,15,4,1,0,0,5,0,0,0,60,3,0,0,2,0,4,0,0
"1_2","1","2","2022_10_06_14-05-43_336.jpg",0,1,0,0,0,0,0,0,0,0,88,11,0,0,0,0,0,0,0
"1_2","1","2","2022_10_06_14-05-43_376.jpg",2,0,0,0,0,0,0,0,0,0,58,32,0,0,6,0,2,0,0
"1_2","1","2","2022_10_06_14-05-43_144.jpg",0,3,2,0,0,0,1,0,0,0,92,0,0,0,0,0,0,0,0
"1_2","1","2","2022_10_06_14-05-43_96.jpg",1,23,1,1,0,0,1,0,0,0,56,1,5,0,0,0,2,0,0
"1_2","1","2","2022_10_06_14-05-43_152.jpg",0,2,0,0,0,0,0,0,0,0,82,0,0,0,0,2,4,0,0
"1_2","1","2","2022_10_06_14-05-43_296.jpg",0,1,0,0,0,0,7,0,0,0,86,0,0,0,2,0,2,0,2
"1_2","1","2","2022_10_06_14-05-43_40.jpg",4,21,7,6,0,0,17,0,0,0,33,1,0,0,0,0,0,0,0
"1_2","1","2","2022_10_06_14-05-43_392.jpg",0,8,0,0,0,0,0,0,0,0,88,2,0,0,2,0,0,0,0
"1_2","1","2","2022_10_06_14-05-43_256.jpg",12,16,6,1,0,0,5,0,0,0,53,0,0,0,0,0,5,0,0
"1_2","1","2","2022_10_06_14-05-43_32.jpg",0,21,1,2,0,0,33,0,0,0,39,1,0,0,0,0,3,0,0
"1_2","1","2","2022_10_06_14-05-43_224.jpg",0,4,13,5,0,0,4,0,0,0,68,1,0,0,0,0,0,0,0
"1_2","1","2","2022_10_06_14-05-43_424.jpg",1,1,0,0,0,0,0,0,0,0,61,27,0,0,9,0,1,0,0
"1_2","1","2","2022_10_06_14-05-43_120.jpg",1,1,9,1,0,0,7,0,0,0,79,2,0,0,0,0,0,0,0
"1_2","1","2","2022_10_06_14-05-43_112.jpg",0,11,19,5,0,0,4,1,0,0,50,2,0,0,0,0,1,0,1
"1_2","1","2","2022_10_06_14-05-43_104.jpg",0,3,1,0,0,0,33,0,0,0,47,12,0,0,0,0,3,0,0
"1_2","1","2","2022_10_06_14-05-43_128.jpg",0,2,11,0,0,0,1,0,0,0,66,1,19,0,0,0,0,0,0
"1_2","1","2","2022_10_06_14-05-43_312.jpg",1,9,0,1,0,0,2,0,0,0,82,3,0,0,0,0,0,0,0
"1_2","1","2","2022_10_06_14-05-43_216.jpg",2,13,6,0,0,0,6,0,0,0,65,1,0,0,0,0,0,0,0
"1_2","1","2","2022_10_06_14-05-43_344.jpg",0,6,3,8,0,0,1,0,0,0,74,4,0,0,3,0,1,0,0
"1_2","1","2","2022_10_06_14-05-43_400.jpg",0,12,0,0,0,0,2,0,0,0,74,12,0,0,0,0,0,0,0
"1_2","1","2","2022_10_06_14-05-43_192.jpg",0,20,0,1,0,0,3,0,0,0,59,11,0,0,1,0,2,0,0
"1_2","1","2","2022_10_06_14-05-43_248.jpg",5,6,5,0,0,0,9,0,0,0,71,1,0,0,0,0,1,0,2
"1_2","1","2","2022_10_06_14-05-43_328.jpg",0,7,0,1,0,0,2,0,0,0,73,1,0,0,2,0,2,0,0
"1_2","1","2","2022_10_06_14-05-43_264.jpg",12,17,8,0,0,0,4,0,0,0,56,2,0,0,0,0,0,0,0
"1_2","1","2","2022_10_06_14-05-43_80.jpg",1,10,1,1,0,0,10,0,0,0,61,4,0,0,0,0,0,0,0
"2_1","2","1","2022_9_29_11-41-39_456.jpg",1,46,3,7,0,0,13,0,0,0,0,0,11,0,15,0,0,0,0
"2_1","2","1","2022_9_29_11-41-39_144.jpg",30,18,3,8,0,0,4,7,0,0,0,0,16,0,14,0,0,0,0
"2_1","2","1","2022_9_29_11-41-39_112.jpg",28,8,1,4,0,0,28,0,0,0,0,1,0,0,30,0,0,0,0
"2_1","2","1","2022_9_29_11-41-39_248.jpg",15,12,3,18,0,0,4,0,0,0,0,0,48,0,0,0,0,0,0
"2_1","2","1","2022_9_29_11-41-39_288.jpg",15,28,0,2,0,0,9,19,0,0,0,0,11,0,14,0,0,0,1
"2_1","2","1","2022_9_29_11-41-39_96.jpg",9,13,0,2,14,0,4,0,0,0,0,0,50,0,8,0,0,0,0
"2_1","2","1","2022_9_29_11-41-39_280.jpg",24,12,2,11,0,0,3,0,0,0,8,0,35,0,5,0,0,0,0
"2_1","2","1","2022_9_29_11-41-39_88.jpg",20,24,3,18,3,0,25,0,0,0,0,0,0,0,4,0,0,0,0
"2_1","2","1","2022_9_29_11-41-39_376.jpg",16,34,0,3,0,0,8,4,0,0,1,0,10,0,12,0,0,0,0
"2_1","2","1","2022_9_29_11-41-39_232.jpg",7,25,3,7,0,0,58,0,0,0,0,0,0,0,0,0,0,0,0
"2_1","2","1","2022_9_29_11-41-39_272.jpg",50,14,0,4,0,0,5,13,0,0,0,0,0,0,11,0,0,0,0
"2_1","2","1","2022_9_29_11-41-39_312.jpg",20,42,0,6,2,0,13,1,0,0,0,0,0,0,12,0,0,0,0
"2_1","2","1","2022_9_29_11-41-39_224.jpg",36,11,7,6,0,0,39,0,0,0,0,0,0,0,1,0,0,0,0
"2_1","2","1","2022_9_29_11-41-39_176.jpg",12,18,1,6,0,0,5,3,0,0,0,3,13,0,39,0,0,0,0
"2_1","2","1","2022_9_29_11-41-39_0.jpg",0,0,31,3,0,0,10,0,0,0,0,0,53,0,3,0,0,0,0
"2_1","2","1","2022_9_29_11-41-39_384.jpg",9,35,1,8,0,0,9,1,0,0,0,0,33,0,4,0,0,0,0
"2_1","2","1","2022_9_29_11-41-39_352.jpg",1,2,1,1,1,0,3,3,0,0,0,0,74,0,12,0,0,0,0
"2_1","2","1","2022_9_29_11-41-39_64.jpg",15,1,4,3,0,0,38,0,0,0,0,0,29,0,7,0,0,0,0
"2_1","2","1","2022_9_29_11-41-39_448.jpg",0,36,0,9,0,0,5,0,0,0,0,1,47,0,0,0,0,0,0
"2_1","2","1","2022_9_29_11-41-39_432.jpg",5,25,6,0,0,0,7,0,0,0,0,0,51,0,3,0,0,0,2
"2_1","2","1","2022_9_29_11-41-39_184.jpg",9,13,0,0,0,0,3,0,0,0,0,0,63,0,12,0,0,0,0
"2_1","2","1","2022_9_29_11-41-39_152.jpg",21,23,0,10,2,0,9,8,0,0,0,1,14,0,5,1,0,0,0
"2_1","2","1","2022_9_29_11-41-39_240.jpg",5,18,1,30,0,0,37,0,0,0,0,0,2,0,7,0,0,0,0
"2_1","2","1","2022_9_29_11-41-39_24.jpg",32,3,5,16,0,0,22,0,0,0,1,0,4,0,13,0,0,0,0
"2_1","2","1","2022_9_29_11-41-39_400.jpg",14,47,0,11,0,0,3,0,0,0,0,0,18,0,3,0,0,0,0
"2_1","2","1","2022_9_29_11-41-39_120.jpg",13,21,1,8,0,0,33,0,0,0,0,1,13,0,7,0,0,0,0
"2_1","2","1","2022_9_29_11-41-39_104.jpg",9,13,0,4,0,0,24,0,0,0,1,0,47,0,1,0,0,0,0
"2_1","2","1","2022_9_29_11-41-39_368.jpg",3,10,0,1,0,0,0,0,0,0,0,0,86,0,0,0,0,0,0
"2_1","2","1","2022_9_29_11-41-39_360.jpg",16,28,0,1,0,0,1,5,0,0,0,0,38,0,8,0,0,0,0
"2_1","2","1","2022_9_29_11-41-39_264.jpg",38,19,4,10,0,0,8,4,0,0,6,3,2,0,5,0,0,0,0
"2_1","2","1","2022_9_29_11-41-39_440.jpg",1,3,2,0,0,0,2,0,0,0,0,0,92,0,0,0,0,0,0
"2_1","2","1","2022_9_29_11-41-39_40.jpg",48,0,0,0,0,3,29,0,0,0,4,1,0,0,15,0,0,0,0
"2_1","2","1","2022_9_29_11-41-39_208.jpg",17,14,3,14,0,0,26,0,0,0,0,4,20,0,1,0,0,0,1
"2_1","2","1","2022_9_29_11-41-39_48.jpg",20,0,0,0,0,0,54,0,0,0,1,4,1,0,19,0,0,0,0
"2_1","2","1","2022_9_29_11-41-39_128.jpg",5,11,0,7,0,0,2,4,0,0,0,0,62,0,9,0,0,0,0
"2_1","2","1","2022_9_29_11-41-39_424.jpg",11,35,1,0,0,0,6,0,0,0,1,0,41,0,5,0,0,0,0
"2_1","2","1","2022_9_29_11-41-39_392.jpg",12,44,1,15,0,0,2,0,0,0,1,0,23,0,2,0,0,0,0
"2_1","2","1","2022_9_29_11-41-39_32.jpg",35,4,5,8,0,0,20,1,0,0,0,2,10,0,15,0,0,0,0
"2_1","2","1","2022_9_29_11-41-39_136.jpg",16,14,13,3,0,0,10,2,0,0,0,2,15,0,23,0,0,0,1
"2_1","2","1","2022_9_29_11-41-39_56.jpg",16,0,0,0,0,0,48,0,0,0,0,0,16,0,19,0,0,0,0
"2_1","2","1","2022_9_29_11-41-39_416.jpg",7,24,1,2,0,0,4,0,0,0,0,0,59,0,1,0,0,0,0
"2_1","2","1","2022_9_29_11-41-39_80.jpg",12,8,3,12,0,0,11,0,0,0,0,0,29,0,15,0,0,0,0
"2_1","2","1","2022_9_29_11-41-39_336.jpg",6,11,3,2,0,0,7,2,0,0,1,0,67,0,0,0,0,1,0
"2_1","2","1","2022_9_29_11-41-39_464.jpg",0,20,3,2,1,0,2,1,0,0,0,0,57,0,14,0,0,0,0
"2_1","2","1","2022_9_29_11-41-39_16.jpg",11,11,5,9,6,0,18,0,0,0,9,3,13,0,14,1,0,0,0
"2_1","2","1","2022_9_29_11-41-39_256.jpg",17,20,0,3,0,0,32,0,0,0,0,0,26,0,0,0,0,0,2
"2_1","2","1","2022_9_29_11-41-39_200.jpg",40,11,2,7,0,0,9,2,0,0,0,3,6,0,19,0,0,0,0
"2_1","2","1","2022_9_29_11-41-39_72.jpg",26,2,0,3,0,0,25,0,0,0,0,1,21,0,22,0,0,0,0
"2_1","2","1","2022_9_29_11-41-39_8.jpg",11,13,14,10,3,0,13,0,0,0,1,1,22,0,4,0,0,0,0
"2_1","2","1","2022_9_29_11-41-39_304.jpg",14,46,0,2,1,0,9,2,0,0,0,0,0,0,11,0,0,0,1
"2_2","2","2","2022_9_29_11-59-23_224.jpg",0,0,4,0,18,0,0,2,0,0,0,0,46,0,14,12,0,0,4
"2_2","2","2","2022_9_29_11-59-23_16.jpg",0,4,8,2,38,0,0,0,0,0,0,0,46,0,2,0,0,0,0
"2_2","2","2","2022_9_29_11-59-23_40.jpg",0,0,10,0,48,0,2,0,0,0,0,0,34,0,0,0,0,2,4
"2_2","2","2","2022_9_29_11-59-23_416.jpg",2,2,8,6,6,0,2,0,0,0,0,0,68,0,4,2,0,0,0
"2_2","2","2","2022_9_29_11-59-23_304.jpg",0,0,2,0,30,0,2,0,0,0,0,0,40,0,2,4,0,0,2
"2_2","2","2","2022_9_29_11-59-23_176.jpg",6,0,0,0,8,0,6,0,0,0,8,0,42,0,28,0,0,0,0
"2_2","2","2","2022_9_29_11-59-23_280.jpg",0,0,2,0,6,0,0,0,0,0,8,0,82,0,2,0,0,0,0
"2_2","2","2","2022_9_29_11-59-23_152.jpg",2,0,0,0,24,0,0,2,0,0,0,0,20,0,50,2,0,0,0
"2_2","2","2","2022_9_29_11-59-23_208.jpg",8,0,2,0,16,0,4,4,0,0,0,0,40,0,18,8,0,0,0
"2_2","2","2","2022_9_29_11-59-23_80.jpg",0,0,0,0,50,0,0,0,0,0,0,0,40,0,2,0,0,0,0
"2_2","2","2","2022_9_29_11-59-23_128.jpg",4,0,0,0,6,4,4,0,0,0,6,0,50,0,24,2,0,0,0
"2_2","2","2","2022_9_29_11-59-23_368.jpg",0,0,0,0,10,0,22,0,0,0,0,0,66,0,0,0,0,0,0
"2_2","2","2","2022_9_29_11-59-23_72.jpg",0,0,2,0,72,0,4,4,0,0,0,0,0,0,8,0,0,0,2
"2_2","2","2","2022_9_29_11-59-23_288.jpg",0,0,0,0,20,0,0,0,0,0,8,0,26,0,32,12,0,0,2
"2_2","2","2","2022_9_29_11-59-23_112.jpg",0,0,6,0,30,0,2,2,0,0,0,0,40,0,14,6,0,0,0
"2_2","2","2","2022_9_29_11-59-23_136.jpg",0,0,0,0,6,0,2,0,0,0,6,2,54,0,24,6,0,0,0
"2_2","2","2","2022_9_29_11-59-23_184.jpg",8,2,2,0,10,0,2,6,0,0,0,0,36,0,34,0,0,0,0
"2_2","2","2","2022_9_29_11-59-23_352.jpg",10,4,2,0,6,0,8,0,0,0,0,0,24,0,44,0,0,0,0
"2_2","2","2","2022_9_29_11-59-23_376.jpg",0,4,0,2,24,0,16,0,0,0,0,0,40,0,0,0,0,0,0
"2_2","2","2","2022_9_29_11-59-23_192.jpg",4,0,0,0,0,0,6,34,0,0,0,0,14,0,34,8,0,0,0
"2_2","2","2","2022_9_29_11-59-23_56.jpg",0,0,12,0,34,0,0,4,0,0,0,0,36,0,6,0,0,0,0
"2_2","2","2","2022_9_29_11-59-23_256.jpg",4,4,4,0,26,0,4,4,0,0,0,0,36,0,16,0,0,0,0
"2_2","2","2","2022_9_29_11-59-23_96.jpg",0,4,0,0,10,0,0,16,0,0,0,0,28,0,38,0,0,0,2
"2_2","2","2","2022_9_29_11-59-23_264.jpg",0,0,0,0,22,0,0,0,0,0,0,0,66,0,4,6,0,0,2
"2_2","2","2","2022_9_29_11-59-23_144.jpg",6,8,0,0,20,0,0,14,0,0,0,0,18,0,30,0,0,0,0
"2_2","2","2","2022_9_29_11-59-23_200.jpg",8,0,0,0,8,0,0,6,0,0,0,0,46,0,32,0,0,0,0
"2_2","2","2","2022_9_29_11-59-23_64.jpg",2,0,0,0,34,0,2,16,0,0,0,0,34,0,10,0,0,2,0
"2_2","2","2","2022_9_29_11-59-23_408.jpg",0,0,10,4,2,0,32,0,0,0,0,0,32,0,0,0,0,0,0
"2_2","2","2","2022_9_29_11-59-23_328.jpg",6,16,6,4,14,0,10,0,0,0,0,0,34,0,2,2,0,0,2
"2_2","2","2","2022_9_29_11-59-23_384.jpg",0,0,10,4,20,0,10,0,0,0,0,0,46,0,4,0,0,0,0
"2_2","2","2","2022_9_29_11-59-23_0.jpg",4,4,0,0,28,0,0,4,0,0,0,0,50,0,8,0,0,0,2
"2_2","2","2","2022_9_29_11-59-23_240.jpg",0,0,2,0,2,0,0,0,0,0,0,0,78,0,4,12,0,0,2
"2_2","2","2","2022_9_29_11-59-23_272.jpg",0,0,0,0,38,0,6,2,0,0,10,0,28,0,8,8,0,0,0
"2_2","2","2","2022_9_29_11-59-23_160.jpg",0,0,0,0,4,0,0,24,0,0,0,0,52,0,16,4,0,0,0
"2_2","2","2","2022_9_29_11-59-23_32.jpg",0,0,6,0,36,0,0,0,0,0,0,0,42,0,0,0,0,0,0
"2_2","2","2","2022_9_29_11-59-23_120.jpg",0,0,2,0,16,0,0,2,0,0,4,0,54,0,12,8,0,2,0
"2_2","2","2","2022_9_29_11-59-23_168.jpg",0,0,0,0,4,0,0,34,0,0,0,0,14,0,46,2,0,0,0
"2_2","2","2","2022_9_29_11-59-23_400.jpg",0,0,0,0,50,0,14,0,0,0,0,0,16,0,14,0,0,0,0
"2_2","2","2","2022_9_29_11-59-23_392.jpg",2,4,10,12,20,0,10,0,0,0,0,0,42,0,0,0,0,0,0
"2_2","2","2","2022_9_29_11-59-23_88.jpg",0,0,0,0,30,0,2,38,0,0,0,0,14,0,6,0,0,0,4
"2_2","2","2","2022_9_29_11-59-23_320.jpg",4,2,6,4,18,0,4,0,0,0,0,0,42,0,6,2,0,0,4
"2_2","2","2","2022_9_29_11-59-23_232.jpg",0,0,10,0,4,0,0,0,0,0,0,2,80,0,0,2,0,0,2
"2_2","2","2","2022_9_29_11-59-23_360.jpg",0,0,2,0,12,0,8,24,0,0,0,0,52,0,0,0,0,0,2
"2_2","2","2","2022_9_29_11-59-23_432.jpg",0,0,4,0,6,0,14,0,0,0,0,0,66,0,4,0,0,0,0
"2_2","2","2","2022_9_29_11-59-23_336.jpg",10,16,2,4,36,0,8,0,0,0,0,0,20,0,2,0,0,0,0
"2_2","2","2","2022_9_29_11-59-23_24.jpg",8,2,0,0,28,0,0,0,0,0,0,0,62,0,0,0,0,0,0
"2_2","2","2","2022_9_29_11-59-23_344.jpg",8,4,4,8,10,0,10,0,0,0,0,0,52,0,0,2,0,0,0
"2_2","2","2","2022_9_29_11-59-23_424.jpg",0,0,4,0,24,0,12,0,0,0,0,0,58,0,2,0,0,0,0
"2_2","2","2","2022_9_29_11-59-23_312.jpg",2,0,0,0,60,0,0,0,0,0,0,0,12,0,22,2,0,0,0
"2_2","2","2","2022_9_29_11-59-23_104.jpg",0,0,2,0,32,0,0,2,0,0,24,0,32,0,8,0,0,0,0
"3_1","3","1","2022_9_29_10-12-09_176.jpg",0,0,3,0,21,0,33,0,0,0,3,0,29,0,5,4,0,0,0
"3_1","3","1","2022_9_29_10-12-09_48.jpg",1,0,1,0,24,0,5,0,0,0,9,0,50,0,8,0,0,0,0
"3_1","3","1","2022_9_29_10-12-09_504.jpg",1,0,9,2,7,0,8,0,0,0,15,11,21,0,10,8,0,0,0
"3_1","3","1","2022_9_29_10-12-09_664.jpg",0,0,0,0,15,0,83,0,0,0,1,0,0,0,1,0,0,0,0
"3_1","3","1","2022_9_29_10-12-09_136.jpg",0,0,0,0,20,0,4,0,0,0,0,0,72,0,2,2,0,0,0
"3_1","3","1","2022_9_29_10-12-09_304.jpg",0,1,3,0,26,0,20,21,0,0,0,2,14,0,6,1,0,0,0
"3_1","3","1","2022_9_29_10-12-09_456.jpg",5,2,3,1,5,0,50,0,0,0,0,9,0,0,25,0,0,0,0
"3_1","3","1","2022_9_29_10-12-09_8.jpg",0,5,6,0,8,0,5,3,0,0,4,0,65,0,4,0,0,0,0
"3_1","3","1","2022_9_29_10-12-09_744.jpg",0,0,0,0,55,0,10,0,0,0,0,0,26,0,5,0,0,0,0
"3_1","3","1","2022_9_29_10-12-09_168.jpg",0,0,13,0,15,0,18,0,0,0,0,0,33,0,2,11,0,0,0
"3_1","3","1","2022_9_29_10-12-09_680.jpg",0,0,5,0,31,0,17,0,0,0,0,0,41,0,5,0,0,0,0
"3_1","3","1","2022_9_29_10-12-09_224.jpg",0,1,13,0,20,0,47,0,0,0,0,0,0,0,12,7,0,0,0
"3_1","3","1","2022_9_29_10-12-09_80.jpg",0,0,1,0,49,0,3,0,0,0,0,0,36,0,8,3,0,0,0
"3_1","3","1","2022_9_29_10-12-09_472.jpg",0,5,0,0,28,0,10,3,0,0,11,11,6,0,17,8,0,0,0
"3_1","3","1","2022_9_29_10-12-09_120.jpg",0,0,14,0,5,0,25,6,0,0,0,0,32,0,12,3,0,0,0
"3_1","3","1","2022_9_29_10-12-09_152.jpg",0,0,18,0,10,0,34,0,0,0,0,0,10,0,22,5,0,0,1
"3_1","3","1","2022_9_29_10-12-09_448.jpg",3,0,3,0,2,0,42,1,0,0,0,21,0,0,25,1,0,0,1
"3_1","3","1","2022_9_29_10-12-09_592.jpg",8,15,0,0,14,0,14,0,0,0,21,1,1,0,9,6,0,0,0
"3_1","3","1","2022_9_29_10-12-09_88.jpg",0,0,0,0,34,0,22,0,0,0,0,0,33,0,9,0,0,0,2
"3_1","3","1","2022_9_29_10-12-09_408.jpg",0,0,4,0,0,0,9,0,0,0,0,69,0,0,18,0,0,0,0
"3_1","3","1","2022_9_29_10-12-09_376.jpg",0,0,0,0,6,0,0,0,0,0,3,60,7,0,23,0,0,0,1
"3_1","3","1","2022_9_29_10-12-09_624.jpg",0,0,10,0,20,0,16,0,1,0,7,1,9,0,13,6,0,0,0
"3_1","3","1","2022_9_29_10-12-09_304.jpg",0,1,3,0,26,0,20,21,0,0,0,2,14,0,6,1,0,0,0
"3_1","3","1","2022_9_29_10-12-09_296.jpg",0,1,0,1,23,1,20,7,0,0,5,2,18,0,0,6,0,0,0
"3_1","3","1","2022_9_29_10-12-09_488.jpg",0,0,0,0,15,0,18,0,0,4,0,19,3,0,27,1,0,0,0
"3_1","3","1","2022_9_29_10-12-09_616.jpg",0,8,0,0,20,0,18,0,2,0,4,0,19,0,10,3,0,0,0
"3_1","3","1","2022_9_29_10-12-09_440.jpg",0,0,0,0,8,0,39,0,0,6,0,40,0,0,7,0,0,0,0
"3_1","3","1","2022_9_29_10-12-09_608.jpg",7,6,0,0,20,0,20,3,0,0,4,1,8,0,13,8,0,0,0
"3_1","3","1","2022_9_29_10-12-09_352.jpg",0,0,0,0,5,0,4,0,0,0,0,6,48,0,29,7,0,0,0
"3_1","3","1","2022_9_29_10-12-09_528.jpg",1,0,0,0,8,0,3,0,0,0,1,0,69,0,0,16,0,0,0
"3_1","3","1","2022_9_29_10-12-09_720.jpg",0,0,0,0,52,0,43,0,0,0,0,0,0,0,4,0,0,0,1
"3_1","3","1","2022_9_29_10-12-09_424.jpg",0,0,0,0,0,0,3,0,0,0,0,89,0,0,7,0,0,0,0
"3_1","3","1","2022_9_29_10-12-09_328.jpg",0,0,0,0,27,0,22,3,0,0,8,2,12,0,14,8,0,0,0
"3_1","3","1","2022_9_29_10-12-09_240.jpg",0,0,0,0,53,0,12,0,0,0,0,1,0,0,21,10,0,0,0
"3_1","3","1","2022_9_29_10-12-09_568.jpg",5,1,2,1,31,0,17,0,0,0,0,0,29,0,2,5,0,0,0
"3_1","3","1","2022_9_29_10-12-09_272.jpg",0,0,0,0,21,0,24,0,0,0,0,2,0,0,0,8,0,0,0
"3_1","3","1","2022_9_29_10-12-09_584.jpg",2,0,0,0,24,0,15,2,0,0,1,0,26,0,7,23,0,0,0
"3_1","3","1","2022_9_29_10-12-09_416.jpg",0,0,1,0,0,0,4,0,0,0,0,88,0,0,6,0,0,0,0
"3_1","3","1","2022_9_29_10-12-09_480.jpg",0,0,0,0,28,0,15,0,0,0,13,1,15,0,11,8,0,0,0
"3_1","3","1","2022_9_29_10-12-09_96.jpg",1,0,9,0,12,0,7,1,0,0,2,0,48,0,11,3,0,0,0
"3_1","3","1","2022_9_29_10-12-09_640.jpg",0,0,1,0,34,0,17,0,0,0,0,0,37,0,5,0,2,0,0
"3_1","3","1","2022_9_29_10-12-09_200.jpg",0,0,6,0,20,0,19,2,0,0,15,0,3,0,15,14,0,2,2
"3_1","3","1","2022_9_29_10-12-09_216.jpg",2,0,7,1,21,0,10,0,0,0,0,0,51,0,1,7,0,0,0
"3_1","3","1","2022_9_29_10-12-09_736.jpg",0,0,7,0,39,0,17,0,0,0,0,1,26,0,4,0,0,0,0
"3_1","3","1","2022_9_29_10-12-09_360.jpg",0,0,1,0,9,0,1,0,0,0,2,25,34,0,17,8,0,0,0
"3_1","3","1","2022_9_29_10-12-09_712.jpg",0,0,0,1,54,1,29,0,0,0,8,0,0,0,3,0,0,0,0
"3_1","3","1","2022_9_29_10-12-09_384.jpg",5,0,0,0,0,0,3,0,0,0,0,68,1,0,19,3,0,0,1
"3_1","3","1","2022_9_29_10-12-09_128.jpg",0,0,5,0,27,0,13,0,0,0,0,0,38,0,8,7,0,0,0
"3_1","3","1","2022_9_29_10-12-09_280.jpg",0,0,0,0,65,0,17,4,0,0,0,0,0,0,5,9,0,0,0
"3_1","3","1","2022_9_29_10-12-09_256.jpg",0,0,0,0,16,0,10,0,0,0,14,0,49,0,2,2,1,1,0
"3_2","3","2","2022_9_29_10-35-25_472.jpg",0,0,4,0,12,0,6,0,0,0,20,0,40,0,12,0,0,0,0
"3_2","3","2","2022_9_29_10-35-25_168.jpg",0,0,0,0,26,0,0,8,0,0,8,4,40,0,4,2,0,0,2
"3_2","3","2","2022_9_29_10-35-25_352.jpg",0,18,0,0,20,0,4,0,0,0,0,0,40,0,12,0,0,0,0
"3_2","3","2","2022_9_29_10-35-25_360.jpg",2,8,4,0,14,0,2,0,0,0,0,0,46,0,8,4,0,0,2
"3_2","3","2","2022_9_29_10-35-25_440.jpg",0,0,4,0,10,0,12,0,0,0,0,4,52,0,4,0,0,0,0
"3_2","3","2","2022_9_29_10-35-25_16.jpg",10,14,0,10,0,0,6,0,0,0,0,0,52,0,6,0,0,0,0
"3_2","3","2","2022_9_29_10-35-25_304.jpg",0,2,4,12,4,0,20,0,0,0,0,0,52,0,0,0,0,0,0
"3_2","3","2","2022_9_29_10-35-25_24.jpg",30,4,2,2,8,0,0,0,0,0,0,2,18,0,32,0,0,0,0
"3_2","3","2","2022_9_29_10-35-25_232.jpg",0,0,8,0,12,0,14,0,0,0,0,0,46,0,0,4,0,0,0
"3_2","3","2","2022_9_29_10-35-25_144.jpg",2,0,0,0,22,0,0,0,0,0,0,0,74,0,2,0,0,0,0
"3_2","3","2","2022_9_29_10-35-25_32.jpg",22,8,8,4,12,0,0,0,0,0,0,0,10,0,34,0,0,0,0
"3_2","3","2","2022_9_29_10-35-25_272.jpg",2,20,12,2,0,0,4,0,0,0,8,2,26,0,10,0,0,0,0
"3_2","3","2","2022_9_29_10-35-25_192.jpg",4,0,4,0,40,0,2,0,0,0,0,0,42,0,0,8,0,0,0
"3_2","3","2","2022_9_29_10-35-25_208.jpg",0,0,8,0,40,0,12,0,0,0,0,0,18,0,16,0,0,0,2
"3_2","3","2","2022_9_29_10-35-25_456.jpg",0,0,8,0,18,0,4,0,0,0,12,0,28,0,12,2,0,0,0
"3_2","3","2","2022_9_29_10-35-25_96.jpg",0,0,0,0,22,0,0,0,0,0,10,0,62,0,0,0,0,0,0
"3_2","3","2","2022_9_29_10-35-25_328.jpg",4,0,2,0,16,0,6,0,0,0,12,0,46,0,2,0,0,0,0
"3_2","3","2","2022_9_29_10-35-25_432.jpg",0,0,0,0,18,0,2,0,0,0,0,0,70,0,2,0,0,0,0
"3_2","3","2","2022_9_29_10-35-25_56.jpg",8,0,0,0,60,0,0,0,0,0,0,0,18,0,8,0,0,0,6
"3_2","3","2","2022_9_29_10-35-25_152.jpg",0,0,0,0,10,0,0,6,0,0,0,0,78,0,2,4,0,0,0
"3_2","3","2","2022_9_29_10-35-25_392.jpg",0,0,8,8,34,0,2,0,0,0,4,0,36,0,4,0,0,0,0
"3_2","3","2","2022_9_29_10-35-25_120.jpg",6,10,0,0,2,0,0,0,0,0,0,0,80,0,2,0,0,0,0
"3_2","3","2","2022_9_29_10-35-25_8.jpg",14,16,0,24,0,0,8,0,0,0,0,0,34,0,4,0,0,0,0
"3_2","3","2","2022_9_29_10-35-25_104.jpg",0,0,0,0,24,0,4,0,0,0,0,0,58,0,0,0,0,0,4
"3_2","3","2","2022_9_29_10-35-25_464.jpg",0,0,2,0,32,0,0,2,0,0,2,0,50,0,2,0,0,0,0
"3_2","3","2","2022_9_29_10-35-25_480.jpg",0,2,0,0,32,0,4,0,0,0,0,2,28,0,30,0,0,0,0
"3_2","3","2","2022_9_29_10-35-25_256.jpg",0,0,2,0,10,0,36,0,0,0,0,0,40,0,2,0,0,0,0
"3_2","3","2","2022_9_29_10-35-25_280.jpg",0,4,2,4,10,0,20,0,0,0,0,0,52,0,4,0,0,0,0
"3_2","3","2","2022_9_29_10-35-25_0.jpg",32,8,0,14,4,0,4,0,0,0,0,0,36,0,2,0,0,0,0
"3_2","3","2","2022_9_29_10-35-25_264.jpg",0,10,10,4,10,0,20,0,0,0,0,4,36,0,2,0,0,0,0
"3_2","3","2","2022_9_29_10-35-25_224.jpg",0,0,0,0,32,0,12,0,0,0,0,0,44,0,0,10,0,0,0
"3_2","3","2","2022_9_29_10-35-25_136.jpg",14,0,10,0,40,0,4,0,0,0,0,0,30,0,2,0,0,0,0
"3_2","3","2","2022_9_29_10-35-25_216.jpg",0,0,2,0,14,0,22,0,0,0,0,0,46,0,4,0,0,8,0
"3_2","3","2","2022_9_29_10-35-25_416.jpg",0,0,0,0,62,0,8,0,0,0,0,0,30,0,0,0,0,0,0
"3_2","3","2","2022_9_29_10-35-25_88.jpg",4,0,0,0,6,0,0,0,0,0,0,0,90,0,0,0,0,0,0
"3_2","3","2","2022_9_29_10-35-25_400.jpg",2,6,8,0,28,0,2,0,0,0,0,0,36,0,16,0,0,0,0
"3_2","3","2","2022_9_29_10-35-25_376.jpg",4,18,4,12,30,0,2,0,0,0,2,2,8,0,16,0,0,0,0
"3_2","3","2","2022_9_29_10-35-25_128.jpg",22,16,2,0,8,0,4,0,0,0,0,0,44,0,4,0,0,0,0
"3_2","3","2","2022_9_29_10-35-25_184.jpg",0,0,0,0,24,0,0,0,0,0,0,0,38,0,38,0,0,0,0
"3_2","3","2","2022_9_29_10-35-25_368.jpg",10,34,2,6,12,0,0,0,0,0,6,0,14,0,16,0,0,0,0
"3_2","3","2","2022_9_29_10-35-25_112.jpg",0,0,0,0,10,0,2,0,0,0,0,0,84,0,4,0,0,0,0
"3_2","3","2","2022_9_29_10-35-25_176.jpg",0,0,0,0,30,0,0,0,0,0,0,0,38,0,16,14,0,0,2
"3_2","3","2","2022_9_29_10-35-25_320.jpg",0,2,4,2,10,0,20,0,0,0,0,0,46,0,4,0,0,0,0
"3_2","3","2","2022_9_29_10-35-25_408.jpg",10,4,0,0,32,0,4,0,0,0,0,0,34,0,12,0,0,0,0
"3_2","3","2","2022_9_29_10-35-25_160.jpg",0,0,0,0,16,0,0,4,0,0,2,0,70,0,6,2,0,0,0
"3_2","3","2","2022_9_29_10-35-25_424.jpg",0,0,2,0,4,0,6,0,0,0,0,0,58,0,2,0,0,0,0
"3_2","3","2","2022_9_29_10-35-25_344.jpg",0,0,6,0,38,0,6,0,0,0,0,0,10,0,14,2,0,0,0
"3_2","3","2","2022_9_29_10-35-25_200.jpg",0,0,0,0,34,0,2,0,0,0,0,0,46,0,10,8,0,0,0
"3_2","3","2","2022_9_29_10-35-25_448.jpg",0,4,0,0,26,0,4,0,0,0,6,2,34,0,0,0,0,0,0
"3_2","3","2","2022_9_29_10-35-25_296.jpg",8,0,6,12,20,0,20,0,0,0,0,0,18,0,10,0,0,0,0
"4_1","4","1","2022_10_10_09-46-57_304.jpg",2,14,7,34,3,0,20,0,0,0,0,2,7,0,6,1,0,0,0
"4_1","4","1","2022_10_10_09-46-57_48.jpg",15,24,4,4,17,0,8,1,0,0,0,0,6,0,17,0,0,0,0
"4_1","4","1","2022_10_10_09-46-57_472.jpg",14,24,4,0,25,0,9,0,0,0,24,0,0,0,0,0,0,0,0
"4_1","4","1","2022_10_10_09-46-57_144.jpg",8,23,4,20,0,0,12,0,0,0,0,1,18,0,10,0,0,0,0
"4_1","4","1","2022_10_10_09-46-57_8.jpg",8,14,8,13,13,0,1,0,0,0,0,0,42,0,1,0,0,0,0
"4_1","4","1","2022_10_10_09-46-57_96.jpg",10,31,2,15,4,0,13,0,0,0,0,0,18,0,3,0,0,0,0
"4_1","4","1","2022_10_10_09-46-57_400.jpg",7,59,0,9,0,0,2,0,0,0,1,3,1,0,18,0,0,0,0
"4_1","4","1","2022_10_10_09-46-57_432.jpg",12,23,0,0,9,0,1,0,0,0,0,1,51,0,0,0,0,0,0
"4_1","4","1","2022_10_10_09-46-57_288.jpg",3,18,8,17,0,0,8,0,0,0,0,0,13,0,28,0,0,0,0
"4_1","4","1","2022_10_10_09-46-57_216.jpg",18,38,0,26,0,0,7,0,0,0,6,1,0,0,3,0,0,0,0
"4_1","4","1","2022_10_10_09-46-57_0.jpg",9,7,5,7,9,0,5,0,0,0,1,0,42,0,3,0,0,0,0
"4_1","4","1","2022_10_10_09-46-57_320.jpg",22,20,0,0,3,0,0,0,0,0,0,3,50,0,0,0,0,0,0
"4_1","4","1","2022_10_10_09-46-57_72.jpg",12,10,13,22,12,0,8,0,0,0,0,0,0,0,23,0,0,0,0
"4_1","4","1","2022_10_10_09-46-57_120.jpg",7,21,0,4,2,0,6,0,0,0,0,0,54,0,5,0,0,0,0
"4_1","4","1","2022_10_10_09-46-57_184.jpg",33,25,5,12,1,0,11,0,0,0,2,3,0,0,8,0,0,0,0
"4_1","4","1","2022_10_10_09-46-57_456.jpg",36,51,0,2,0,0,6,0,0,0,4,0,0,0,1,0,0,0,0
"4_1","4","1","2022_10_10_09-46-57_152.jpg",8,19,2,34,0,0,22,0,0,0,0,4,0,0,9,0,0,0,0
"4_1","4","1","2022_10_10_09-46-57_352.jpg",3,0,3,0,2,0,8,0,0,0,0,0,78,0,5,0,0,0,0
"4_1","4","1","2022_10_10_09-46-57_88.jpg",12,26,4,26,0,0,8,0,0,0,0,0,20,0,2,0,0,0,0
"4_1","4","1","2022_10_10_09-46-57_64.jpg",21,3,2,8,0,0,12,1,0,0,0,0,35,0,12,1,0,0,0
"4_1","4","1","2022_10_10_09-46-57_200.jpg",15,17,0,33,0,0,2,0,0,0,0,1,26,0,1,0,0,0,0
"4_1","4","1","2022_10_10_09-46-57_32.jpg",6,17,2,13,0,0,7,0,0,0,0,0,41,0,14,0,0,0,0
"4_1","4","1","2022_10_10_09-46-57_128.jpg",4,22,0,1,0,0,64,0,0,0,4,2,0,0,3,0,0,0,0
"4_1","4","1","2022_10_10_09-46-57_40.jpg",9,16,2,26,0,0,7,0,0,0,0,2,33,0,4,0,0,0,0
"4_1","4","1","2022_10_10_09-46-57_328.jpg",9,22,4,3,0,0,9,0,0,0,0,1,42,0,2,0,0,0,0
"4_1","4","1","2022_10_10_09-46-57_104.jpg",7,16,3,6,0,0,6,0,0,0,0,1,56,0,5,0,0,0,0
"4_1","4","1","2022_10_10_09-46-57_384.jpg",26,17,0,0,0,0,0,1,0,0,1,3,45,0,7,0,0,0,0
"4_1","4","1","2022_10_10_09-46-57_280.jpg",2,13,10,11,26,0,4,0,0,0,0,0,20,0,14,0,0,0,0
"4_1","4","1","2022_10_10_09-46-57_176.jpg",10,34,5,36,0,0,12,0,0,0,1,0,0,0,1,1,0,0,0
"4_1","4","1","2022_10_10_09-46-57_80.jpg",10,11,1,35,5,0,8,0,0,0,0,0,11,0,18,1,0,0,0
"4_1","4","1","2022_10_10_09-46-57_16.jpg",0,10,2,28,2,0,5,2,0,0,0,0,47,0,4,0,0,0,0
"4_1","4","1","2022_10_10_09-46-57_464.jpg",2,9,0,0,0,0,28,0,0,0,0,0,61,0,0,0,0,0,0
"4_1","4","1","2022_10_10_09-46-57_376.jpg",14,15,2,0,0,0,7,0,0,0,0,0,60,0,2,0,0,0,0
"4_1","4","1","2022_10_10_09-46-57_56.jpg",10,5,0,6,13,0,7,0,0,0,0,0,53,0,6,0,0,0,0
"4_1","4","1","2022_10_10_09-46-57_112.jpg",10,26,0,6,4,0,4,0,0,0,0,0,39,0,5,0,0,0,0
"4_1","4","1","2022_10_10_09-46-57_496.jpg",12,26,1,5,0,0,5,0,0,0,6,0,42,0,3,0,0,0,0
"4_1","4","1","2022_10_10_09-46-57_416.jpg",14,16,0,0,0,0,0,0,0,0,1,0,69,0,0,0,0,0,0
"4_1","4","1","2022_10_10_09-46-57_232.jpg",9,31,0,1,0,0,2,0,0,0,0,0,46,0,1,0,0,0,0
"4_1","4","1","2022_10_10_09-46-57_160.jpg",1,41,0,8,0,0,50,0,0,0,0,0,0,0,0,0,0,0,0
"4_1","4","1","2022_10_10_09-46-57_480.jpg",4,30,0,0,0,0,21,0,0,0,1,0,44,0,0,0,0,0,0
"4_1","4","1","2022_10_10_09-46-57_392.jpg",2,16,0,0,0,0,29,0,0,0,0,0,53,0,0,0,0,0,0
"4_1","4","1","2022_10_10_09-46-57_240.jpg",10,40,0,1,0,0,7,0,0,0,0,1,30,0,4,0,0,0,0
"4_1","4","1","2022_10_10_09-46-57_448.jpg",11,19,0,1,0,0,22,0,0,0,2,0,45,0,0,0,0,0,0
"4_1","4","1","2022_10_10_09-46-57_192.jpg",26,36,6,15,0,0,3,1,0,0,0,2,0,0,3,0,0,0,2
"4_1","4","1","2022_10_10_09-46-57_24.jpg",15,45,0,6,7,0,9,0,0,0,0,0,13,0,3,0,0,0,0
"4_1","4","1","2022_10_10_09-46-57_360.jpg",15,4,7,1,18,0,8,0,0,0,0,2,42,0,1,0,0,1,1
"4_1","4","1","2022_10_10_09-46-57_256.jpg",16,27,1,25,0,0,5,0,0,0,0,8,10,0,7,0,0,0,0
"4_1","4","1","2022_10_10_09-46-57_424.jpg",8,18,2,1,13,0,12,0,0,0,0,1,36,0,6,0,0,1,2
"4_1","4","1","2022_10_10_09-46-57_488.jpg",9,30,0,0,0,0,8,0,0,0,0,0,53,0,0,0,0,0,0
"4_1","4","1","2022_10_10_09-46-57_248.jpg",3,8,0,0,0,0,40,0,0,0,0,4,45,0,0,0,0,0,0
"4_2","4","2","2022_10_10_10-10-25_64.jpg",8,4,2,0,0,0,2,0,0,0,4,0,80,0,0,0,0,0,0
"4_2","4","2","2022_10_10_10-10-25_480.jpg",0,0,0,0,20,0,2,8,0,0,4,0,64,0,0,0,0,0,2
"4_2","4","2","2022_10_10_10-10-25_408.jpg",2,6,18,6,16,0,2,2,0,0,6,0,28,0,12,2,0,0,0
"4_2","4","2","2022_10_10_10-10-25_208.jpg",6,0,0,0,2,0,6,0,0,0,0,0,76,0,10,0,0,0,0
"4_2","4","2","2022_10_10_10-10-25_40.jpg",6,24,4,10,2,0,0,2,0,0,0,0,52,0,0,0,0,0,0
"4_2","4","2","2022_10_10_10-10-25_496.jpg",6,8,6,0,10,0,2,20,0,0,2,0,20,0,24,0,0,0,0
"4_2","4","2","2022_10_10_10-10-25_88.jpg",4,8,0,2,10,0,0,2,0,0,0,0,66,0,2,2,0,0,0
"4_2","4","2","2022_10_10_10-10-25_168.jpg",2,18,4,0,34,0,2,4,0,0,0,0,12,0,12,4,0,0,0
"4_2","4","2","2022_10_10_10-10-25_456.jpg",0,0,0,0,4,0,0,2,0,0,0,0,88,0,0,0,0,0,4
"4_2","4","2","2022_10_10_10-10-25_32.jpg",4,28,8,8,0,0,2,0,0,0,0,0,48,0,0,2,0,0,0
"4_2","4","2","2022_10_10_10-10-25_256.jpg",0,0,0,0,24,0,4,0,0,0,0,0,64,0,0,2,0,0,2
"4_2","4","2","2022_10_10_10-10-25_80.jpg",0,10,0,0,12,0,0,0,0,0,2,0,72,0,4,0,0,0,0
"4_2","4","2","2022_10_10_10-10-25_0.jpg",18,10,0,12,0,0,10,0,0,0,0,0,28,0,6,0,0,0,0
"4_2","4","2","2022_10_10_10-10-25_16.jpg",4,16,0,8,0,0,4,0,0,0,2,0,48,0,14,0,0,0,0
"4_2","4","2","2022_10_10_10-10-25_424.jpg",6,8,0,2,18,0,2,6,0,0,12,0,14,0,24,2,0,0,4
"4_2","4","2","2022_10_10_10-10-25_136.jpg",4,10,0,4,2,0,0,0,0,0,0,0,76,0,4,0,0,0,0
"4_2","4","2","2022_10_10_10-10-25_288.jpg",8,2,0,0,6,0,20,0,0,0,2,2,48,0,4,0,0,0,0
"4_2","4","2","2022_10_10_10-10-25_392.jpg",2,24,0,2,10,0,0,2,0,0,2,0,48,0,8,2,0,0,0
"4_2","4","2","2022_10_10_10-10-25_448.jpg",0,6,0,6,24,0,0,8,0,0,4,4,36,0,6,6,0,0,0
"4_2","4","2","2022_10_10_10-10-25_504.jpg",4,0,2,0,26,0,2,6,0,0,0,0,28,0,26,0,0,0,0
"4_2","4","2","2022_10_10_10-10-25_376.jpg",6,8,0,0,6,0,4,2,0,0,6,0,66,0,2,0,0,0,0
"4_2","4","2","2022_10_10_10-10-25_320.jpg",0,0,0,0,44,0,2,0,0,0,0,2,46,0,0,0,0,0,2
"4_2","4","2","2022_10_10_10-10-25_144.jpg",2,0,0,0,34,0,6,0,0,0,0,0,46,0,6,4,0,0,2
"4_2","4","2","2022_10_10_10-10-25_336.jpg",0,0,0,0,32,0,0,0,0,0,2,0,42,0,12,0,0,0,0
"4_2","4","2","2022_10_10_10-10-25_232.jpg",2,0,12,0,18,0,6,0,0,0,0,2,54,0,6,0,0,0,0
"4_2","4","2","2022_10_10_10-10-25_104.jpg",4,0,0,0,38,0,0,0,0,0,0,0,52,0,6,0,0,0,0
"4_2","4","2","2022_10_10_10-10-25_48.jpg",12,12,4,8,4,0,0,0,0,0,4,0,52,0,4,0,0,0,0
"4_2","4","2","2022_10_10_10-10-25_248.jpg",0,0,10,0,22,0,0,0,0,0,6,0,48,0,4,0,0,2,0
"4_2","4","2","2022_10_10_10-10-25_440.jpg",4,4,2,2,18,0,0,14,0,0,0,4,36,0,16,0,0,0,0
"4_2","4","2","2022_10_10_10-10-25_264.jpg",0,0,4,0,4,0,8,0,0,0,0,0,58,0,4,0,0,0,0
"4_2","4","2","2022_10_10_10-10-25_416.jpg",0,0,0,0,22,0,0,22,0,0,0,0,52,0,2,0,0,0,0
"4_2","4","2","2022_10_10_10-10-25_184.jpg",0,0,0,2,0,0,0,0,0,0,0,0,94,0,0,4,0,0,0
"4_2","4","2","2022_10_10_10-10-25_368.jpg",0,0,6,0,24,0,0,12,0,0,0,0,34,0,16,0,0,0,2
"4_2","4","2","2022_10_10_10-10-25_112.jpg",4,0,0,0,36,0,8,2,0,0,0,0,44,0,4,0,0,0,0
"4_2","4","2","2022_10_10_10-10-25_328.jpg",0,0,0,0,36,0,0,0,0,0,0,0,56,0,0,2,0,0,0
"4_2","4","2","2022_10_10_10-10-25_432.jpg",4,8,0,4,4,0,2,8,0,0,0,0,60,0,6,0,0,0,2
"4_2","4","2","2022_10_10_10-10-25_280.jpg",0,2,0,0,64,0,4,0,0,0,4,0,12,0,14,0,0,0,0
"4_2","4","2","2022_10_10_10-10-25_56.jpg",4,6,0,2,20,0,0,0,0,0,12,0,52,0,4,0,0,0,0
"4_2","4","2","2022_10_10_10-10-25_24.jpg",8,34,0,2,0,0,0,0,0,0,0,0,54,0,2,0,0,0,0
"4_2","4","2","2022_10_10_10-10-25_72.jpg",0,0,0,0,8,0,6,4,0,0,4,0,74,0,4,0,0,0,0
"4_2","4","2","2022_10_10_10-10-25_8.jpg",8,22,0,0,0,0,2,0,0,0,0,0,56,0,8,0,0,0,0
"4_2","4","2","2022_10_10_10-10-25_520.jpg",0,0,4,0,22,0,0,4,0,0,12,2,42,0,12,0,0,2,0
"4_2","4","2","2022_10_10_10-10-25_512.jpg",0,0,0,0,6,0,6,12,0,0,4,0,60,0,12,0,0,0,0
"4_2","4","2","2022_10_10_10-10-25_344.jpg",0,0,0,0,38,0,0,2,0,0,14,2,24,0,4,0,0,0,4
"4_2","4","2","2022_10_10_10-10-25_120.jpg",12,26,4,0,16,0,0,2,0,0,0,0,26,0,12,2,0,0,0
"4_2","4","2","2022_10_10_10-10-25_360.jpg",0,0,2,0,22,0,2,0,0,0,8,0,32,0,24,0,0,0,0
"4_2","4","2","2022_10_10_10-10-25_400.jpg",6,10,8,10,24,0,0,0,0,0,8,4,12,0,12,2,0,0,0
"4_2","4","2","2022_10_10_10-10-25_192.jpg",2,0,0,0,4,0,0,0,0,0,10,0,82,0,0,2,0,0,0
"4_2","4","2","2022_10_10_10-10-25_176.jpg",2,8,14,4,32,0,4,10,0,0,2,0,12,0,8,0,0,0,2
"4_2","4","2","2022_10_10_10-10-25_216.jpg",12,6,0,4,12,0,2,0,0,0,0,0,56,0,2,0,2,0,0
"5_1","5","1","2022_9_26_13-11-07_120.jpg",0,0,8,0,6,0,38,1,0,1,0,4,0,0,41,1,0,0,0
"5_1","5","1","2022_9_26_13-11-07_472.jpg",3,6,6,17,1,0,3,0,0,0,15,0,12,0,26,0,1,0,0
"5_1","5","1","2022_9_26_13-11-07_616.jpg",0,0,3,0,12,0,2,0,0,0,0,0,52,0,4,0,0,0,2
"5_1","5","1","2022_9_26_13-11-07_376.jpg",4,2,15,36,3,0,5,6,0,0,14,0,3,0,11,0,0,0,0
"5_1","5","1","2022_9_26_13-11-07_544.jpg",0,0,0,0,1,0,12,2,0,0,3,0,40,0,27,0,0,1,0
"5_1","5","1","2022_9_26_13-11-07_40.jpg",0,11,0,1,0,0,4,0,0,0,69,1,0,0,9,0,3,0,0
"5_1","5","1","2022_9_26_13-11-07_296.jpg",5,4,9,44,0,0,9,2,0,0,0,1,5,0,6,0,0,0,1
"5_1","5","1","2022_9_26_13-11-07_720.jpg",2,1,0,0,4,0,13,0,0,0,7,10,23,0,14,0,0,0,0
"5_1","5","1","2022_9_26_13-11-07_344.jpg",11,1,12,49,0,0,19,0,0,0,0,1,0,0,2,0,0,0,2
"5_1","5","1","2022_9_26_13-11-07_240.jpg",1,2,0,0,4,0,16,2,0,0,7,0,33,0,15,0,0,0,0
"5_1","5","1","2022_9_26_13-11-07_464.jpg",0,4,8,13,3,0,8,1,0,0,37,0,3,0,16,0,0,0,1
"5_1","5","1","2022_9_26_13-11-07_584.jpg",0,0,3,0,13,0,8,0,0,0,32,0,6,0,12,0,0,1,0
"5_1","5","1","2022_9_26_13-11-07_136.jpg",0,0,1,0,0,2,20,6,0,0,23,2,0,0,46,0,0,0,0
"5_1","5","1","2022_9_26_13-11-07_520.jpg",0,3,1,0,0,0,9,2,0,0,42,1,30,0,7,0,0,0,0
"5_1","5","1","2022_9_26_13-11-07_672.jpg",0,8,8,25,0,0,15,0,0,0,0,12,4,0,15,0,0,0,0
"5_1","5","1","2022_9_26_13-11-07_24.jpg",0,27,5,15,6,0,8,0,0,0,6,2,0,0,25,0,0,0,0
"5_1","5","1","2022_9_26_13-11-07_416.jpg",0,0,2,0,11,0,14,2,0,0,21,0,21,0,22,0,0,0,4
"5_1","5","1","2022_9_26_13-11-07_256.jpg",0,11,2,15,0,0,3,0,0,0,1,1,41,0,26,0,0,0,0
"5_1","5","1","2022_9_26_13-11-07_760.jpg",0,0,0,0,19,0,4,9,0,0,2,4,5,0,43,0,0,0,0
"5_1","5","1","2022_9_26_13-11-07_552.jpg",0,1,12,0,3,0,26,4,0,0,0,1,31,0,14,0,0,0,1
"5_1","5","1","2022_9_26_13-11-07_232.jpg",0,0,0,0,0,0,27,0,0,0,13,0,17,0,39,0,0,1,0
"5_1","5","1","2022_9_26_13-11-07_56.jpg",0,0,0,0,0,0,19,0,0,0,79,0,0,0,0,0,2,0,0
"5_1","5","1","2022_9_26_13-11-07_128.jpg",2,6,2,0,0,0,23,4,0,0,25,1,6,0,20,0,0,0,0
"5_1","5","1","2022_9_26_13-11-07_480.jpg",0,2,7,7,0,0,9,4,0,0,2,0,51,0,13,0,0,0,0
"5_1","5","1","2022_9_26_13-11-07_224.jpg",1,0,0,1,8,0,13,10,1,0,15,0,12,0,35,0,0,0,0
"5_1","5","1","2022_9_26_13-11-07_248.jpg",1,11,0,17,0,0,12,0,0,0,8,3,30,0,16,0,0,0,1
"5_1","5","1","2022_9_26_13-11-07_728.jpg",0,0,0,0,13,0,14,11,0,0,1,3,21,0,31,5,0,0,0
"5_1","5","1","2022_9_26_13-11-07_336.jpg",2,1,14,31,0,0,18,0,0,0,2,1,15,0,5,0,0,0,0
"5_1","5","1","2022_9_26_13-11-07_272.jpg",6,10,7,19,1,0,26,0,0,0,13,0,13,0,0,0,0,0,0
"5_1","5","1","2022_9_26_13-11-07_592.jpg",0,0,3,0,4,0,1,0,0,0,10,0,61,0,9,0,1,0,0
"5_1","5","1","2022_9_26_13-11-07_576.jpg",0,0,0,6,4,0,6,0,1,0,20,10,1,0,20,0,2,0,0
"5_1","5","1","2022_9_26_13-11-07_304.jpg",0,0,14,21,0,0,11,0,0,0,7,5,15,0,12,0,0,1,0
"5_1","5","1","2022_9_26_13-11-07_352.jpg",0,8,9,73,0,0,10,0,0,0,0,0,0,0,0,0,0,0,0
"5_1","5","1","2022_9_26_13-11-07_536.jpg",0,0,6,0,0,0,4,0,0,0,6,0,20,0,34,0,0,0,0
"5_1","5","1","2022_9_26_13-11-07_0.jpg",3,20,1,0,0,0,22,0,0,2,48,0,0,0,4,0,0,0,0
"5_1","5","1","2022_9_26_13-11-07_448.jpg",1,6,5,34,11,0,3,0,0,0,36,0,0,0,2,0,0,1,0
"5_1","5","1","2022_9_26_13-11-07_192.jpg",0,1,4,1,0,0,17,3,0,0,3,1,3,0,53,0,8,0,0
"5_1","5","1","2022_9_26_13-11-07_48.jpg",0,13,0,0,0,0,8,0,0,1,50,3,0,0,23,0,1,0,0
"5_1","5","1","2022_9_26_13-11-07_360.jpg",2,0,2,49,0,0,43,0,0,0,1,0,0,0,3,0,0,0,0
"5_1","5","1","2022_9_26_13-11-07_624.jpg",0,0,4,2,6,0,17,0,0,0,0,6,10,0,15,0,0,0,0
"5_1","5","1","2022_9_26_13-11-07_512.jpg",0,4,0,0,0,0,14,3,0,0,34,0,23,0,5,0,0,0,1
"5_1","5","1","2022_9_26_13-11-07_200.jpg",0,1,5,0,3,1,24,1,0,0,17,0,6,0,23,1,1,1,0
"5_1","5","1","2022_9_26_13-11-07_280.jpg",1,14,15,32,0,0,19,0,0,0,0,1,5,0,2,0,0,0,0
"5_1","5","1","2022_9_26_13-11-07_152.jpg",2,7,2,0,0,0,11,0,0,0,9,0,3,0,21,0,0,0,0
"5_1","5","1","2022_9_26_13-11-07_64.jpg",1,20,0,3,0,0,6,0,0,0,53,1,0,0,13,0,2,0,0
"5_1","5","1","2022_9_26_13-11-07_608.jpg",0,0,12,0,0,0,0,0,0,0,0,0,81,0,3,0,0,0,0
"5_1","5","1","2022_9_26_13-11-07_328.jpg",0,3,4,44,0,0,1,0,0,0,20,5,1,0,13,0,0,0,0
"5_1","5","1","2022_9_26_13-11-07_8.jpg",6,44,3,8,0,0,7,0,1,0,14,3,0,0,11,0,3,0,0
"5_1","5","1","2022_9_26_13-11-07_752.jpg",1,2,3,0,5,0,27,10,0,0,8,1,13,0,29,0,0,0,0
"5_1","5","1","2022_9_26_13-11-07_656.jpg",0,6,2,13,7,0,17,6,0,0,0,22,0,0,11,1,0,0,1
"5_2","5","2","2022_9_26_13-33-08_144.jpg",0,24,8,40,0,0,12,0,0,0,0,0,0,0,0,0,0,0,4
"5_2","5","2","2022_9_26_13-33-08_576.jpg",4,12,2,62,0,0,10,0,0,0,0,0,0,0,2,0,0,0,0
"5_2","5","2","2022_9_26_13-33-08_64.jpg",26,49,0,2,0,0,19,0,0,0,0,0,0,0,3,0,0,0,0
"5_2","5","2","2022_9_26_13-33-08_320.jpg",6,8,16,56,0,0,2,0,0,0,0,2,0,0,10,0,0,0,0
"5_2","5","2","2022_9_26_13-33-08_512.jpg",0,4,27,57,0,0,3,0,0,0,0,0,0,0,5,0,0,0,0
"5_2","5","2","2022_9_26_13-33-08_432.jpg",6,10,8,30,4,0,2,4,0,0,16,0,16,0,4,0,0,0,0
"5_2","5","2","2022_9_26_13-33-08_448.jpg",4,2,0,16,0,0,4,6,0,0,0,0,56,0,6,0,0,0,0
"5_2","5","2","2022_9_26_13-33-08_440.jpg",14,10,2,32,0,0,12,0,0,0,2,2,16,0,8,0,0,0,0
"5_2","5","2","2022_9_26_13-33-08_184.jpg",0,0,20,12,0,0,30,0,0,0,0,2,0,0,14,0,0,0,0
"5_2","5","2","2022_9_26_13-33-08_8.jpg",16,28,0,1,0,0,9,0,0,0,0,2,33,0,3,0,0,0,0
"5_2","5","2","2022_9_26_13-33-08_232.jpg",0,4,4,64,0,0,4,0,0,0,0,6,12,0,2,0,0,0,0
"5_2","5","2","2022_9_26_13-33-08_296.jpg",1,0,36,31,1,0,25,0,0,0,0,1,0,0,5,0,0,0,0
"5_2","5","2","2022_9_26_13-33-08_96.jpg",1,20,0,0,10,0,10,0,0,0,0,0,56,0,0,0,2,0,0
"5_2","5","2","2022_9_26_13-33-08_376.jpg",0,0,2,10,0,0,0,0,0,0,6,0,38,0,38,0,0,0,0
"5_2","5","2","2022_9_26_13-33-08_480.jpg",2,2,4,32,0,0,26,0,0,0,0,0,18,0,4,0,0,0,0
"5_2","5","2","2022_9_26_13-33-08_368.jpg",0,0,22,10,0,0,4,18,0,0,0,0,20,0,20,0,0,0,0
"5_2","5","2","2022_9_26_13-33-08_488.jpg",0,0,0,0,0,0,24,0,0,0,4,2,38,0,10,0,0,0,0
"5_2","5","2","2022_9_26_13-33-08_304.jpg",4,0,9,45,0,0,9,0,0,0,0,0,29,0,4,0,0,0,0
"5_2","5","2","2022_9_26_13-33-08_192.jpg",0,0,18,12,0,0,36,0,0,0,0,0,0,0,18,0,0,0,0
"5_2","5","2","2022_9_26_13-33-08_528.jpg",3,3,13,45,0,0,28,0,0,0,0,0,0,0,6,0,0,0,0
"5_2","5","2","2022_9_26_13-33-08_560.jpg",4,16,0,60,0,0,4,0,0,0,12,0,0,0,2,0,0,0,0
"5_2","5","2","2022_9_26_13-33-08_424.jpg",0,16,2,22,0,0,0,4,0,0,2,0,28,0,22,0,0,0,4
"5_2","5","2","2022_9_26_13-33-08_552.jpg",2,6,0,60,0,0,10,0,0,0,8,4,0,0,2,0,0,0,2
"5_2","5","2","2022_9_26_13-33-08_264.jpg",2,0,16,42,0,0,0,0,0,0,0,2,0,0,2,0,0,0,0
"5_2","5","2","2022_9_26_13-33-08_120.jpg",4,28,2,14,0,0,2,0,0,0,10,0,33,0,6,0,0,1,0
"5_2","5","2","2022_9_26_13-33-08_312.jpg",14,6,14,64,0,0,0,0,0,0,0,0,0,0,2,0,0,0,0
"5_2","5","2","2022_9_26_13-33-08_496.jpg",0,10,2,32,0,0,26,0,0,0,6,0,12,0,4,0,0,0,0
"5_2","5","2","2022_9_26_13-33-08_392.jpg",6,0,18,36,0,0,2,0,0,0,0,0,14,0,24,0,0,0,0
"5_2","5","2","2022_9_26_13-33-08_592.jpg",16,14,10,46,0,0,6,0,0,0,2,2,0,0,0,0,0,0,2
"5_2","5","2","2022_9_26_13-33-08_40.jpg",4,44,0,10,0,0,11,0,0,0,15,1,11,0,1,0,0,0,0
"5_2","5","2","2022_9_26_13-33-08_72.jpg",15,37,0,2,0,0,22,0,0,0,15,0,0,0,5,0,2,0,0
"5_2","5","2","2022_9_26_13-33-08_224.jpg",0,2,18,70,2,0,2,0,0,0,2,0,0,0,4,0,0,0,0
"5_2","5","2","2022_9_26_13-33-08_160.jpg",0,16,4,58,0,0,18,0,0,0,0,2,0,0,0,0,0,0,0
"5_2","5","2","2022_9_26_13-33-08_176.jpg",0,0,6,32,0,0,34,0,0,0,0,0,4,0,12,0,0,0,0
"5_2","5","2","2022_9_26_13-33-08_464.jpg",0,4,2,36,0,0,24,2,0,0,12,4,4,0,8,0,0,0,0
"5_2","5","2","2022_9_26_13-33-08_32.jpg",0,11,0,7,0,0,7,0,0,0,15,0,48,0,0,0,0,0,0
"5_2","5","2","2022_9_26_13-33-08_16.jpg",7,41,0,16,0,0,8,0,0,0,9,0,0,0,8,0,3,0,0
"5_2","5","2","2022_9_26_13-33-08_400.jpg",8,18,8,34,0,0,4,4,0,0,0,0,14,0,10,0,0,0,0
"5_2","5","2","2022_9_26_13-33-08_200.jpg",0,0,24,6,0,0,28,0,0,0,0,0,0,0,24,0,0,0,0
"5_2","5","2","2022_9_26_13-33-08_456.jpg",0,2,4,18,10,0,16,2,0,0,0,0,14,0,30,0,0,0,0
"5_2","5","2","2022_9_26_13-33-08_352.jpg",0,2,4,4,2,0,4,0,0,0,0,0,46,0,24,0,0,0,0
"5_2","5","2","2022_9_26_13-33-08_288.jpg",0,6,14,52,2,0,2,0,0,0,0,0,0,0,2,0,0,0,0
"5_2","5","2","2022_9_26_13-33-08_520.jpg",0,2,20,61,0,0,14,0,0,0,0,0,0,0,3,0,0,0,0
"5_2","5","2","2022_9_26_13-33-08_256.jpg",1,0,4,41,0,0,54,0,0,0,0,0,0,0,0,0,0,0,0
"5_2","5","2","2022_9_26_13-33-08_344.jpg",2,14,0,2,0,0,0,0,0,0,12,0,34,0,36,0,0,0,0
"5_2","5","2","2022_9_26_13-33-08_24.jpg",6,27,1,15,0,0,17,0,0,0,9,1,12,0,3,0,0,0,0
"5_2","5","2","2022_9_26_13-33-08_136.jpg",0,30,2,56,0,0,10,0,0,0,0,2,0,0,0,0,0,0,0
"5_2","5","2","2022_9_26_13-33-08_416.jpg",6,0,0,16,10,0,2,0,0,0,46,2,0,0,18,0,0,0,0
"5_2","5","2","2022_9_26_13-33-08_216.jpg",0,2,6,36,0,0,22,0,0,0,0,6,4,0,12,0,0,0,0
"5_2","5","2","2022_9_26_13-33-08_336.jpg",0,14,0,42,0,0,0,0,0,0,0,0,12,0,32,0,0,0,0
"6_1","6","1","2022_8_15_09-59-38_232.jpg",0,0,0,0,2,0,11,0,0,19,61,0,0,0,5,2,0,0,0
"6_1","6","1","2022_8_15_09-59-38_688.jpg",0,0,0,1,0,0,29,0,0,22,2,28,0,0,14,0,0,0,0
"6_1","6","1","2022_8_15_09-59-38_496.jpg",0,0,0,0,0,0,23,3,0,34,2,23,0,0,15,0,0,0,0
"6_1","6","1","2022_8_15_09-59-38_168.jpg",7,1,0,0,0,0,1,0,0,0,90,0,0,0,0,0,0,0,1
"6_1","6","1","2022_8_15_09-59-38_464.jpg",0,0,0,0,1,0,13,0,0,15,28,28,0,3,12,0,0,0,0
"6_1","6","1","2022_8_15_09-59-38_600.jpg",0,1,3,3,0,0,14,0,0,40,0,21,0,0,5,1,0,0,0
"6_1","6","1","2022_8_15_09-59-38_616.jpg",0,1,0,0,0,0,5,2,0,8,20,40,0,0,24,0,0,0,0
"6_1","6","1","2022_8_15_09-59-38_88.jpg",25,23,7,2,0,0,13,0,0,0,2,3,0,0,25,0,0,0,0
"6_1","6","1","2022_8_15_09-59-38_200.jpg",6,4,5,18,0,0,12,0,0,5,37,4,0,0,7,1,0,0,0
"6_1","6","1","2022_8_15_09-59-38_104.jpg",12,5,18,16,0,0,3,0,0,0,28,11,0,0,7,0,0,0,0
"6_1","6","1","2022_8_15_09-59-38_136.jpg",4,9,6,7,0,0,2,0,0,0,70,0,0,0,1,0,0,0,0
"6_1","6","1","2022_8_15_09-59-38_360.jpg",0,0,0,0,2,0,12,0,0,8,20,9,0,0,0,1,0,0,5
"6_1","6","1","2022_8_15_09-59-38_56.jpg",35,29,4,8,1,0,9,0,0,0,0,12,0,0,2,0,0,0,0
"6_1","6","1","2022_8_15_09-59-38_720.jpg",0,0,0,0,0,0,8,0,0,53,0,29,0,0,10,0,0,0,0
"6_1","6","1","2022_8_15_09-59-38_112.jpg",15,12,1,4,0,0,5,0,0,0,60,2,0,0,1,0,0,0,0
"6_1","6","1","2022_8_15_09-59-38_400.jpg",0,0,0,7,2,0,3,0,0,18,32,21,0,1,12,0,0,0,0
"6_1","6","1","2022_8_15_09-59-38_376.jpg",0,0,2,0,0,0,14,0,0,10,33,24,0,0,17,0,0,0,0
"6_1","6","1","2022_8_15_09-59-38_672.jpg",0,1,1,6,0,0,12,0,0,9,28,33,0,0,8,0,0,0,1
"6_1","6","1","2022_8_15_09-59-38_64.jpg",36,28,5,9,0,0,9,0,0,0,0,8,0,0,5,0,0,0,0
"6_1","6","1","2022_8_15_09-59-38_576.jpg",1,1,0,1,0,0,15,0,0,10,0,49,2,0,18,0,0,0,0
"6_1","6","1","2022_8_15_09-59-38_424.jpg",0,0,1,0,0,0,24,0,0,41,2,11,0,0,20,1,0,0,0
"6_1","6","1","2022_8_15_09-59-38_160.jpg",3,2,0,0,0,0,0,0,0,0,87,0,0,5,0,0,0,0,3
"6_1","6","1","2022_8_15_09-59-38_608.jpg",0,1,1,0,0,0,27,0,0,2,0,21,0,0,10,0,0,0,0
"6_1","6","1","2022_8_15_09-59-38_152.jpg",0,10,0,10,0,0,12,0,0,0,67,0,0,0,0,0,0,0,0
"6_1","6","1","2022_8_15_09-59-38_384.jpg",0,1,5,0,0,0,22,0,0,11,3,19,0,0,32,2,0,0,1
"6_1","6","1","2022_8_15_09-59-38_248.jpg",0,3,6,3,2,0,3,0,0,8,54,4,0,0,17,0,0,0,0
"6_1","6","1","2022_8_15_09-59-38_680.jpg",1,1,0,0,0,0,21,0,0,42,2,16,0,0,7,0,0,0,0
"6_1","6","1","2022_8_15_09-59-38_16.jpg",3,33,5,51,0,0,0,0,0,0,0,6,0,0,2,0,0,0,0
"6_1","6","1","2022_8_15_09-59-38_120.jpg",4,11,3,1,0,0,1,0,0,0,79,1,0,0,0,0,0,0,0
"6_1","6","1","2022_8_15_09-59-38_728.jpg",0,2,0,0,0,0,9,0,0,52,0,34,0,0,2,0,0,0,0
"6_1","6","1","2022_8_15_09-59-38_712.jpg",0,3,2,0,0,0,16,0,0,3,0,48,0,0,27,0,0,0,0
"6_1","6","1","2022_8_15_09-59-38_40.jpg",35,32,4,3,0,0,11,0,0,0,0,8,0,0,7,0,0,0,0
"6_1","6","1","2022_8_15_09-59-38_72.jpg",32,30,7,7,0,0,9,0,0,0,0,9,0,0,6,0,0,0,0
"6_1","6","1","2022_8_15_09-59-38_472.jpg",0,0,3,0,0,0,11,0,0,13,3,42,0,0,28,0,0,0,0
"6_1","6","1","2022_8_15_09-59-38_416.jpg",0,0,0,0,11,0,18,0,0,32,2,11,0,0,24,2,0,0,0
"6_1","6","1","2022_8_15_09-59-38_656.jpg",0,0,2,0,0,0,12,0,0,34,25,20,0,0,5,2,0,0,0
"6_1","6","1","2022_8_15_09-59-38_408.jpg",0,1,6,1,0,0,12,0,0,5,24,7,0,0,35,0,0,0,0
"6_1","6","1","2022_8_15_09-59-38_320.jpg",0,3,4,4,0,0,8,0,0,17,33,2,7,0,22,0,0,0,0
"6_1","6","1","2022_8_15_09-59-38_640.jpg",0,4,3,13,0,0,10,0,0,8,17,32,0,0,13,0,0,0,0
"6_1","6","1","2022_8_15_09-59-38_704.jpg",0,0,1,0,3,0,8,0,0,7,0,59,0,0,21,0,0,0,0
"6_1","6","1","2022_8_15_09-59-38_392.jpg",0,1,4,0,0,0,11,0,0,26,25,13,0,0,15,2,0,0,0
"6_1","6","1","2022_8_15_09-59-38_536.jpg",0,1,5,1,0,0,10,0,0,9,17,49,0,0,8,0,0,0,0
"6_1","6","1","2022_8_15_09-59-38_184.jpg",1,0,5,0,0,0,19,0,0,8,48,0,8,0,1,0,0,0,0
"6_1","6","1","2022_8_15_09-59-38_328.jpg",0,4,1,3,0,0,5,0,0,17,21,24,0,10,15,0,0,0,0
"6_1","6","1","2022_8_15_09-59-38_8.jpg",1,13,4,73,0,0,0,0,0,0,0,3,0,0,6,0,0,0,0
"6_1","6","1","2022_8_15_09-59-38_664.jpg",0,1,5,7,0,0,12,0,0,25,25,18,0,0,6,0,0,0,0
"6_1","6","1","2022_8_15_09-59-38_368.jpg",0,0,2,0,4,0,11,0,0,9,17,41,0,0,13,3,0,0,0
"6_1","6","1","2022_8_15_09-59-38_296.jpg",4,6,3,7,3,0,2,0,0,5,56,4,0,0,9,0,0,0,0
"6_1","6","1","2022_8_15_09-59-38_48.jpg",26,26,3,5,0,0,11,0,0,0,0,7,0,0,22,0,0,0,0
"6_1","6","1","2022_8_15_09-59-38_488.jpg",0,0,1,0,0,0,16,0,0,12,0,58,0,0,13,0,0,0,0
"6_2","6","2","2022_8_15_10-21-13_0.jpg",9,40,3,11,0,0,18,0,0,0,0,15,0,0,4,0,0,0,0
"6_2","6","2","2022_8_15_10-21-13_344.jpg",2,12,0,2,0,0,6,0,0,0,61,0,5,0,12,0,0,0,0
"6_2","6","2","2022_8_15_10-21-13_368.jpg",6,8,0,6,1,0,9,0,0,3,44,2,20,0,1,0,0,0,0
"6_2","6","2","2022_8_15_10-21-13_360.jpg",8,10,0,8,0,0,4,0,0,0,64,0,0,0,5,0,0,0,0
"6_2","6","2","2022_8_15_10-21-13_272.jpg",0,1,3,1,0,0,13,0,0,26,28,8,0,8,4,6,0,0,0
"6_2","6","2","2022_8_15_10-21-13_120.jpg",12,4,1,9,0,0,1,0,0,1,70,2,0,0,0,0,0,0,0
"6_2","6","2","2022_8_15_10-21-13_296.jpg",1,1,2,8,0,0,5,0,0,2,21,4,0,0,18,1,0,0,0
"6_2","6","2","2022_8_15_10-21-13_400.jpg",1,5,0,4,3,0,2,0,0,0,38,22,15,0,8,0,0,0,0
"6_2","6","2","2022_8_15_10-21-13_32.jpg",24,23,4,2,0,0,11,0,0,0,36,0,0,0,0,0,0,0,0
"6_2","6","2","2022_8_15_10-21-13_328.jpg",5,10,0,2,0,0,10,0,0,0,41,6,6,0,20,0,0,0,0
"6_2","6","2","2022_8_15_10-21-13_88.jpg",3,7,0,8,0,0,4,0,0,0,78,0,0,0,0,0,0,0,0
"6_2","6","2","2022_8_15_10-21-13_224.jpg",0,0,1,0,1,0,14,0,0,9,37,25,0,0,12,0,0,0,0
"6_2","6","2","2022_8_15_10-21-13_376.jpg",3,7,1,7,0,0,1,0,0,0,77,1,0,0,3,0,0,0,0
"6_2","6","2","2022_8_15_10-21-13_192.jpg",0,3,2,0,2,0,17,0,0,9,28,16,0,18,5,0,0,0,0
"6_2","6","2","2022_8_15_10-21-13_352.jpg",1,13,0,3,0,0,1,0,0,0,58,8,0,0,16,0,0,0,0
"6_2","6","2","2022_8_15_10-21-13_440.jpg",2,7,1,2,0,0,22,0,0,3,20,14,0,0,28,0,0,0,0
"6_2","6","2","2022_8_15_10-21-13_144.jpg",11,15,4,2,0,0,9,0,0,0,59,0,0,0,0,0,0,0,0
"6_2","6","2","2022_8_15_10-21-13_136.jpg",11,20,5,4,0,0,3,0,0,1,52,4,0,0,0,0,0,0,0
"6_2","6","2","2022_8_15_10-21-13_16.jpg",35,32,0,17,0,0,4,0,0,0,0,3,0,0,8,0,0,0,0
"6_2","6","2","2022_8_15_10-21-13_64.jpg",2,5,0,0,0,0,3,0,0,0,90,0,0,0,0,0,0,0,0
"6_2","6","2","2022_8_15_10-21-13_408.jpg",6,5,2,3,0,0,10,0,0,0,63,6,0,0,5,0,0,0,0
"6_2","6","2","2022_8_15_10-21-13_128.jpg",8,12,1,11,0,0,5,0,0,0,58,0,0,0,4,0,0,0,0
"6_2","6","2","2022_8_15_10-21-13_240.jpg",0,0,8,0,1,0,16,0,0,1,19,17,0,0,38,0,0,0,0
"6_2","6","2","2022_8_15_10-21-13_416.jpg",4,2,0,3,0,0,5,0,0,0,64,5,10,0,7,0,0,0,0
"6_2","6","2","2022_8_15_10-21-13_176.jpg",9,3,9,0,0,0,22,0,0,6,33,6,0,0,10,0,0,0,0
"6_2","6","2","2022_8_15_10-21-13_232.jpg",0,0,3,0,1,0,11,0,0,10,9,29,0,0,37,0,0,0,0
"6_2","6","2","2022_8_15_10-21-13_8.jpg",11,37,3,17,0,0,23,0,0,0,0,5,0,0,2,0,0,0,2
"6_2","6","2","2022_8_15_10-21-13_432.jpg",3,1,2,0,0,0,16,0,0,6,0,11,0,0,61,0,0,0,0
"6_2","6","2","2022_8_15_10-21-13_200.jpg",1,3,4,3,0,0,17,0,0,12,46,6,0,0,6,0,0,0,0
"6_2","6","2","2022_8_15_10-21-13_56.jpg",9,20,5,8,0,0,11,0,0,0,42,0,0,0,5,0,0,0,0
"6_2","6","2","2022_8_15_10-21-13_80.jpg",3,22,8,6,0,0,6,0,0,0,55,0,0,0,0,0,0,0,0
"6_2","6","2","2022_8_15_10-21-13_216.jpg",0,0,7,2,0,0,17,0,0,9,26,22,0,0,17,0,0,0,0
"6_2","6","2","2022_8_15_10-21-13_24.jpg",16,31,4,7,0,0,16,0,0,0,1,20,3,0,2,0,0,0,0
"6_2","6","2","2022_8_15_10-21-13_320.jpg",2,12,3,1,0,0,12,0,0,0,4,37,0,0,29,0,0,0,0
"6_2","6","2","2022_8_15_10-21-13_336.jpg",1,2,0,2,0,0,1,0,0,0,62,7,13,0,12,0,0,0,0
"6_2","6","2","2022_8_15_10-21-13_168.jpg",8,2,2,0,0,0,12,0,0,0,75,1,0,0,0,0,0,0,0
"6_2","6","2","2022_8_15_10-21-13_104.jpg",4,1,0,8,0,0,9,0,0,0,78,0,0,0,0,0,0,0,0
"6_2","6","2","2022_8_15_10-21-13_40.jpg",5,18,2,5,0,0,11,0,0,0,58,0,0,0,0,0,0,0,0
"6_2","6","2","2022_8_15_10-21-13_264.jpg",1,1,4,5,0,0,6,0,0,10,45,4,0,0,23,1,0,0,0
"6_2","6","2","2022_8_15_10-21-13_304.jpg",0,1,0,3,0,0,15,0,0,0,25,9,5,0,26,0,0,0,0
"6_2","6","2","2022_8_15_10-21-13_256.jpg",0,1,1,2,2,0,8,0,0,11,37,30,0,0,7,0,0,0,0
"6_2","6","2","2022_8_15_10-21-13_424.jpg",0,1,0,0,0,0,5,0,0,1,51,12,0,0,30,0,0,0,0
"6_2","6","2","2022_8_15_10-21-13_312.jpg",0,2,0,0,0,0,13,0,0,0,12,17,0,0,56,0,0,0,0
"6_2","6","2","2022_8_15_10-21-13_96.jpg",2,3,3,7,0,0,2,0,0,0,82,0,0,0,1,0,0,0,0
"6_2","6","2","2022_8_15_10-21-13_392.jpg",3,9,0,0,0,0,6,0,0,1,80,0,0,0,1,0,0,0,0
"6_2","6","2","2022_8_15_10-21-13_208.jpg",0,1,2,1,0,0,23,0,0,26,26,6,0,0,14,0,0,0,1
"6_2","6","2","2022_8_15_10-21-13_280.jpg",0,0,2,5,0,0,22,0,0,15,9,27,0,0,12,0,0,0,0
"6_2","6","2","2022_8_15_10-21-13_288.jpg",0,1,0,1,0,0,19,2,0,0,32,21,0,0,15,1,0,0,0
"6_2","6","2","2022_8_15_10-21-13_152.jpg",7,0,1,5,0,0,8,0,0,0,75,3,0,0,1,0,0,0,0
"6_2","6","2","2022_8_15_10-21-13_184.jpg",3,2,2,2,1,0,28,0,0,8,37,4,0,0,9,0,0,0,0
"7_1","7","1","2022_8_15_11-59-18_432.jpg",3,15,1,6,0,1,7,0,0,0,26,0,29,0,3,0,1,0,0
"7_1","7","1","2022_8_15_11-59-18_64.jpg",3,1,0,0,0,0,7,0,0,0,80,1,0,0,2,0,0,0,0
"7_1","7","1","2022_8_15_11-59-18_312.jpg",1,5,4,9,0,0,8,0,0,0,48,0,11,0,11,0,1,0,0
"7_1","7","1","2022_8_15_11-59-18_96.jpg",12,4,5,0,0,0,11,4,0,0,31,12,0,0,17,0,0,3,0
"7_1","7","1","2022_8_15_11-59-18_32.jpg",34,6,0,1,0,0,6,2,0,0,33,8,0,0,6,0,1,0,0
"7_1","7","1","2022_8_15_11-59-18_360.jpg",0,24,2,22,0,0,0,0,0,0,9,0,39,0,3,0,0,0,0
"7_1","7","1","2022_8_15_11-59-18_376.jpg",0,11,4,14,0,0,10,0,0,0,2,4,14,0,1,0,0,0,0
"7_1","7","1","2022_8_15_11-59-18_480.jpg",0,20,0,2,0,0,3,0,0,0,73,0,0,0,0,0,0,0,1
"7_1","7","1","2022_8_15_11-59-18_80.jpg",11,3,3,2,0,0,7,0,0,0,54,0,5,0,1,0,0,0,0
"7_1","7","1","2022_8_15_11-59-18_120.jpg",3,6,7,3,0,0,6,1,0,0,65,5,0,0,2,0,0,0,0
"7_1","7","1","2022_8_15_11-59-18_160.jpg",0,0,4,67,0,0,22,0,0,0,2,0,0,0,5,0,0,0,0
"7_1","7","1","2022_8_15_11-59-18_216.jpg",5,41,4,8,0,0,4,0,0,0,36,0,0,0,2,0,0,0,0
"7_1","7","1","2022_8_15_11-59-18_144.jpg",3,1,42,1,0,0,2,0,0,0,0,14,0,0,34,0,0,0,0
"7_1","7","1","2022_8_15_11-59-18_0.jpg",34,0,0,0,0,0,42,10,0,0,9,2,0,0,3,0,0,0,0
"7_1","7","1","2022_8_15_11-59-18_336.jpg",3,36,5,2,0,0,7,0,0,0,37,0,1,0,2,0,0,0,0
"7_1","7","1","2022_8_15_11-59-18_392.jpg",6,14,1,7,0,0,7,0,0,0,55,1,4,0,1,0,0,1,0
"7_1","7","1","2022_8_15_11-59-18_184.jpg",0,10,3,45,0,0,32,0,0,0,5,5,0,0,0,0,0,0,0
"7_1","7","1","2022_8_15_11-59-18_424.jpg",11,50,4,13,0,0,3,0,0,0,1,5,0,0,13,0,0,0,0
"7_1","7","1","2022_8_15_11-59-18_544.jpg",0,21,5,7,0,0,6,0,0,0,21,1,26,0,6,0,0,0,0
"7_1","7","1","2022_8_15_11-59-18_232.jpg",0,8,0,0,0,0,1,0,0,0,48,1,41,0,0,0,0,0,0
"7_1","7","1","2022_8_15_11-59-18_408.jpg",6,42,2,36,0,0,2,0,1,0,5,3,0,0,3,0,0,0,0
"7_1","7","1","2022_8_15_11-59-18_384.jpg",4,8,3,8,0,0,6,0,0,0,67,0,0,0,0,0,0,0,0
"7_1","7","1","2022_8_15_11-59-18_520.jpg",3,6,3,27,0,0,10,1,0,0,34,2,0,0,10,0,0,0,1
"7_1","7","1","2022_8_15_11-59-18_464.jpg",13,14,0,8,0,0,8,0,0,0,30,5,2,0,19,0,0,0,1
"7_1","7","1","2022_8_15_11-59-18_472.jpg",2,22,1,1,0,0,5,0,0,0,36,0,5,0,1,0,0,0,0
"7_1","7","1","2022_8_15_11-59-18_528.jpg",12,1,1,30,0,0,1,0,1,0,8,1,8,0,36,0,0,0,0
"7_1","7","1","2022_8_15_11-59-18_328.jpg",1,9,2,1,0,0,5,0,0,0,76,2,0,0,1,0,0,0,0
"7_1","7","1","2022_8_15_11-59-18_504.jpg",2,2,0,0,0,0,1,0,0,0,74,0,20,0,1,0,0,0,0
"7_1","7","1","2022_8_15_11-59-18_352.jpg",1,13,5,25,0,0,2,0,0,0,33,1,17,0,3,0,0,0,0
"7_1","7","1","2022_8_15_11-59-18_88.jpg",3,1,0,0,0,0,11,3,0,0,56,7,0,0,5,0,2,0,0
"7_1","7","1","2022_8_15_11-59-18_304.jpg",0,16,14,2,0,0,11,0,0,0,50,1,6,0,0,0,0,0,0
"7_1","7","1","2022_8_15_11-59-18_288.jpg",2,0,0,0,0,0,9,0,0,0,89,0,0,0,0,0,0,0,0
"7_1","7","1","2022_8_15_11-59-18_8.jpg",59,0,0,0,0,1,8,16,1,0,4,0,0,0,1,0,0,0,0
"7_1","7","1","2022_8_15_11-59-18_112.jpg",11,7,33,1,0,3,10,1,0,0,0,8,0,0,25,0,0,0,1
"7_1","7","1","2022_8_15_11-59-18_200.jpg",10,28,4,10,15,0,16,1,0,0,9,0,0,0,7,0,0,0,0
"7_1","7","1","2022_8_15_11-59-18_512.jpg",4,24,18,6,0,0,9,0,0,0,21,1,0,0,14,0,0,0,2
"7_1","7","1","2022_8_15_11-59-18_368.jpg",1,12,1,20,0,0,5,0,0,0,8,0,45,0,2,0,0,0,0
"7_1","7","1","2022_8_15_11-59-18_496.jpg",1,3,23,5,0,0,7,0,0,0,52,4,0,0,3,0,0,0,0
"7_1","7","1","2022_8_15_11-59-18_128.jpg",0,0,0,0,0,0,6,0,0,0,94,0,0,0,0,0,0,0,0
"7_1","7","1","2022_8_15_11-59-18_240.jpg",6,12,15,10,0,0,12,0,0,0,29,6,0,0,4,0,0,0,0
"7_1","7","1","2022_8_15_11-59-18_344.jpg",0,2,11,1,0,0,2,0,0,0,79,4,0,0,0,0,0,0,0
"7_1","7","1","2022_8_15_11-59-18_440.jpg",14,34,1,5,0,0,9,0,0,0,18,2,0,0,13,0,0,0,0
"7_1","7","1","2022_8_15_11-59-18_320.jpg",2,19,1,0,0,0,9,0,0,0,6,1,61,0,1,0,0,0,0
"7_1","7","1","2022_8_15_11-59-18_456.jpg",9,25,3,21,0,0,11,0,0,0,22,0,0,0,0,0,0,0,0
"7_1","7","1","2022_8_15_11-59-18_536.jpg",0,1,1,2,0,0,1,0,0,0,92,2,0,0,0,0,0,0,1
"7_1","7","1","2022_8_15_11-59-18_416.jpg",10,40,2,42,0,0,2,0,0,0,0,4,0,0,0,0,0,0,0
"7_1","7","1","2022_8_15_11-59-18_448.jpg",5,16,0,8,0,0,8,1,0,0,55,0,4,0,2,0,0,0,0
"7_1","7","1","2022_8_15_11-59-18_16.jpg",50,0,1,0,0,0,26,0,0,0,11,4,0,0,7,0,0,0,0
"7_1","7","1","2022_8_15_11-59-18_272.jpg",2,23,13,4,0,0,2,1,0,0,49,0,0,0,6,0,0,0,0
"7_1","7","1","2022_8_15_11-59-18_248.jpg",8,21,11,11,0,0,12,2,0,0,4,9,0,0,12,0,0,0,0
"7_2","7","2","2022_8_15_12-19-36_80.jpg",0,2,2,10,0,0,2,2,0,0,62,2,6,0,6,0,4,0,0
"7_2","7","2","2022_8_15_12-19-36_552.jpg",2,20,0,0,0,0,4,0,0,0,56,2,2,0,10,0,0,0,0
"7_2","7","2","2022_8_15_12-19-36_56.jpg",0,0,0,0,0,0,0,0,0,0,96,4,0,0,0,0,0,0,0
"7_2","7","2","2022_8_15_12-19-36_592.jpg",2,36,0,16,0,0,2,0,0,0,26,14,0,0,4,0,0,0,0
"7_2","7","2","2022_8_15_12-19-36_600.jpg",2,12,0,46,0,0,0,0,0,0,8,14,0,0,18,0,0,0,0
"7_2","7","2","2022_8_15_12-19-36_200.jpg",2,18,0,12,0,0,18,0,0,0,22,2,16,0,0,0,0,0,0
"7_2","7","2","2022_8_15_12-19-36_648.jpg",0,38,0,46,0,0,0,0,0,0,14,2,0,0,0,0,0,0,0
"7_2","7","2","2022_8_15_12-19-36_216.jpg",0,0,0,2,0,0,14,0,0,0,26,6,4,0,28,0,0,0,0
"7_2","7","2","2022_8_15_12-19-36_520.jpg",10,2,0,0,0,0,2,0,0,0,80,2,0,0,4,0,0,0,0
"7_2","7","2","2022_8_15_12-19-36_0.jpg",48,2,4,4,0,0,4,0,0,0,2,8,2,0,20,0,0,0,0
"7_2","7","2","2022_8_15_12-19-36_352.jpg",0,34,0,4,0,0,8,0,0,0,36,0,0,0,10,0,0,0,0
"7_2","7","2","2022_8_15_12-19-36_544.jpg",2,32,0,10,0,0,0,0,0,0,12,0,28,0,16,0,0,0,0
"7_2","7","2","2022_8_15_12-19-36_408.jpg",0,12,0,2,0,0,4,0,0,8,26,0,42,0,4,0,0,0,0
"7_2","7","2","2022_8_15_12-19-36_24.jpg",34,2,0,0,0,0,2,26,0,0,0,2,0,0,34,0,0,0,0
"7_2","7","2","2022_8_15_12-19-36_296.jpg",2,0,0,0,0,0,0,0,0,0,2,36,12,0,48,0,0,0,0
"7_2","7","2","2022_8_15_12-19-36_640.jpg",10,34,0,18,0,0,2,0,0,0,36,0,0,0,0,0,0,0,0
"7_2","7","2","2022_8_15_12-19-36_480.jpg",0,2,0,0,0,0,0,0,0,0,78,0,12,0,8,0,0,0,0
"7_2","7","2","2022_8_15_12-19-36_320.jpg",0,0,0,2,0,0,12,0,0,2,0,28,0,0,56,0,0,0,0
"7_2","7","2","2022_8_15_12-19-36_120.jpg",0,24,6,4,0,0,0,6,0,0,22,4,32,0,2,0,0,0,0
"7_2","7","2","2022_8_15_12-19-36_344.jpg",0,20,0,4,0,0,4,0,0,4,56,4,2,0,4,0,0,0,0
"7_2","7","2","2022_8_15_12-19-36_232.jpg",0,0,4,6,0,0,22,0,0,0,0,12,0,0,52,0,0,0,0
"7_2","7","2","2022_8_15_12-19-36_72.jpg",0,0,12,26,2,0,0,2,0,0,2,2,28,0,24,0,0,0,2
"7_2","7","2","2022_8_15_12-19-36_16.jpg",30,6,6,2,0,0,10,2,0,0,2,4,0,0,28,0,0,0,0
"7_2","7","2","2022_8_15_12-19-36_272.jpg",0,0,2,0,4,0,0,0,0,0,0,36,0,0,56,0,0,0,0
"7_2","7","2","2022_8_15_12-19-36_88.jpg",0,12,0,66,0,0,4,0,0,0,12,0,0,0,4,0,0,0,2
"7_2","7","2","2022_8_15_12-19-36_304.jpg",0,0,0,0,0,0,2,0,0,14,0,46,0,0,38,0,0,0,0
"7_2","7","2","2022_8_15_12-19-36_176.jpg",0,0,0,0,0,0,10,0,0,0,70,0,16,0,0,0,0,0,0
"7_2","7","2","2022_8_15_12-19-36_192.jpg",0,0,0,0,0,0,6,0,0,0,62,0,6,0,4,0,2,0,0
"7_2","7","2","2022_8_15_12-19-36_664.jpg",4,32,0,10,0,0,0,0,0,0,46,6,0,0,2,0,0,0,0
"7_2","7","2","2022_8_15_12-19-36_32.jpg",10,0,8,0,0,0,2,10,0,0,48,2,0,0,20,0,0,0,0
"7_2","7","2","2022_8_15_12-19-36_496.jpg",0,6,0,0,6,0,0,2,0,0,32,0,32,0,10,0,0,0,0
"7_2","7","2","2022_8_15_12-19-36_608.jpg",0,30,2,56,0,0,0,0,0,0,2,4,0,0,6,0,0,0,0
"7_2","7","2","2022_8_15_12-19-36_384.jpg",2,8,2,6,0,0,18,0,0,2,40,4,0,0,16,0,0,0,0
"7_2","7","2","2022_8_15_12-19-36_504.jpg",6,10,0,0,0,0,8,0,0,0,26,2,16,0,18,0,0,0,0
"7_2","7","2","2022_8_15_12-19-36_64.jpg",4,2,26,16,0,0,0,0,0,0,16,4,0,0,28,0,0,0,0
"7_2","7","2","2022_8_15_12-19-36_424.jpg",0,0,0,0,0,0,6,0,0,44,2,4,44,0,0,0,0,0,0
"7_2","7","2","2022_8_15_12-19-36_416.jpg",2,10,0,0,0,0,8,0,0,0,34,2,34,0,10,0,0,0,0
"7_2","7","2","2022_8_15_12-19-36_696.jpg",0,8,2,48,0,0,4,0,0,0,20,2,6,0,8,0,0,0,2
"7_2","7","2","2022_8_15_12-19-36_256.jpg",0,0,0,0,0,0,6,0,0,0,0,66,0,0,28,0,0,0,0
"7_2","7","2","2022_8_15_12-19-36_560.jpg",4,2,2,2,0,0,0,0,0,0,60,8,22,0,0,0,0,0,0
"7_2","7","2","2022_8_15_12-19-36_448.jpg",2,18,4,18,0,0,8,0,0,0,2,6,12,0,30,0,0,0,0
"7_2","7","2","2022_8_15_12-19-36_632.jpg",8,32,0,14,0,0,0,0,0,0,46,0,0,0,0,0,0,0,0
"7_2","7","2","2022_8_15_12-19-36_464.jpg",8,0,0,2,2,0,6,10,0,0,8,8,0,0,56,0,0,0,0
"7_2","7","2","2022_8_15_12-19-36_568.jpg",0,0,0,0,0,0,0,0,0,0,100,0,0,0,0,0,0,0,0
"7_2","7","2","2022_8_15_12-19-36_264.jpg",0,2,2,10,0,0,24,0,0,0,2,10,0,0,48,0,0,0,0
"7_2","7","2","2022_8_15_12-19-36_392.jpg",0,2,0,2,0,0,10,0,0,0,6,2,0,0,16,0,0,0,0
"7_2","7","2","2022_8_15_12-19-36_128.jpg",0,22,0,14,0,0,2,0,0,0,54,2,0,0,6,0,0,0,0
"7_2","7","2","2022_8_15_12-19-36_528.jpg",4,4,0,0,0,0,0,0,0,0,90,0,0,0,2,0,0,0,0
"7_2","7","2","2022_8_15_12-19-36_456.jpg",2,2,2,2,8,0,8,0,0,0,8,4,0,0,64,0,0,0,0
"7_2","7","2","2022_8_15_12-19-36_704.jpg",0,4,2,48,0,0,4,0,0,0,26,6,0,0,2,0,0,0,6
"8_1","8","1","2022_10_11_10-06-06_496.jpg",19,3,2,41,3,0,24,1,0,0,0,2,0,0,1,0,0,0,0
"8_1","8","1","2022_10_11_10-06-06_200.jpg",12,6,12,45,0,0,5,0,0,0,3,0,0,0,15,0,1,0,0
"8_1","8","1","2022_10_11_10-06-06_424.jpg",5,7,10,19,0,0,8,2,1,0,31,4,0,0,13,0,0,0,0
"8_1","8","1","2022_10_11_10-06-06_376.jpg",30,1,4,22,7,0,7,2,0,0,9,5,0,0,9,0,0,1,0
"8_1","8","1","2022_10_11_10-06-06_584.jpg",32,1,8,14,0,0,22,0,0,0,5,0,0,0,10,0,0,0,0
"8_1","8","1","2022_10_11_10-06-06_272.jpg",8,3,32,1,2,4,24,0,0,0,4,0,0,0,17,4,0,0,1
"8_1","8","1","2022_10_11_10-06-06_136.jpg",18,3,7,20,0,0,22,0,0,0,0,0,0,0,13,0,0,3,0
"8_1","8","1","2022_10_11_10-06-06_168.jpg",12,12,20,24,0,0,1,0,0,0,21,0,0,0,10,0,0,0,0
"8_1","8","1","2022_10_11_10-06-06_608.jpg",2,8,11,18,0,0,25,0,0,0,23,1,0,0,11,0,0,0,0
"8_1","8","1","2022_10_11_10-06-06_208.jpg",14,0,2,59,0,0,3,0,0,0,0,1,0,0,21,0,0,0,0
"8_1","8","1","2022_10_11_10-06-06_104.jpg",13,2,11,3,6,1,16,0,0,0,34,3,0,0,11,0,0,0,0
"8_1","8","1","2022_10_11_10-06-06_504.jpg",9,1,3,40,0,0,32,0,0,0,4,0,0,0,3,0,0,0,0
"8_1","8","1","2022_10_11_10-06-06_384.jpg",13,2,3,12,3,0,25,0,0,0,14,2,0,0,17,0,0,0,0
"8_1","8","1","2022_10_11_10-06-06_88.jpg",25,3,5,12,2,4,15,2,0,0,5,5,0,0,16,0,0,0,0
"8_1","8","1","2022_10_11_10-06-06_552.jpg",36,1,8,4,0,17,17,0,0,0,2,1,0,0,14,0,0,0,0
"8_1","8","1","2022_10_11_10-06-06_304.jpg",5,6,13,42,0,0,6,0,0,0,13,0,0,0,15,0,0,0,0
"8_1","8","1","2022_10_11_10-06-06_360.jpg",22,2,0,48,0,0,2,0,0,0,20,5,0,0,1,0,0,0,0
"8_1","8","1","2022_10_11_10-06-06_152.jpg",6,10,7,14,0,0,45,0,0,0,0,0,0,0,15,0,0,0,0
"8_1","8","1","2022_10_11_10-06-06_528.jpg",58,1,10,21,0,0,5,0,0,0,0,0,0,0,3,0,0,0,0
"8_1","8","1","2022_10_11_10-06-06_280.jpg",7,6,20,10,0,6,20,0,0,0,16,6,0,0,9,0,0,0,0
"8_1","8","1","2022_10_11_10-06-06_448.jpg",14,1,3,44,0,0,14,0,0,0,0,10,0,0,1,0,0,0,1
"8_1","8","1","2022_10_11_10-06-06_184.jpg",3,10,4,7,0,0,11,0,0,0,25,2,0,0,30,7,0,0,0
"8_1","8","1","2022_10_11_10-06-06_656.jpg",10,5,4,22,1,0,22,0,0,2,11,5,0,0,12,0,0,0,0
"8_1","8","1","2022_10_11_10-06-06_624.jpg",9,6,0,7,0,0,12,1,0,0,64,0,0,0,1,0,0,0,0
"8_1","8","1","2022_10_11_10-06-06_296.jpg",3,6,23,31,3,0,7,1,0,0,0,0,0,0,26,0,0,0,0
"8_1","8","1","2022_10_11_10-06-06_648.jpg",0,2,2,11,11,0,11,0,0,0,33,11,0,0,7,0,1,0,0
"8_1","8","1","2022_10_11_10-06-06_320.jpg",2,1,2,59,0,0,20,0,0,0,5,2,0,0,9,0,0,0,0
"8_1","8","1","2022_10_11_10-06-06_16.jpg",21,14,2,33,3,1,10,0,0,0,0,3,0,0,2,0,0,0,0
"8_1","8","1","2022_10_11_10-06-06_600.jpg",13,2,4,12,0,0,31,5,0,3,17,1,0,0,10,0,0,0,0
"8_1","8","1","2022_10_11_10-06-06_368.jpg",15,15,11,7,0,0,52,0,0,0,0,0,0,0,0,0,0,0,0
"8_1","8","1","2022_10_11_10-06-06_128.jpg",19,9,18,15,0,0,16,0,0,0,6,0,1,0,16,0,0,0,0
"8_1","8","1","2022_10_11_10-06-06_312.jpg",10,16,5,49,4,0,6,0,0,0,1,3,0,0,6,0,0,0,0
"8_1","8","1","2022_10_11_10-06-06_352.jpg",18,6,1,11,0,2,9,0,0,0,28,12,0,0,10,0,0,0,0
"8_1","8","1","2022_10_11_10-06-06_616.jpg",15,2,3,13,0,0,12,7,0,0,26,3,0,0,19,0,0,0,0
"8_1","8","1","2022_10_11_10-06-06_72.jpg",14,8,5,32,0,0,25,0,0,0,0,3,0,0,10,0,0,0,1
"8_1","8","1","2022_10_11_10-06-06_576.jpg",15,4,13,24,0,0,18,4,0,0,10,3,0,0,7,0,0,0,0
"8_1","8","1","2022_10_11_10-06-06_120.jpg",21,13,10,6,0,0,16,0,1,1,22,1,0,0,5,0,0,0,2
"8_1","8","1","2022_10_11_10-06-06_392.jpg",25,4,6,14,0,0,19,0,0,0,8,1,0,0,7,0,0,0,0
"8_1","8","1","2022_10_11_10-06-06_224.jpg",9,3,5,52,5,0,12,0,0,0,0,0,0,0,14,0,0,0,0
"8_1","8","1","2022_10_11_10-06-06_240.jpg",6,0,19,43,0,0,6,9,0,0,0,0,0,0,17,0,0,0,0
"8_1","8","1","2022_10_11_10-06-06_560.jpg",9,2,4,13,0,0,18,6,0,1,29,1,0,0,11,0,0,0,0
"8_1","8","1","2022_10_11_10-06-06_664.jpg",26,11,8,27,0,0,16,0,0,0,7,4,0,0,1,0,0,0,0
"8_1","8","1","2022_10_11_10-06-06_216.jpg",3,1,22,45,0,2,6,0,0,0,0,0,0,0,20,0,0,0,1
"8_1","8","1","2022_10_11_10-06-06_8.jpg",10,12,6,39,3,0,17,0,0,0,0,6,0,0,2,0,0,0,0
"8_1","8","1","2022_10_11_10-06-06_472.jpg",16,4,4,34,0,0,16,0,0,0,0,1,0,0,14,0,0,0,0
"8_1","8","1","2022_10_11_10-06-06_0.jpg",9,6,7,27,0,0,13,0,0,0,14,1,0,0,21,0,0,0,0
"8_1","8","1","2022_10_11_10-06-06_176.jpg",7,12,15,6,0,0,47,0,0,0,10,0,0,0,3,0,0,0,0
"8_1","8","1","2022_10_11_10-06-06_488.jpg",9,3,9,29,1,0,25,0,0,0,0,0,0,0,6,0,0,0,0
"8_1","8","1","2022_10_11_10-06-06_416.jpg",17,6,1,14,0,6,28,1,0,0,14,4,0,0,5,0,0,0,0
"8_1","8","1","2022_10_11_10-06-06_160.jpg",11,8,28,23,0,0,5,7,0,0,13,0,0,0,3,0,0,0,0
"8_2","8","2","2022_10_11_10-22-05_208.jpg",10,8,2,6,0,0,4,0,0,0,64,2,0,0,0,0,0,0,4
"8_2","8","2","2022_10_11_10-22-05_256.jpg",8,10,10,4,0,4,0,0,0,0,26,10,0,0,26,0,0,0,2
"8_2","8","2","2022_10_11_10-22-05_248.jpg",10,14,6,28,0,0,2,2,0,0,8,0,0,0,26,0,0,0,4
"8_2","8","2","2022_10_11_10-22-05_288.jpg",20,0,30,22,0,0,14,6,0,0,0,4,0,0,4,0,0,0,0
"8_2","8","2","2022_10_11_10-22-05_400.jpg",6,0,2,0,0,0,0,6,0,0,10,8,4,0,60,0,0,4,0
"8_2","8","2","2022_10_11_10-22-05_312.jpg",24,2,14,4,0,0,4,0,0,0,44,6,0,0,0,0,0,0,2
"8_2","8","2","2022_10_11_10-22-05_160.jpg",4,0,10,16,2,0,20,0,0,2,0,6,0,0,38,0,0,0,0
"8_2","8","2","2022_10_11_10-22-05_96.jpg",0,2,4,2,0,0,20,0,0,0,60,0,0,0,6,0,0,0,0
"8_2","8","2","2022_10_11_10-22-05_344.jpg",4,14,10,16,0,0,2,12,0,0,22,0,0,0,8,0,0,0,0
"8_2","8","2","2022_10_11_10-22-05_192.jpg",26,8,0,20,0,0,22,0,0,0,6,2,0,0,14,0,0,0,0
"8_2","8","2","2022_10_11_10-22-05_104.jpg",2,0,0,8,6,0,38,0,0,0,2,2,2,0,38,0,0,0,0
"8_2","8","2","2022_10_11_10-22-05_240.jpg",8,12,2,46,0,0,0,2,0,0,4,12,0,0,14,0,0,0,0
"8_2","8","2","2022_10_11_10-22-05_304.jpg",48,0,4,10,14,0,2,0,0,0,8,0,0,0,14,0,0,0,0
"8_2","8","2","2022_10_11_10-22-05_64.jpg",4,0,0,0,0,0,42,0,0,0,0,0,0,0,50,0,0,0,0
"8_2","8","2","2022_10_11_10-22-05_424.jpg",4,2,6,4,0,10,4,0,0,0,0,6,6,0,56,0,0,0,2
"8_2","8","2","2022_10_11_10-22-05_48.jpg",6,6,8,2,0,0,14,2,0,0,6,10,2,0,30,0,0,0,0
"8_2","8","2","2022_10_11_10-22-05_168.jpg",0,4,10,40,0,0,30,0,0,0,0,12,0,0,4,0,0,0,0
"8_2","8","2","2022_10_11_10-22-05_224.jpg",10,6,10,38,4,0,4,0,0,0,6,2,0,0,14,0,0,4,2
"8_2","8","2","2022_10_11_10-22-05_320.jpg",16,12,18,14,2,0,0,0,0,0,12,22,0,0,4,0,0,0,0
"8_2","8","2","2022_10_11_10-22-05_120.jpg",4,6,4,20,0,0,6,0,0,0,24,20,0,0,16,0,0,0,0
"8_2","8","2","2022_10_11_10-22-05_376.jpg",8,8,14,10,0,8,2,4,0,0,16,4,0,0,24,0,0,0,0
"8_2","8","2","2022_10_11_10-22-05_56.jpg",0,0,2,4,0,0,22,0,0,0,26,8,0,0,28,0,0,0,0
"8_2","8","2","2022_10_11_10-22-05_448.jpg",8,0,6,12,4,0,18,2,0,0,2,10,0,0,32,0,0,0,4
"8_2","8","2","2022_10_11_10-22-05_88.jpg",0,0,2,0,0,0,16,0,0,0,74,0,0,0,2,0,0,0,0
"8_2","8","2","2022_10_11_10-22-05_216.jpg",32,6,0,26,0,0,0,0,0,0,36,0,0,0,0,0,0,0,0
"8_2","8","2","2022_10_11_10-22-05_336.jpg",4,8,14,54,0,2,0,2,0,0,2,6,0,0,0,0,0,0,0
"8_2","8","2","2022_10_11_10-22-05_472.jpg",8,8,8,16,0,0,28,0,0,0,12,0,0,0,18,0,0,0,0
"8_2","8","2","2022_10_11_10-22-05_232.jpg",12,18,6,28,0,0,0,0,0,0,18,14,0,0,4,0,0,0,0
"8_2","8","2","2022_10_11_10-22-05_136.jpg",6,4,4,2,0,0,32,0,0,0,30,0,0,0,20,0,0,0,0
"8_2","8","2","2022_10_11_10-22-05_264.jpg",6,24,10,34,0,0,0,2,0,0,10,12,0,0,2,0,0,0,0
"8_2","8","2","2022_10_11_10-22-05_440.jpg",14,6,0,6,0,0,32,2,0,10,6,2,0,0,12,0,0,0,0
"8_2","8","2","2022_10_11_10-22-05_144.jpg",14,10,2,8,0,0,28,0,0,0,0,10,0,0,26,0,0,0,0
"8_2","8","2","2022_10_11_10-22-05_176.jpg",8,14,4,26,0,0,24,0,0,0,10,6,0,0,6,0,0,0,0
"8_2","8","2","2022_10_11_10-22-05_456.jpg",10,4,12,8,0,0,14,0,0,0,20,0,0,0,24,0,0,0,0
"8_2","8","2","2022_10_11_10-22-05_432.jpg",0,8,4,28,0,0,8,4,0,0,24,4,0,0,14,0,0,0,0
"8_2","8","2","2022_10_11_10-22-05_360.jpg",28,2,4,8,2,2,4,0,0,0,26,0,0,0,20,0,0,0,0
"8_2","8","2","2022_10_11_10-22-05_72.jpg",4,0,4,16,0,0,34,0,0,0,4,2,0,0,34,0,0,0,0
"8_2","8","2","2022_10_11_10-22-05_368.jpg",20,2,6,10,0,0,0,0,0,0,48,0,12,0,2,0,0,0,0
"8_2","8","2","2022_10_11_10-22-05_152.jpg",0,4,6,4,0,0,20,0,0,0,14,0,0,0,50,0,0,0,0
"8_2","8","2","2022_10_11_10-22-05_128.jpg",6,0,0,2,0,0,24,0,0,0,60,0,0,0,4,0,0,0,0
"8_2","8","2","2022_10_11_10-22-05_392.jpg",4,0,24,26,0,2,4,2,0,0,22,6,0,0,10,0,0,0,0
"8_2","8","2","2022_10_11_10-22-05_408.jpg",2,6,20,2,2,0,0,4,0,0,2,6,6,0,48,0,0,0,2
"8_2","8","2","2022_10_11_10-22-05_296.jpg",26,2,18,22,0,2,2,14,0,0,0,2,0,0,10,0,0,0,0
"8_2","8","2","2022_10_11_10-22-05_24.jpg",12,4,16,4,6,0,20,0,0,0,30,0,0,0,8,0,0,0,0
"8_2","8","2","2022_10_11_10-22-05_272.jpg",52,4,2,20,0,0,6,0,0,0,0,0,0,0,2,0,0,0,0
"8_2","8","2","2022_10_11_10-22-05_280.jpg",52,8,2,16,2,0,2,2,0,0,0,2,2,0,2,0,0,0,0
"8_2","8","2","2022_10_11_10-22-05_112.jpg",2,4,0,6,0,0,36,4,0,0,0,6,2,0,40,0,0,0,0
"8_2","8","2","2022_10_11_10-22-05_384.jpg",10,0,6,6,0,26,0,2,0,0,12,4,22,0,12,0,0,0,0
"8_2","8","2","2022_10_11_10-22-05_80.jpg",6,0,2,10,0,0,10,0,0,0,38,12,0,0,22,0,0,0,0
"8_2","8","2","2022_10_11_10-22-05_16.jpg",6,18,12,34,2,0,8,0,0,0,6,12,0,0,0,0,0,0,0
