SU,key,site,transect,img_name,kelp_bryozoan,soft_sediment,cobble,pebble,unknown,filamentous_brown,acid_weed,rock_weed,kelp_holdfast,sargassum,sugar_kelp,green_algae,textured_kelp,smooth_kelp,other_brown_kelp,red_algae,shell_debris,anthro_substrate,seagrass,sessile_invert,mobile_invert,coralline_algae
1,1_1,1,1,2022_10_06_13-50-40_0.jpg,4,7,1,2,10,0,0,0,0,0,69,0,0,0,0,0,5,0,0,0,1,0
2,1_1,1,1,2022_10_06_13-50-40_104.jpg,3,5,6,4,1,0,0,0,0,0,61,2,0,0,0,0,8,0,0,0,1,0
3,1_1,1,1,2022_10_06_13-50-40_112.jpg,2,6,7,0,3,0,0,0,0,0,44,0,0,0,0,2,9,0,0,0,0,0
4,1_1,1,1,2022_10_06_13-50-40_120.jpg,0,0,8,3,0,0,0,0,0,0,68,3,0,0,0,0,11,0,0,0,0,0
5,1_1,1,1,2022_10_06_13-50-40_128.jpg,0,6,5,0,0,0,0,0,0,0,53,3,2,0,0,2,20,0,0,0,0,0
6,1_1,1,1,2022_10_06_13-50-40_136.jpg,0,8,4,0,0,0,0,0,0,0,67,1,0,0,0,0,16,0,1,0,0,0
7,1_1,1,1,2022_10_06_13-50-40_144.jpg,1,7,4,1,0,0,0,0,0,0,67,1,0,0,0,3,6,0,1,0,0,0
8,1_1,1,1,2022_10_06_13-50-40_152.jpg,0,2,8,1,0,0,0,0,2,0,51,0,0,0,0,0,31,0,0,0,0,0
9,1_1,1,1,2022_10_06_13-50-40_16.jpg,2,7,5,4,2,0,0,0,0,0,52,1,10,0,0,0,13,0,0,0,0,0
10,1_1,1,1,2022_10_06_13-50-40_160.jpg,1,3,5,1,0,0,0,0,0,0,80,1,0,0,0,0,7,0,0,0,0,0
11,1_1,1,1,2022_10_06_13-50-40_168.jpg,1,3,3,0,0,0,0,0,0,0,75,1,0,0,0,3,13,0,0,0,0,0
12,1_1,1,1,2022_10_06_13-50-40_176.jpg,1,9,1,0,22,0,0,0,0,0,45,1,2,0,0,0,5,0,0,0,0,0
13,1_1,1,1,2022_10_06_13-50-40_184.jpg,1,0,5,1,5,0,0,0,0,0,64,3,0,0,0,3,3,0,0,0,0,0
14,1_1,1,1,2022_10_06_13-50-40_192.jpg,0,1,8,0,6,0,0,0,0,0,73,2,0,0,3,0,2,0,0,0,0,0
15,1_1,1,1,2022_10_06_13-50-40_200.jpg,0,0,6,1,7,0,0,0,0,0,52,0,0,0,0,0,1,0,0,0,0,0
16,1_1,1,1,2022_10_06_13-50-40_208.jpg,3,2,4,0,1,0,0,0,0,0,79,0,0,0,0,0,3,0,0,0,0,0
17,1_1,1,1,2022_10_06_13-50-40_216.jpg,0,2,2,0,0,0,0,0,0,0,74,1,0,0,0,2,5,0,0,0,0,0
18,1_1,1,1,2022_10_06_13-50-40_224.jpg,0,3,3,4,0,0,0,0,0,0,66,6,0,0,0,0,11,0,0,0,0,0
19,1_1,1,1,2022_10_06_13-50-40_232.jpg,0,5,4,2,0,0,0,0,0,0,60,3,0,0,0,0,15,0,0,0,0,0
20,1_1,1,1,2022_10_06_13-50-40_24.jpg,0,3,11,0,7,0,0,0,0,0,53,2,0,0,0,0,17,0,0,0,0,0
21,1_1,1,1,2022_10_06_13-50-40_240.jpg,1,7,16,6,0,0,0,0,0,0,28,4,0,0,0,4,18,0,0,0,0,0
22,1_1,1,1,2022_10_06_13-50-40_248.jpg,0,1,4,0,0,0,0,0,0,0,84,0,0,0,0,0,7,0,0,0,0,0
23,1_1,1,1,2022_10_06_13-50-40_256.jpg,2,0,2,0,2,0,0,0,0,0,87,0,0,0,0,0,6,0,0,0,0,0
24,1_1,1,1,2022_10_06_13-50-40_264.jpg,0,2,3,0,4,0,0,0,0,0,49,2,29,0,0,0,6,0,0,0,0,0
25,1_1,1,1,2022_10_06_13-50-40_272.jpg,0,4,0,0,1,0,0,0,0,0,34,0,4,0,0,0,2,0,0,0,0,0
26,1_1,1,1,2022_10_06_13-50-40_280.jpg,0,0,2,0,0,1,0,0,0,0,47,0,13,0,0,0,4,0,0,0,0,0
27,1_1,1,1,2022_10_06_13-50-40_288.jpg,2,1,1,2,1,0,0,0,0,0,80,1,0,0,0,0,6,0,0,0,0,0
28,1_1,1,1,2022_10_06_13-50-40_296.jpg,1,2,2,0,5,0,0,0,0,0,74,0,0,0,0,0,6,0,0,0,0,0
29,1_1,1,1,2022_10_06_13-50-40_304.jpg,0,0,0,0,1,0,0,0,0,0,81,0,0,0,0,0,7,0,0,0,0,0
30,1_1,1,1,2022_10_06_13-50-40_312.jpg,1,3,3,1,5,0,0,0,0,0,74,0,0,0,0,0,12,0,0,0,0,0
31,1_1,1,1,2022_10_06_13-50-40_32.jpg,1,1,1,2,9,0,0,0,0,0,59,2,0,0,0,1,19,0,0,0,0,0
32,1_1,1,1,2022_10_06_13-50-40_320.jpg,1,2,5,1,4,0,0,0,0,0,56,0,6,0,0,0,12,0,0,0,0,0
33,1_1,1,1,2022_10_06_13-50-40_328.jpg,2,3,0,1,4,0,0,0,0,0,75,1,0,0,0,0,13,0,0,0,0,0
34,1_1,1,1,2022_10_06_13-50-40_336.jpg,0,6,3,1,6,0,0,0,0,0,65,0,5,0,0,0,6,0,0,0,0,0
35,1_1,1,1,2022_10_06_13-50-40_344.jpg,2,6,4,0,0,0,0,0,0,0,78,0,0,0,0,0,8,0,0,0,0,0
36,1_1,1,1,2022_10_06_13-50-40_352.jpg,0,2,4,0,2,0,0,0,0,0,74,8,0,0,0,0,3,0,0,0,0,0
37,1_1,1,1,2022_10_06_13-50-40_360.jpg,2,1,19,7,1,0,0,0,0,0,48,2,0,0,0,0,13,0,0,0,0,0
38,1_1,1,1,2022_10_06_13-50-40_368.jpg,1,1,14,3,1,0,0,0,0,0,48,2,1,0,0,0,13,0,0,0,0,0
39,1_1,1,1,2022_10_06_13-50-40_376.jpg,0,0,5,1,0,0,0,0,0,0,63,3,7,0,0,1,13,0,0,0,0,0
40,1_1,1,1,2022_10_06_13-50-40_384.jpg,1,1,2,8,1,0,0,0,0,0,67,1,11,0,0,0,8,0,0,0,0,0
41,1_1,1,1,2022_10_06_13-50-40_392.jpg,0,0,0,0,3,0,0,0,0,0,77,0,0,0,0,0,14,0,0,0,0,0
42,1_1,1,1,2022_10_06_13-50-40_40.jpg,0,1,2,3,10,0,0,0,0,0,70,0,0,0,0,0,11,0,0,0,0,0
43,1_1,1,1,2022_10_06_13-50-40_400.jpg,6,0,0,0,21,0,0,0,0,0,70,0,0,0,0,0,3,0,0,0,0,0
44,1_1,1,1,2022_10_06_13-50-40_408.jpg,1,6,1,3,4,0,0,0,0,0,72,0,0,0,0,0,10,0,0,0,0,0
45,1_1,1,1,2022_10_06_13-50-40_416.jpg,0,0,0,1,4,0,0,0,0,0,66,2,0,0,0,1,21,0,0,0,0,0
46,1_1,1,1,2022_10_06_13-50-40_424.jpg,0,9,4,0,6,6,0,0,0,0,44,3,3,0,0,15,4,0,0,0,2,0
47,1_1,1,1,2022_10_06_13-50-40_432.jpg,1,3,1,0,41,0,0,0,0,0,28,1,0,0,0,20,5,0,0,0,0,0
48,1_1,1,1,2022_10_06_13-50-40_440.jpg,1,4,0,0,1,0,0,0,1,0,77,0,0,0,0,7,2,0,0,2,0,0
49,1_1,1,1,2022_10_06_13-50-40_448.jpg,1,4,0,0,0,0,0,0,0,0,92,0,0,0,0,0,1,0,0,0,0,0
50,1_1,1,1,2022_10_06_13-50-40_456.jpg,1,0,0,0,1,0,0,0,0,0,97,0,0,0,0,0,1,0,0,0,0,0
51,1_1,1,1,2022_10_06_13-50-40_464.jpg,0,1,0,0,1,0,0,0,0,0,92,0,0,0,0,0,6,0,0,0,0,0
52,1_1,1,1,2022_10_06_13-50-40_472.jpg,0,1,0,0,0,0,0,0,0,0,98,0,0,0,0,0,1,0,0,0,0,0
53,1_1,1,1,2022_10_06_13-50-40_48.jpg,0,8,8,5,8,0,0,0,0,0,43,2,0,0,0,0,20,0,0,0,0,0
54,1_1,1,1,2022_10_06_13-50-40_480.jpg,0,2,2,0,0,0,0,0,0,0,84,3,0,0,0,1,8,0,0,0,0,0
55,1_1,1,1,2022_10_06_13-50-40_488.jpg,0,0,0,6,1,0,0,0,0,0,82,8,0,0,0,0,3,0,0,0,0,0
56,1_1,1,1,2022_10_06_13-50-40_56.jpg,1,4,4,4,3,0,0,0,0,0,68,1,0,0,0,0,15,0,0,0,0,0
57,1_1,1,1,2022_10_06_13-50-40_64.jpg,0,2,1,4,7,0,0,0,0,0,65,0,8,0,0,0,13,0,0,0,0,0
58,1_1,1,1,2022_10_06_13-50-40_72.jpg,0,0,8,5,1,0,0,0,0,0,59,8,0,0,0,0,19,0,0,0,0,0
59,1_1,1,1,2022_10_06_13-50-40_8.jpg,0,1,7,0,3,0,0,0,0,0,61,2,2,0,0,0,13,0,0,0,0,0
60,1_1,1,1,2022_10_06_13-50-40_80.jpg,1,1,7,9,1,0,0,0,0,0,48,3,0,0,0,0,28,0,0,0,0,0
61,1_1,1,1,2022_10_06_13-50-40_88.jpg,1,1,1,1,1,0,0,0,0,0,76,7,0,0,0,0,7,0,0,0,0,0
62,1_1,1,1,2022_10_06_13-50-40_96.jpg,1,2,1,7,1,0,0,0,0,0,70,0,8,0,0,0,8,0,0,0,0,0
63,2_1,2,1,2022_9_29_11-41-39_0.jpg,0,0,31,3,10,0,0,0,0,0,0,0,53,0,0,3,0,0,0,0,0,0
64,2_1,2,1,2022_9_29_11-41-39_104.jpg,0,9,0,4,24,0,0,0,0,0,1,0,47,0,0,1,13,0,0,0,0,0
65,2_1,2,1,2022_9_29_11-41-39_112.jpg,0,28,1,4,28,0,0,0,0,0,0,1,0,0,0,30,8,0,0,0,0,0
66,2_1,2,1,2022_9_29_11-41-39_120.jpg,0,13,1,8,33,0,0,0,0,0,0,1,13,0,0,7,21,0,0,0,0,0
67,2_1,2,1,2022_9_29_11-41-39_128.jpg,0,5,0,7,2,4,0,0,0,0,0,0,62,0,0,9,11,0,0,0,0,0
68,2_1,2,1,2022_9_29_11-41-39_136.jpg,0,16,13,3,10,2,0,0,0,0,0,2,15,0,0,23,14,0,0,0,1,0
69,2_1,2,1,2022_9_29_11-41-39_144.jpg,0,30,3,8,4,7,0,0,0,0,0,0,16,0,0,14,18,0,0,0,0,0
70,2_1,2,1,2022_9_29_11-41-39_152.jpg,0,21,0,10,9,8,0,0,0,0,0,1,14,0,0,5,23,0,0,0,0,1
71,2_1,2,1,2022_9_29_11-41-39_16.jpg,0,11,5,9,18,0,0,0,0,0,9,3,13,0,0,14,11,0,0,0,0,1
72,2_1,2,1,2022_9_29_11-41-39_160.jpg,0,31,2,20,10,3,0,0,0,0,0,1,0,0,0,6,14,0,0,0,1,0
73,2_1,2,1,2022_9_29_11-41-39_168.jpg,0,17,10,17,1,6,0,0,0,0,1,0,0,0,0,31,11,0,0,0,0,0
74,2_1,2,1,2022_9_29_11-41-39_176.jpg,0,12,1,6,5,3,0,0,0,0,0,3,13,0,0,39,18,0,0,0,0,0
75,2_1,2,1,2022_9_29_11-41-39_184.jpg,0,9,0,0,3,0,0,0,0,0,0,0,63,0,0,12,13,0,0,0,0,0
76,2_1,2,1,2022_9_29_11-41-39_192.jpg,0,32,0,7,10,5,0,0,0,0,1,0,0,0,0,22,22,0,0,0,0,0
77,2_1,2,1,2022_9_29_11-41-39_200.jpg,0,40,2,7,9,2,0,0,0,0,0,3,6,0,0,19,11,0,0,0,0,0
78,2_1,2,1,2022_9_29_11-41-39_208.jpg,0,17,3,14,26,0,0,0,0,0,0,4,20,0,0,1,14,0,0,0,1,0
79,2_1,2,1,2022_9_29_11-41-39_216.jpg,0,8,0,29,4,0,0,0,0,0,0,0,36,0,0,2,20,0,0,0,0,0
80,2_1,2,1,2022_9_29_11-41-39_224.jpg,0,36,7,6,39,0,0,0,0,0,0,0,0,0,0,1,11,0,0,0,0,0
81,2_1,2,1,2022_9_29_11-41-39_232.jpg,0,7,3,7,58,0,0,0,0,0,0,0,0,0,0,0,25,0,0,0,0,0
82,2_1,2,1,2022_9_29_11-41-39_24.jpg,0,32,5,16,22,0,0,0,0,0,1,0,4,0,0,13,3,0,0,0,0,0
83,2_1,2,1,2022_9_29_11-41-39_240.jpg,0,5,1,30,37,0,0,0,0,0,0,0,2,0,0,7,18,0,0,0,0,0
84,2_1,2,1,2022_9_29_11-41-39_248.jpg,0,15,3,18,4,0,0,0,0,0,0,0,48,0,0,0,12,0,0,0,0,0
85,2_1,2,1,2022_9_29_11-41-39_256.jpg,0,17,0,3,32,0,0,0,0,0,0,0,26,0,0,0,20,0,0,0,2,0
86,2_1,2,1,2022_9_29_11-41-39_264.jpg,0,38,4,10,8,4,0,0,0,0,6,3,2,0,0,5,19,0,0,0,0,0
87,2_1,2,1,2022_9_29_11-41-39_272.jpg,0,50,0,4,5,13,0,0,0,0,0,0,0,0,0,11,14,0,0,0,0,0
88,2_1,2,1,2022_9_29_11-41-39_280.jpg,0,24,2,11,3,0,0,0,0,0,8,0,35,0,0,5,12,0,0,0,0,0
89,2_1,2,1,2022_9_29_11-41-39_288.jpg,0,15,0,2,9,19,0,0,0,0,0,0,11,0,0,14,28,0,0,0,1,0
90,2_1,2,1,2022_9_29_11-41-39_296.jpg,0,4,0,0,12,0,0,0,0,0,4,0,56,0,0,3,16,0,0,0,0,0
91,2_1,2,1,2022_9_29_11-41-39_304.jpg,0,14,0,2,9,2,0,0,0,0,0,0,0,0,0,11,46,0,0,0,1,0
92,2_1,2,1,2022_9_29_11-41-39_312.jpg,0,20,0,6,13,1,0,0,0,0,0,0,0,0,0,12,42,0,0,0,0,0
93,2_1,2,1,2022_9_29_11-41-39_32.jpg,0,35,5,8,20,1,0,0,0,0,0,2,10,0,0,15,4,0,0,0,0,0
94,2_1,2,1,2022_9_29_11-41-39_320.jpg,0,6,1,7,5,1,0,0,0,0,0,0,39,0,0,15,25,0,0,0,0,0
95,2_1,2,1,2022_9_29_11-41-39_328.jpg,0,1,1,0,3,3,0,0,0,0,0,0,74,0,0,7,4,0,0,0,0,0
96,2_1,2,1,2022_9_29_11-41-39_336.jpg,0,6,3,2,7,2,0,0,0,0,1,0,67,0,0,0,11,0,0,1,0,0
97,2_1,2,1,2022_9_29_11-41-39_344.jpg,0,11,0,1,6,0,0,0,0,0,0,0,48,0,0,7,25,0,0,0,0,0
98,2_1,2,1,2022_9_29_11-41-39_352.jpg,0,1,1,1,3,3,0,0,0,0,0,0,74,0,0,12,2,0,0,0,0,0
99,2_1,2,1,2022_9_29_11-41-39_360.jpg,0,16,0,1,1,5,0,0,0,0,0,0,38,0,0,8,28,0,0,0,0,0
100,2_1,2,1,2022_9_29_11-41-39_368.jpg,0,3,0,1,0,0,0,0,0,0,0,0,86,0,0,0,10,0,0,0,0,0
101,2_1,2,1,2022_9_29_11-41-39_376.jpg,0,16,0,3,8,4,0,0,0,0,1,0,10,0,0,12,34,0,0,0,0,0
102,2_1,2,1,2022_9_29_11-41-39_384.jpg,0,9,1,8,9,1,0,0,0,0,0,0,33,0,0,4,35,0,0,0,0,0
103,2_1,2,1,2022_9_29_11-41-39_392.jpg,0,12,1,15,2,0,0,0,0,0,1,0,23,0,0,2,44,0,0,0,0,0
104,2_1,2,1,2022_9_29_11-41-39_40.jpg,0,48,0,0,29,0,0,0,0,0,4,1,0,0,0,15,0,3,0,0,0,0
105,2_1,2,1,2022_9_29_11-41-39_400.jpg,0,14,0,11,3,0,0,0,0,0,0,0,18,0,0,3,47,0,0,0,0,0
106,2_1,2,1,2022_9_29_11-41-39_408.jpg,0,3,0,0,0,0,0,0,0,0,0,0,82,0,0,3,12,0,0,0,0,0
107,2_1,2,1,2022_9_29_11-41-39_416.jpg,0,7,1,2,4,0,0,0,0,0,0,0,59,0,0,1,24,0,0,0,0,0
108,2_1,2,1,2022_9_29_11-41-39_424.jpg,0,11,1,0,6,0,0,0,0,0,1,0,41,0,0,5,35,0,0,0,0,0
109,2_1,2,1,2022_9_29_11-41-39_432.jpg,0,5,6,0,7,0,0,0,0,0,0,0,51,0,0,3,25,0,0,0,2,0
110,2_1,2,1,2022_9_29_11-41-39_440.jpg,0,1,2,0,2,0,0,0,0,0,0,0,92,0,0,0,3,0,0,0,0,0
111,2_1,2,1,2022_9_29_11-41-39_448.jpg,0,0,0,9,5,0,0,0,0,0,0,1,47,0,0,0,36,0,0,0,0,0
112,2_1,2,1,2022_9_29_11-41-39_456.jpg,0,1,3,7,13,0,0,0,0,0,0,0,11,0,0,15,46,0,0,0,0,0
113,2_1,2,1,2022_9_29_11-41-39_464.jpg,0,0,3,2,2,1,0,0,0,0,0,0,57,0,0,14,20,0,0,0,0,0
114,2_1,2,1,2022_9_29_11-41-39_48.jpg,0,20,0,0,54,0,0,0,0,0,1,4,1,0,0,19,0,0,0,0,0,0
115,2_1,2,1,2022_9_29_11-41-39_56.jpg,0,16,0,0,48,0,0,0,0,0,0,0,16,0,0,19,0,0,0,0,0,0
116,2_1,2,1,2022_9_29_11-41-39_64.jpg,0,15,4,3,38,0,0,0,0,0,0,0,29,0,0,7,1,0,0,0,0,0
117,2_1,2,1,2022_9_29_11-41-39_72.jpg,0,26,0,3,25,0,0,0,0,0,0,1,21,0,0,22,2,0,0,0,0,0
118,2_1,2,1,2022_9_29_11-41-39_8.jpg,0,11,14,10,13,0,0,0,0,0,1,1,22,0,0,4,13,0,0,0,0,0
119,2_1,2,1,2022_9_29_11-41-39_80.jpg,0,12,3,12,11,0,0,0,0,0,0,0,29,0,0,15,8,0,0,0,0,0
120,2_1,2,1,2022_9_29_11-41-39_88.jpg,0,20,3,18,25,0,0,0,0,0,0,0,0,0,0,4,24,0,0,0,0,0
121,2_1,2,1,2022_9_29_11-41-39_96.jpg,0,9,0,2,4,0,0,0,0,0,0,0,50,0,0,8,13,0,0,0,0,0
122,3_1,3,1,2022_9_29_10-12-09_0.jpg,0,1,4,0,20,0,0,0,0,0,0,0,55,0,0,3,0,0,0,0,0,0
123,3_1,3,1,2022_9_29_10-12-09_104.jpg,0,0,0,0,15,0,0,0,0,0,1,0,34,0,0,11,0,0,0,0,1,8
124,3_1,3,1,2022_9_29_10-12-09_112.jpg,0,0,4,0,19,0,0,0,0,0,0,0,0,0,0,25,0,0,0,0,0,4
125,3_1,3,1,2022_9_29_10-12-09_120.jpg,0,0,14,0,25,6,0,0,0,0,0,0,32,0,0,12,0,0,0,0,0,3
126,3_1,3,1,2022_9_29_10-12-09_128.jpg,0,0,5,0,13,0,0,0,0,0,0,0,38,0,0,8,0,0,0,0,0,7
127,3_1,3,1,2022_9_29_10-12-09_136.jpg,0,0,0,0,4,0,0,0,0,0,0,0,72,0,0,2,0,0,0,0,0,2
128,3_1,3,1,2022_9_29_10-12-09_144.jpg,0,0,0,0,29,0,0,0,0,0,0,0,0,10,0,10,0,0,0,0,0,0
129,3_1,3,1,2022_9_29_10-12-09_152.jpg,0,0,18,0,34,0,0,0,0,0,0,0,10,0,0,22,0,0,0,0,1,5
130,3_1,3,1,2022_9_29_10-12-09_160.jpg,0,0,16,0,34,0,0,0,0,0,0,0,19,0,0,13,0,0,0,0,0,3
131,3_1,3,1,2022_9_29_10-12-09_168.jpg,0,0,10,0,18,3,0,0,0,0,0,0,33,0,0,2,0,0,0,0,0,11
132,3_1,3,1,2022_9_29_10-12-09_176.jpg,0,0,3,0,33,5,0,0,0,0,3,0,29,0,0,5,0,0,0,0,0,4
133,3_1,3,1,2022_9_29_10-12-09_184.jpg,0,0,0,0,46,0,0,0,0,0,1,0,0,0,0,2,0,0,0,8,0,0
134,3_1,3,1,2022_9_29_10-12-09_192.jpg,0,0,4,0,26,2,0,0,0,0,16,0,0,0,0,15,0,0,0,0,0,5
135,3_1,3,1,2022_9_29_10-12-09_200.jpg,0,0,6,0,19,2,0,0,0,0,15,0,3,0,0,15,0,0,2,2,2,14
136,3_1,3,1,2022_9_29_10-12-09_208.jpg,0,0,17,0,22,0,0,0,0,0,0,0,31,0,0,3,0,0,0,0,0,0
137,3_1,3,1,2022_9_29_10-12-09_216.jpg,0,2,7,1,10,0,0,0,0,0,0,0,51,0,0,1,0,0,0,0,0,7
138,3_1,3,1,2022_9_29_10-12-09_224.jpg,0,0,13,0,47,0,0,0,0,0,0,0,0,0,0,12,1,0,0,0,0,7
139,3_1,3,1,2022_9_29_10-12-09_232.jpg,0,0,3,0,10,0,0,0,0,0,3,0,24,0,0,9,0,0,0,5,0,14
140,3_1,3,1,2022_9_29_10-12-09_24.jpg,0,0,0,0,48,0,0,0,0,0,3,0,46,0,0,2,0,0,0,0,0,0
141,3_1,3,1,2022_9_29_10-12-09_240.jpg,0,0,0,0,12,0,0,0,0,0,0,1,0,0,0,21,0,0,0,0,0,10
142,3_1,3,1,2022_9_29_10-12-09_256.jpg,1,0,0,0,10,0,0,0,0,0,14,0,49,0,0,2,0,0,0,1,0,2
143,3_1,3,1,2022_9_29_10-12-09_264.jpg,0,0,0,0,43,0,0,0,0,0,0,0,11,0,0,3,0,0,0,0,0,10
144,3_1,3,1,2022_9_29_10-12-09_272.jpg,0,0,0,0,24,0,0,0,0,0,0,2,0,0,0,0,0,0,0,0,0,8
145,3_1,3,1,2022_9_29_10-12-09_280.jpg,0,0,0,0,17,4,0,0,0,0,0,0,0,0,0,5,0,0,0,0,0,9
146,3_1,3,1,2022_9_29_10-12-09_288.jpg,0,0,0,0,54,0,0,0,1,0,3,0,2,0,0,8,0,0,0,0,0,4
147,3_1,3,1,2022_9_29_10-12-09_296.jpg,0,0,0,1,20,7,0,0,0,0,5,2,18,0,0,0,1,1,0,0,0,6
148,3_1,3,1,2022_9_29_10-12-09_304.jpg,0,0,3,0,20,21,0,0,0,0,0,2,14,0,0,6,1,0,0,0,0,1
149,3_1,3,1,2022_9_29_10-12-09_304.jpg,0,0,3,0,20,21,0,0,0,0,0,2,14,0,0,6,1,0,0,0,0,1
150,3_1,3,1,2022_9_29_10-12-09_312.jpg,0,0,2,0,8,6,0,0,0,0,0,2,52,0,0,0,0,0,0,0,0,5
151,3_1,3,1,2022_9_29_10-12-09_32.jpg,0,0,0,0,17,1,0,0,0,0,10,0,37,0,0,4,0,0,0,0,0,14
152,3_1,3,1,2022_9_29_10-12-09_320.jpg,0,0,3,0,9,0,0,0,0,0,0,0,11,0,0,31,0,0,0,0,0,4
153,3_1,3,1,2022_9_29_10-12-09_328.jpg,0,0,0,0,22,3,0,0,0,0,8,2,12,0,0,14,0,0,0,0,0,8
154,3_1,3,1,2022_9_29_10-12-09_336.jpg,0,0,0,0,17,2,0,0,0,0,18,0,17,0,0,11,1,0,0,0,0,3
155,3_1,3,1,2022_9_29_10-12-09_344.jpg,0,1,0,0,30,0,0,0,0,0,1,0,20,0,0,5,0,0,0,0,0,9
156,3_1,3,1,2022_9_29_10-12-09_352.jpg,0,0,0,0,4,0,0,0,0,0,0,6,48,0,0,29,0,0,0,0,0,8
157,3_1,3,1,2022_9_29_10-12-09_360.jpg,0,0,1,0,1,0,0,0,0,0,2,25,34,0,0,17,0,0,0,0,0,8
158,3_1,3,1,2022_9_29_10-12-09_368.jpg,0,0,0,0,28,0,0,0,0,0,0,37,0,0,0,33,0,0,0,0,1,1
159,3_1,3,1,2022_9_29_10-12-09_376.jpg,0,0,0,0,0,0,0,0,0,0,3,60,7,0,0,23,0,0,0,0,1,0
160,3_1,3,1,2022_9_29_10-12-09_384.jpg,0,5,0,0,3,0,0,0,0,0,0,68,1,0,0,19,0,0,0,0,1,3
161,3_1,3,1,2022_9_29_10-12-09_392.jpg,0,1,0,0,3,2,0,0,0,0,2,59,0,0,0,17,1,0,0,0,0,3
162,3_1,3,1,2022_9_29_10-12-09_40.jpg,0,0,33,0,8,0,0,0,0,0,0,0,30,0,0,2,0,0,0,0,0,0
163,3_1,3,1,2022_9_29_10-12-09_400.jpg,0,0,0,0,24,0,0,0,0,0,0,67,0,0,0,9,0,0,0,0,0,0
164,3_1,3,1,2022_9_29_10-12-09_408.jpg,0,0,4,0,9,0,0,0,0,0,0,69,0,0,0,18,0,0,0,0,0,0
165,3_1,3,1,2022_9_29_10-12-09_416.jpg,0,0,1,0,4,0,0,0,0,0,0,88,0,0,0,6,0,0,0,0,0,0
166,3_1,3,1,2022_9_29_10-12-09_424.jpg,0,0,0,0,3,0,0,0,0,0,0,89,0,0,0,7,0,0,0,0,0,0
167,3_1,3,1,2022_9_29_10-12-09_432.jpg,0,0,0,0,6,0,0,0,0,0,0,86,0,0,0,8,0,0,0,0,0,0
168,3_1,3,1,2022_9_29_10-12-09_440.jpg,0,0,0,0,39,0,0,0,0,6,0,40,0,0,0,7,0,0,0,0,0,0
169,3_1,3,1,2022_9_29_10-12-09_448.jpg,0,3,3,0,42,1,0,0,0,0,0,21,0,0,0,25,0,0,0,0,1,1
170,3_1,3,1,2022_9_29_10-12-09_456.jpg,0,5,3,1,50,0,0,0,0,0,0,9,0,0,0,25,2,0,0,0,0,0
171,3_1,3,1,2022_9_29_10-12-09_464.jpg,0,0,0,0,16,0,0,0,0,0,11,6,4,0,0,29,2,0,0,0,0,0
172,3_1,3,1,2022_9_29_10-12-09_472.jpg,0,0,0,0,10,3,0,0,0,0,11,11,6,0,0,17,5,0,0,0,0,8
173,3_1,3,1,2022_9_29_10-12-09_48.jpg,0,1,1,0,5,0,0,0,0,0,9,0,50,0,0,8,0,0,0,0,0,0
174,3_1,3,1,2022_9_29_10-12-09_480.jpg,0,0,0,0,15,0,0,0,0,0,13,1,15,0,0,11,0,0,0,0,0,8
175,3_1,3,1,2022_9_29_10-12-09_488.jpg,0,0,0,0,18,0,0,0,0,4,0,19,3,0,0,27,0,0,0,0,0,1
176,3_1,3,1,2022_9_29_10-12-09_496.jpg,0,0,2,0,13,1,0,0,0,0,19,8,8,0,0,13,0,0,0,0,4,8
177,3_1,3,1,2022_9_29_10-12-09_504.jpg,0,1,9,2,8,0,0,0,0,0,15,11,21,0,0,10,0,0,0,0,0,8
178,3_1,3,1,2022_9_29_10-12-09_520.jpg,0,0,0,3,7,0,0,0,0,0,0,24,16,0,0,18,0,0,0,0,0,0
179,3_1,3,1,2022_9_29_10-12-09_528.jpg,0,1,0,0,3,0,0,0,0,0,1,0,69,0,0,0,0,0,0,0,0,16
180,3_1,3,1,2022_9_29_10-12-09_536.jpg,0,0,0,0,14,0,0,0,0,0,1,13,28,0,0,11,0,0,0,0,0,9
181,3_1,3,1,2022_9_29_10-12-09_544.jpg,0,1,0,0,9,1,0,0,0,0,4,10,20,0,0,22,0,0,0,0,0,11
182,3_1,3,1,2022_9_29_10-12-09_552.jpg,0,5,0,0,15,5,0,0,0,0,2,9,16,0,0,7,0,0,0,0,0,21
183,3_1,3,1,2022_9_29_10-12-09_56.jpg,0,0,2,0,9,0,0,0,0,0,0,0,60,0,0,6,0,0,0,0,1,5
184,3_1,3,1,2022_9_29_10-12-09_560.jpg,0,1,2,0,12,3,0,0,0,0,3,0,39,0,0,10,0,0,0,0,3,1
185,3_1,3,1,2022_9_29_10-12-09_568.jpg,0,5,2,1,17,0,0,0,0,0,0,0,29,0,0,2,1,0,0,0,0,5
186,3_1,3,1,2022_9_29_10-12-09_576.jpg,0,0,0,0,14,5,0,0,0,0,4,9,8,0,0,16,0,0,0,0,0,5
187,3_1,3,1,2022_9_29_10-12-09_584.jpg,0,2,0,0,15,2,0,0,0,0,1,0,26,0,0,7,0,0,0,0,0,23
188,3_1,3,1,2022_9_29_10-12-09_592.jpg,0,8,0,0,14,0,0,0,0,0,21,1,1,0,0,9,15,0,0,0,0,6
189,3_1,3,1,2022_9_29_10-12-09_600.jpg,0,0,0,0,17,33,0,0,0,0,12,0,1,0,0,5,0,0,0,0,0,1
190,3_1,3,1,2022_9_29_10-12-09_608.jpg,0,7,0,0,20,3,0,0,0,0,4,1,8,0,0,13,6,0,0,0,0,8
191,3_1,3,1,2022_9_29_10-12-09_616.jpg,0,0,0,0,18,0,0,0,2,0,4,0,19,0,0,10,8,0,0,0,0,3
192,3_1,3,1,2022_9_29_10-12-09_624.jpg,0,0,10,0,16,0,0,0,1,0,7,1,9,0,0,13,0,0,0,0,0,6
193,3_1,3,1,2022_9_29_10-12-09_632.jpg,0,0,30,0,25,0,0,0,0,0,0,2,5,0,0,10,0,0,0,0,0,4
194,3_1,3,1,2022_9_29_10-12-09_64.jpg,0,0,5,0,6,2,0,0,0,0,4,0,53,0,0,2,1,0,0,0,0,1
195,3_1,3,1,2022_9_29_10-12-09_640.jpg,2,0,1,0,17,0,0,0,0,0,0,0,37,0,0,5,0,0,0,0,0,0
196,3_1,3,1,2022_9_29_10-12-09_648.jpg,0,0,0,0,8,0,0,0,0,0,1,0,21,0,0,16,0,0,0,0,0,12
197,3_1,3,1,2022_9_29_10-12-09_656.jpg,0,0,18,0,18,0,0,0,0,0,0,0,20,0,1,0,0,0,0,0,0,0
198,3_1,3,1,2022_9_29_10-12-09_664.jpg,0,0,0,0,83,0,0,0,0,0,1,0,0,0,0,1,0,0,0,0,0,0
199,3_1,3,1,2022_9_29_10-12-09_672.jpg,0,0,5,0,47,0,0,0,0,0,2,0,0,0,0,7,0,0,0,0,0,0
200,3_1,3,1,2022_9_29_10-12-09_680.jpg,0,0,5,0,17,0,0,0,0,0,0,0,41,0,0,5,0,0,0,0,0,0
201,3_1,3,1,2022_9_29_10-12-09_688.jpg,0,1,3,2,32,4,0,0,0,0,10,1,11,0,0,13,0,0,0,0,3,2
202,3_1,3,1,2022_9_29_10-12-09_696.jpg,0,0,3,0,28,0,0,0,0,0,0,0,0,0,0,6,0,0,0,0,0,0
203,3_1,3,1,2022_9_29_10-12-09_704.jpg,0,0,7,0,27,0,0,0,0,0,0,0,0,0,0,16,0,0,0,0,0,7
204,3_1,3,1,2022_9_29_10-12-09_712.jpg,0,0,0,1,29,0,0,0,0,0,8,0,0,0,0,3,0,1,0,0,0,0
205,3_1,3,1,2022_9_29_10-12-09_72.jpg,0,0,0,0,7,0,0,0,0,0,1,0,76,0,0,0,0,0,0,0,0,3
206,3_1,3,1,2022_9_29_10-12-09_720.jpg,0,0,0,0,43,0,0,0,0,0,0,0,0,0,0,4,0,0,0,0,1,0
207,3_1,3,1,2022_9_29_10-12-09_728.jpg,0,0,0,0,23,0,0,0,0,0,0,0,23,0,0,1,0,0,0,0,0,0
208,3_1,3,1,2022_9_29_10-12-09_736.jpg,0,0,7,0,17,0,0,0,0,0,0,1,26,0,0,4,0,0,0,0,0,0
209,3_1,3,1,2022_9_29_10-12-09_744.jpg,0,0,0,0,10,0,0,0,0,0,0,0,26,0,0,5,0,0,0,0,0,0
210,3_1,3,1,2022_9_29_10-12-09_752.jpg,0,0,0,1,72,0,0,0,0,0,0,0,1,0,0,4,0,0,0,7,0,0
211,3_1,3,1,2022_9_29_10-12-09_760.jpg,0,0,19,0,34,0,0,0,0,0,0,10,0,0,0,2,7,0,0,0,6,0
212,3_1,3,1,2022_9_29_10-12-09_8.jpg,0,0,6,0,5,3,0,0,0,0,4,0,65,0,0,4,5,0,0,0,0,0
213,3_1,3,1,2022_9_29_10-12-09_80.jpg,0,0,1,0,3,0,0,0,0,0,0,0,36,0,0,8,0,0,0,0,0,3
214,3_1,3,1,2022_9_29_10-12-09_88.jpg,0,0,0,0,22,0,0,0,0,0,0,0,33,0,0,9,0,0,0,0,2,0
215,3_1,3,1,2022_9_29_10-12-09_96.jpg,0,1,9,0,7,1,0,0,0,0,2,0,48,0,1,10,0,0,0,0,0,3
216,4_1,4,1,2022_10_10_09-46-57_0.jpg,0,9,5,7,5,0,0,0,0,0,1,0,42,0,0,3,7,0,0,0,0,0
217,4_1,4,1,2022_10_10_09-46-57_104.jpg,0,7,3,6,6,0,0,0,0,0,0,1,56,0,0,5,16,0,0,0,0,0
218,4_1,4,1,2022_10_10_09-46-57_112.jpg,0,10,0,6,4,0,0,0,0,0,0,0,39,0,0,5,26,0,0,0,0,0
219,4_1,4,1,2022_10_10_09-46-57_120.jpg,0,7,0,4,6,0,0,0,0,0,0,0,54,0,0,5,21,0,0,0,0,0
220,4_1,4,1,2022_10_10_09-46-57_128.jpg,0,4,0,1,64,0,0,0,0,0,4,2,0,0,0,3,22,0,0,0,0,0
221,4_1,4,1,2022_10_10_09-46-57_136.jpg,0,12,2,10,10,0,0,0,0,0,0,4,0,0,0,4,23,0,0,0,0,0
222,4_1,4,1,2022_10_10_09-46-57_144.jpg,0,8,4,20,12,0,0,0,0,0,0,1,18,0,0,10,23,0,0,0,0,0
223,4_1,4,1,2022_10_10_09-46-57_152.jpg,0,8,2,34,22,0,0,0,0,0,0,4,0,0,0,9,19,0,0,0,0,0
224,4_1,4,1,2022_10_10_09-46-57_16.jpg,0,0,2,28,5,2,0,0,0,0,0,0,47,0,0,4,10,0,0,0,0,0
225,4_1,4,1,2022_10_10_09-46-57_160.jpg,0,1,0,8,50,0,0,0,0,0,0,0,0,0,0,0,41,0,0,0,0,0
226,4_1,4,1,2022_10_10_09-46-57_168.jpg,0,4,5,42,14,0,0,0,0,0,0,2,0,0,0,2,29,0,0,0,0,0
227,4_1,4,1,2022_10_10_09-46-57_176.jpg,0,10,5,36,12,0,0,0,0,0,1,0,0,0,0,1,34,0,0,0,0,1
228,4_1,4,1,2022_10_10_09-46-57_184.jpg,0,33,5,12,11,0,0,0,0,0,2,3,0,0,0,8,25,0,0,0,0,0
229,4_1,4,1,2022_10_10_09-46-57_192.jpg,0,26,6,15,3,1,0,0,0,0,0,2,0,0,0,3,36,0,0,0,2,0
230,4_1,4,1,2022_10_10_09-46-57_200.jpg,0,15,0,33,2,0,0,0,0,0,0,1,26,0,0,1,17,0,0,0,0,0
231,4_1,4,1,2022_10_10_09-46-57_208.jpg,0,21,2,50,0,0,0,0,0,0,4,4,0,0,0,2,17,0,0,0,0,0
232,4_1,4,1,2022_10_10_09-46-57_216.jpg,0,18,0,26,7,0,0,0,0,0,6,1,0,0,0,3,38,0,0,0,0,0
233,4_1,4,1,2022_10_10_09-46-57_224.jpg,0,4,0,1,11,0,0,0,0,0,0,1,67,0,0,6,9,0,0,0,0,0
234,4_1,4,1,2022_10_10_09-46-57_232.jpg,0,9,0,1,2,0,0,0,0,0,0,0,46,0,0,1,31,0,0,0,0,0
235,4_1,4,1,2022_10_10_09-46-57_24.jpg,0,15,0,6,9,0,0,0,0,0,0,0,13,0,0,3,45,0,1,0,0,0
236,4_1,4,1,2022_10_10_09-46-57_240.jpg,0,10,0,1,7,0,0,0,0,0,0,1,30,0,0,4,40,0,0,0,0,0
237,4_1,4,1,2022_10_10_09-46-57_248.jpg,0,3,0,0,40,0,0,0,0,0,0,4,45,0,0,0,8,0,0,0,0,0
238,4_1,4,1,2022_10_10_09-46-57_256.jpg,0,16,1,25,5,0,0,0,0,0,0,8,10,0,0,7,27,0,0,0,0,0
239,4_1,4,1,2022_10_10_09-46-57_264.jpg,0,5,2,27,11,0,0,0,0,0,0,0,0,0,0,21,30,0,0,0,0,0
240,4_1,4,1,2022_10_10_09-46-57_272.jpg,0,9,10,16,10,0,0,0,0,0,2,0,15,0,0,2,29,0,0,0,0,0
241,4_1,4,1,2022_10_10_09-46-57_280.jpg,0,2,10,11,4,0,0,0,0,0,0,0,20,0,0,14,13,0,0,0,0,0
242,4_1,4,1,2022_10_10_09-46-57_288.jpg,0,3,8,17,8,0,0,0,0,0,0,0,13,0,0,28,18,0,0,0,0,0
243,4_1,4,1,2022_10_10_09-46-57_296.jpg,0,3,2,28,21,0,0,0,0,0,0,4,0,0,0,13,21,0,0,0,0,0
244,4_1,4,1,2022_10_10_09-46-57_304.jpg,0,2,7,34,20,0,0,0,0,0,0,2,7,0,0,6,14,0,0,0,0,1
245,4_1,4,1,2022_10_10_09-46-57_312.jpg,0,10,3,4,6,0,0,0,0,0,3,5,40,0,0,1,28,0,0,0,0,0
246,4_1,4,1,2022_10_10_09-46-57_32.jpg,0,6,2,13,7,0,0,0,0,0,0,0,41,0,0,14,17,0,0,0,0,0
247,4_1,4,1,2022_10_10_09-46-57_320.jpg,0,22,0,0,0,0,0,0,0,0,0,3,50,0,0,0,20,0,0,0,0,0
248,4_1,4,1,2022_10_10_09-46-57_328.jpg,0,9,4,3,9,0,0,0,0,0,0,1,42,0,0,2,22,0,0,0,0,0
249,4_1,4,1,2022_10_10_09-46-57_336.jpg,0,24,0,0,8,0,0,0,0,0,0,1,40,0,0,4,14,0,0,0,0,0
250,4_1,4,1,2022_10_10_09-46-57_344.jpg,0,0,2,0,8,0,0,0,0,0,0,0,60,0,0,2,4,0,0,0,0,0
251,4_1,4,1,2022_10_10_09-46-57_352.jpg,0,3,3,0,8,0,0,0,0,0,0,0,78,0,0,5,0,0,0,0,0,0
252,4_1,4,1,2022_10_10_09-46-57_360.jpg,0,15,7,1,8,0,0,0,0,0,0,2,42,0,0,1,4,0,0,1,1,0
253,4_1,4,1,2022_10_10_09-46-57_368.jpg,0,33,4,1,23,0,0,0,0,0,0,0,6,0,0,5,15,0,0,0,0,0
254,4_1,4,1,2022_10_10_09-46-57_376.jpg,0,14,2,0,7,0,0,0,0,0,0,0,60,0,0,2,15,0,0,0,0,0
255,4_1,4,1,2022_10_10_09-46-57_384.jpg,0,26,0,0,0,1,0,0,0,0,1,3,45,0,0,7,17,0,0,0,0,0
256,4_1,4,1,2022_10_10_09-46-57_392.jpg,0,2,0,0,29,0,0,0,0,0,0,0,53,0,0,0,16,0,0,0,0,0
257,4_1,4,1,2022_10_10_09-46-57_40.jpg,0,9,2,26,7,0,0,0,0,0,0,2,33,0,0,4,16,0,0,0,0,0
258,4_1,4,1,2022_10_10_09-46-57_400.jpg,0,7,0,9,2,0,0,0,0,0,1,3,1,0,0,18,59,0,0,0,0,0
259,4_1,4,1,2022_10_10_09-46-57_408.jpg,0,22,1,0,2,0,0,0,0,0,2,1,40,0,0,1,28,0,0,0,0,0
260,4_1,4,1,2022_10_10_09-46-57_416.jpg,0,14,0,0,0,0,0,0,0,0,1,0,69,0,0,0,16,0,0,0,0,0
261,4_1,4,1,2022_10_10_09-46-57_424.jpg,0,8,2,1,12,0,0,0,0,0,0,1,36,0,0,6,18,0,0,1,2,0
262,4_1,4,1,2022_10_10_09-46-57_432.jpg,0,12,0,0,1,0,0,0,0,0,0,1,51,0,0,0,23,0,0,0,0,0
263,4_1,4,1,2022_10_10_09-46-57_440.jpg,0,10,0,0,28,0,0,0,0,0,0,0,51,0,0,0,11,0,0,0,0,0
264,4_1,4,1,2022_10_10_09-46-57_448.jpg,0,11,0,1,22,0,0,0,0,0,2,0,45,0,0,0,19,0,0,0,0,0
265,4_1,4,1,2022_10_10_09-46-57_456.jpg,0,36,0,2,6,0,0,0,0,0,4,0,0,0,0,1,51,0,0,0,0,0
266,4_1,4,1,2022_10_10_09-46-57_464.jpg,0,2,0,0,28,0,0,0,0,0,0,0,61,0,0,0,9,0,0,0,0,0
267,4_1,4,1,2022_10_10_09-46-57_472.jpg,0,14,4,0,9,0,0,0,0,0,24,0,0,0,0,0,24,0,0,0,0,0
268,4_1,4,1,2022_10_10_09-46-57_48.jpg,0,15,4,4,8,1,0,0,0,0,0,0,6,0,0,17,24,0,0,0,0,0
269,4_1,4,1,2022_10_10_09-46-57_480.jpg,0,4,0,0,21,0,0,0,0,0,1,0,44,0,0,0,30,0,0,0,0,0
270,4_1,4,1,2022_10_10_09-46-57_488.jpg,0,9,0,0,8,0,0,0,0,0,0,0,53,0,0,0,30,0,0,0,0,0
271,4_1,4,1,2022_10_10_09-46-57_496.jpg,0,12,1,5,5,0,0,0,0,0,6,0,42,0,0,3,26,0,0,0,0,0
272,4_1,4,1,2022_10_10_09-46-57_56.jpg,0,10,0,6,7,0,0,0,0,0,0,0,53,0,0,6,5,0,0,0,0,0
273,4_1,4,1,2022_10_10_09-46-57_64.jpg,0,21,2,8,12,1,0,0,0,0,0,0,35,0,0,12,3,0,0,0,0,1
274,4_1,4,1,2022_10_10_09-46-57_72.jpg,0,12,13,22,8,0,0,0,0,0,0,0,0,0,0,23,10,0,0,0,0,0
275,4_1,4,1,2022_10_10_09-46-57_8.jpg,0,8,8,13,1,0,0,0,0,0,0,0,42,0,0,1,14,0,0,0,0,0
276,4_1,4,1,2022_10_10_09-46-57_80.jpg,0,10,1,35,8,0,0,0,0,0,0,0,11,0,0,18,11,0,0,0,0,1
277,4_1,4,1,2022_10_10_09-46-57_88.jpg,0,12,4,26,8,0,0,0,0,0,0,0,20,0,0,2,26,0,0,0,0,0
278,4_1,4,1,2022_10_10_09-46-57_96.jpg,0,10,2,15,13,0,0,0,0,0,0,0,18,0,0,3,31,0,0,0,0,0
279,5_1,5,1,2022_9_26_13-11-07_0.jpg,0,3,1,0,22,0,0,0,0,2,48,0,0,0,0,4,20,0,0,0,0,0
280,5_1,5,1,2022_9_26_13-11-07_104.jpg,0,2,0,0,17,0,0,0,0,5,0,0,0,0,0,68,2,0,0,0,0,0
281,5_1,5,1,2022_9_26_13-11-07_112.jpg,0,0,0,0,17,0,0,0,0,0,63,0,0,0,0,20,0,0,0,0,0,0
282,5_1,5,1,2022_9_26_13-11-07_120.jpg,0,0,8,0,38,1,0,0,0,1,0,4,0,0,0,41,0,0,0,0,0,1
283,5_1,5,1,2022_9_26_13-11-07_128.jpg,0,2,2,0,23,4,0,0,0,0,25,1,6,0,0,20,6,0,0,0,0,0
284,5_1,5,1,2022_9_26_13-11-07_136.jpg,0,0,1,0,20,6,0,0,0,0,23,2,0,0,0,46,0,2,0,0,0,0
285,5_1,5,1,2022_9_26_13-11-07_144.jpg,0,3,0,0,19,0,0,0,0,1,8,0,27,0,0,35,0,0,0,0,0,0
286,5_1,5,1,2022_9_26_13-11-07_152.jpg,0,2,2,0,11,0,0,1,0,0,9,0,3,0,0,21,7,0,0,0,0,0
287,5_1,5,1,2022_9_26_13-11-07_16.jpg,0,3,4,6,3,1,0,2,0,0,0,1,51,0,0,15,14,0,0,0,0,0
288,5_1,5,1,2022_9_26_13-11-07_160.jpg,0,0,1,0,19,9,0,1,0,0,1,1,0,0,0,37,1,0,0,0,0,0
289,5_1,5,1,2022_9_26_13-11-07_168.jpg,1,3,16,5,24,0,0,0,0,0,1,1,0,0,2,25,2,0,0,0,0,0
290,5_1,5,1,2022_9_26_13-11-07_176.jpg,0,0,10,0,19,4,0,3,0,0,6,4,8,0,0,25,0,0,0,0,0,2
291,5_1,5,1,2022_9_26_13-11-07_184.jpg,1,2,1,1,18,0,0,1,0,0,1,3,6,0,0,52,3,0,0,0,1,0
292,5_1,5,1,2022_9_26_13-11-07_192.jpg,8,0,4,1,17,3,0,2,0,0,3,1,3,0,0,53,1,0,0,0,0,0
293,5_1,5,1,2022_9_26_13-11-07_200.jpg,1,0,5,0,24,1,0,0,0,0,17,0,6,0,0,23,1,1,0,1,0,1
294,5_1,5,1,2022_9_26_13-11-07_208.jpg,0,4,1,3,17,2,0,0,0,0,6,3,11,0,0,12,23,0,0,0,1,0
295,5_1,5,1,2022_9_26_13-11-07_216.jpg,0,3,0,3,10,0,0,0,0,0,1,2,17,0,0,16,22,0,0,0,1,1
296,5_1,5,1,2022_9_26_13-11-07_224.jpg,0,1,0,1,13,10,0,0,1,0,15,0,12,0,0,35,0,0,0,0,0,0
297,5_1,5,1,2022_9_26_13-11-07_232.jpg,0,0,0,0,27,0,0,0,0,0,13,0,17,0,0,39,0,0,0,1,0,0
298,5_1,5,1,2022_9_26_13-11-07_24.jpg,0,0,5,15,8,0,0,4,0,0,6,2,0,0,0,25,27,0,0,0,0,0
299,5_1,5,1,2022_9_26_13-11-07_240.jpg,0,1,0,0,16,2,0,0,0,0,7,0,33,0,0,15,2,0,0,0,0,0
300,5_1,5,1,2022_9_26_13-11-07_248.jpg,0,1,0,17,12,0,0,0,0,0,8,3,30,0,0,16,11,0,0,0,1,0
301,5_1,5,1,2022_9_26_13-11-07_256.jpg,0,0,2,15,3,0,0,0,0,0,1,1,41,0,0,26,11,0,0,0,0,0
302,5_1,5,1,2022_9_26_13-11-07_264.jpg,0,3,13,24,26,0,0,0,0,0,0,1,0,0,0,15,9,0,0,0,0,0
303,5_1,5,1,2022_9_26_13-11-07_272.jpg,0,6,7,19,26,0,0,0,0,0,13,0,13,0,0,0,10,0,0,0,0,0
304,5_1,5,1,2022_9_26_13-11-07_280.jpg,0,1,15,32,19,0,0,0,0,0,0,1,5,0,0,2,14,0,0,0,0,0
305,5_1,5,1,2022_9_26_13-11-07_288.jpg,0,1,5,15,16,11,0,0,0,0,0,0,14,0,0,12,10,0,0,0,0,0
306,5_1,5,1,2022_9_26_13-11-07_296.jpg,0,5,9,44,9,2,0,0,0,0,0,1,5,0,0,6,4,0,0,0,1,0
307,5_1,5,1,2022_9_26_13-11-07_304.jpg,0,0,14,21,11,0,0,0,0,0,7,5,15,0,0,12,0,0,0,1,0,0
308,5_1,5,1,2022_9_26_13-11-07_312.jpg,0,0,10,24,6,0,0,0,0,0,10,2,21,0,0,17,1,0,0,2,0,0
309,5_1,5,1,2022_9_26_13-11-07_32.jpg,0,0,1,2,4,0,0,0,0,0,34,0,0,0,0,19,36,0,0,0,0,0
310,5_1,5,1,2022_9_26_13-11-07_320.jpg,2,0,3,38,3,0,0,0,0,0,16,1,5,0,0,10,1,0,0,0,0,0
311,5_1,5,1,2022_9_26_13-11-07_328.jpg,0,0,4,44,1,0,0,0,0,0,20,5,1,0,0,13,3,0,0,0,0,0
312,5_1,5,1,2022_9_26_13-11-07_336.jpg,0,2,14,31,18,0,0,0,0,0,2,1,15,0,0,5,1,0,0,0,0,0
313,5_1,5,1,2022_9_26_13-11-07_344.jpg,0,11,12,49,19,0,0,0,0,0,0,1,0,0,0,2,1,0,0,0,2,0
314,5_1,5,1,2022_9_26_13-11-07_352.jpg,0,0,9,73,10,0,0,0,0,0,0,0,0,0,0,0,8,0,0,0,0,0
315,5_1,5,1,2022_9_26_13-11-07_360.jpg,0,2,2,49,43,0,0,0,0,0,1,0,0,0,0,3,0,0,0,0,0,0
316,5_1,5,1,2022_9_26_13-11-07_368.jpg,0,4,0,28,7,0,0,0,0,0,0,0,36,0,0,11,11,0,0,0,0,0
317,5_1,5,1,2022_9_26_13-11-07_376.jpg,0,4,15,35,5,6,0,0,0,0,14,0,3,0,1,11,2,0,0,0,0,0
318,5_1,5,1,2022_9_26_13-11-07_384.jpg,0,1,0,5,0,0,0,0,0,0,14,0,68,0,0,3,8,0,0,0,0,0
319,5_1,5,1,2022_9_26_13-11-07_392.jpg,0,1,0,3,11,3,0,0,0,0,43,0,18,0,0,10,2,0,0,0,0,0
320,5_1,5,1,2022_9_26_13-11-07_40.jpg,3,0,0,1,4,0,0,0,0,0,69,1,0,0,0,9,11,0,0,0,0,0
321,5_1,5,1,2022_9_26_13-11-07_400.jpg,0,0,2,0,8,7,0,0,0,0,35,0,37,0,0,5,0,0,0,0,0,1
322,5_1,5,1,2022_9_26_13-11-07_408.jpg,0,0,1,0,4,1,0,0,0,0,28,0,39,0,0,19,0,0,0,0,0,0
323,5_1,5,1,2022_9_26_13-11-07_416.jpg,0,0,2,0,14,2,0,0,0,0,21,0,21,0,0,22,0,0,0,0,4,0
324,5_1,5,1,2022_9_26_13-11-07_424.jpg,0,1,3,17,2,8,0,0,0,0,9,0,38,0,0,9,3,0,0,0,0,0
325,5_1,5,1,2022_9_26_13-11-07_440.jpg,0,3,11,23,4,0,0,0,0,0,36,0,4,0,0,10,1,0,0,0,0,0
326,5_1,5,1,2022_9_26_13-11-07_448.jpg,0,1,5,34,3,0,0,0,0,0,36,0,0,0,0,2,6,0,0,1,0,0
327,5_1,5,1,2022_9_26_13-11-07_456.jpg,0,1,6,21,7,5,0,0,0,0,20,0,5,0,0,21,1,0,0,0,0,0
328,5_1,5,1,2022_9_26_13-11-07_464.jpg,0,0,8,13,8,1,0,0,0,0,37,0,3,0,0,16,4,0,0,0,1,0
329,5_1,5,1,2022_9_26_13-11-07_472.jpg,1,3,6,17,3,0,0,0,0,0,15,0,12,0,0,26,6,0,0,0,0,0
330,5_1,5,1,2022_9_26_13-11-07_472.jpg,1,3,6,17,3,0,0,0,0,0,15,0,12,0,0,26,6,0,0,0,0,0
331,5_1,5,1,2022_9_26_13-11-07_48.jpg,1,0,0,0,8,0,0,0,0,1,50,3,0,0,0,23,13,0,0,0,0,0
332,5_1,5,1,2022_9_26_13-11-07_480.jpg,0,0,7,7,9,4,0,0,0,0,2,0,51,0,0,13,2,0,0,0,0,0
333,5_1,5,1,2022_9_26_13-11-07_488.jpg,0,0,14,3,8,0,0,0,0,0,11,0,31,0,6,17,2,0,0,0,0,0
334,5_1,5,1,2022_9_26_13-11-07_496.jpg,0,0,0,0,1,2,0,0,0,0,6,0,36,0,0,53,1,0,0,0,0,0
335,5_1,5,1,2022_9_26_13-11-07_496.jpg,0,0,0,0,1,2,0,0,0,0,6,0,36,0,0,53,1,0,0,0,0,0
336,5_1,5,1,2022_9_26_13-11-07_504.jpg,0,0,0,1,7,2,0,0,0,0,59,0,0,0,0,8,3,0,0,0,1,0
337,5_1,5,1,2022_9_26_13-11-07_512.jpg,0,0,0,0,14,3,0,0,0,0,34,0,23,0,0,5,4,0,0,0,1,0
338,5_1,5,1,2022_9_26_13-11-07_520.jpg,0,0,1,0,9,2,0,0,0,0,42,1,30,0,0,7,3,0,0,0,0,0
339,5_1,5,1,2022_9_26_13-11-07_528.jpg,0,0,3,0,21,10,0,0,0,0,41,0,6,0,0,18,0,0,0,0,1,0
340,5_1,5,1,2022_9_26_13-11-07_536.jpg,0,0,6,0,4,0,0,2,0,0,6,0,20,0,0,34,0,0,0,0,0,0
341,5_1,5,1,2022_9_26_13-11-07_544.jpg,0,0,0,0,12,2,0,0,0,0,3,0,40,0,0,27,0,0,0,1,0,0
342,5_1,5,1,2022_9_26_13-11-07_552.jpg,0,0,12,0,26,4,0,0,0,0,0,1,31,0,0,14,1,0,0,0,1,0
343,5_1,5,1,2022_9_26_13-11-07_56.jpg,2,0,0,0,19,0,0,0,0,0,79,0,0,0,0,0,0,0,0,0,0,0
344,5_1,5,1,2022_9_26_13-11-07_560.jpg,0,1,0,0,11,0,0,0,0,0,23,0,31,0,0,23,0,0,0,0,0,0
345,5_1,5,1,2022_9_26_13-11-07_568.jpg,0,0,0,0,12,0,0,0,0,0,16,0,5,0,0,15,0,0,0,0,0,0
346,5_1,5,1,2022_9_26_13-11-07_576.jpg,2,0,0,6,6,0,0,0,1,0,20,10,1,0,0,20,0,0,0,0,0,0
347,5_1,5,1,2022_9_26_13-11-07_584.jpg,0,0,3,0,8,0,0,0,0,0,32,0,6,0,0,12,0,0,0,1,0,0
348,5_1,5,1,2022_9_26_13-11-07_592.jpg,1,0,3,0,1,0,0,0,0,0,10,0,61,0,0,9,0,0,0,0,0,0
349,5_1,5,1,2022_9_26_13-11-07_600.jpg,0,0,5,0,2,0,0,0,0,0,6,1,73,0,0,4,0,0,0,0,0,0
350,5_1,5,1,2022_9_26_13-11-07_608.jpg,0,0,12,0,0,0,0,0,0,0,0,0,81,0,0,3,0,0,0,0,0,0
351,5_1,5,1,2022_9_26_13-11-07_616.jpg,0,0,3,0,2,0,0,0,0,0,0,0,52,0,0,4,0,0,0,0,2,0
352,5_1,5,1,2022_9_26_13-11-07_624.jpg,0,0,4,2,17,0,0,0,0,0,0,6,10,0,0,15,0,0,0,0,0,0
353,5_1,5,1,2022_9_26_13-11-07_632.jpg,0,0,1,0,23,0,0,0,0,0,29,2,14,0,0,21,0,0,0,0,0,0
354,5_1,5,1,2022_9_26_13-11-07_64.jpg,2,1,0,3,6,0,0,0,0,0,53,1,0,0,0,13,20,0,0,0,0,0
355,5_1,5,1,2022_9_26_13-11-07_640.jpg,0,0,0,0,16,0,0,0,0,0,15,1,17,0,0,1,0,0,0,0,1,0
356,5_1,5,1,2022_9_26_13-11-07_648.jpg,0,0,0,0,4,0,0,0,0,0,31,11,0,0,0,9,1,0,0,0,0,0
357,5_1,5,1,2022_9_26_13-11-07_656.jpg,0,0,2,13,17,6,0,0,0,0,0,22,0,0,0,11,6,0,0,0,1,1
358,5_1,5,1,2022_9_26_13-11-07_664.jpg,2,0,2,16,17,1,0,0,0,0,4,4,28,0,0,5,7,0,0,0,0,0
359,5_1,5,1,2022_9_26_13-11-07_672.jpg,0,0,3,25,15,5,0,0,0,0,0,12,4,0,0,15,8,0,0,0,0,0
360,5_1,5,1,2022_9_26_13-11-07_680.jpg,1,0,4,19,15,0,0,0,0,0,4,0,25,0,0,15,1,0,0,0,0,0
361,5_1,5,1,2022_9_26_13-11-07_688.jpg,0,0,3,24,7,0,0,0,0,0,9,1,15,0,0,8,1,0,0,0,1,1
362,5_1,5,1,2022_9_26_13-11-07_696.jpg,0,1,3,10,9,1,0,0,0,0,0,2,0,0,0,40,3,0,0,0,4,0
363,5_1,5,1,2022_9_26_13-11-07_704.jpg,0,0,2,12,16,2,0,0,0,0,4,3,19,0,0,10,1,0,0,0,0,0
364,5_1,5,1,2022_9_26_13-11-07_712.jpg,0,2,1,3,16,0,0,0,0,0,4,4,9,0,0,41,0,0,0,0,0,0
365,5_1,5,1,2022_9_26_13-11-07_72.jpg,0,2,3,2,12,8,0,0,0,0,4,7,0,0,0,37,20,0,0,0,2,0
366,5_1,5,1,2022_9_26_13-11-07_720.jpg,0,2,0,0,13,0,0,0,0,0,7,10,23,0,0,14,1,0,0,0,0,0
367,5_1,5,1,2022_9_26_13-11-07_728.jpg,0,0,0,0,14,11,0,0,0,0,1,3,21,0,0,31,0,0,0,0,0,5
368,5_1,5,1,2022_9_26_13-11-07_736.jpg,0,0,0,0,1,17,0,0,0,0,1,0,36,0,0,23,0,0,0,0,0,0
369,5_1,5,1,2022_9_26_13-11-07_744.jpg,0,2,0,0,23,11,0,0,0,0,2,0,26,0,0,15,0,0,0,1,0,2
370,5_1,5,1,2022_9_26_13-11-07_752.jpg,0,1,3,0,27,10,0,0,0,0,8,1,13,0,0,29,2,0,0,0,0,0
371,5_1,5,1,2022_9_26_13-11-07_760.jpg,0,0,0,0,4,9,0,0,0,0,2,4,5,0,0,43,0,0,0,0,0,0
372,5_1,5,1,2022_9_26_13-11-07_768.jpg,0,0,1,0,20,24,0,0,0,0,0,4,25,0,0,17,0,0,0,0,2,0
373,5_1,5,1,2022_9_26_13-11-07_776.jpg,0,0,0,0,8,3,0,0,0,0,3,6,15,0,0,14,0,0,0,0,0,0
374,5_1,5,1,2022_9_26_13-11-07_8.jpg,3,6,3,8,7,0,0,0,1,0,14,3,0,0,0,11,44,0,0,0,0,0
375,5_1,5,1,2022_9_26_13-11-07_80.jpg,3,0,2,0,8,0,0,0,0,0,35,0,0,0,0,38,12,0,0,0,0,0
376,5_1,5,1,2022_9_26_13-11-07_88.jpg,0,0,0,0,22,0,0,0,0,23,29,0,0,0,0,22,0,2,0,0,0,0
377,5_1,5,1,2022_9_26_13-11-07_96.jpg,1,0,0,0,17,0,0,0,0,3,0,0,0,0,0,25,2,1,0,0,0,0
378,6_1,6,1,2022_8_15_09-59-38_0.jpg,0,1,3,70,2,0,0,0,0,0,0,3,0,1,0,9,10,0,0,0,0,0
379,6_1,6,1,2022_8_15_09-59-38_104.jpg,0,12,18,16,3,0,0,0,0,0,28,11,0,0,0,7,5,0,0,0,0,0
380,6_1,6,1,2022_8_15_09-59-38_112.jpg,0,15,1,4,5,0,0,0,0,0,60,2,0,0,0,1,12,0,0,0,0,0
381,6_1,6,1,2022_8_15_09-59-38_120.jpg,0,4,3,1,1,0,0,0,0,0,79,1,0,0,0,0,11,0,0,0,0,0
382,6_1,6,1,2022_8_15_09-59-38_128.jpg,0,6,6,1,3,0,0,0,2,1,72,1,0,0,0,1,4,0,0,0,3,0
383,6_1,6,1,2022_8_15_09-59-38_136.jpg,0,4,6,7,2,0,0,0,0,0,70,0,0,0,0,1,9,0,0,0,0,0
384,6_1,6,1,2022_8_15_09-59-38_144.jpg,0,1,0,7,0,0,0,0,0,0,86,0,0,0,0,0,6,0,0,0,0,0
385,6_1,6,1,2022_8_15_09-59-38_152.jpg,0,0,0,10,12,0,0,0,0,0,67,0,0,0,0,0,10,0,0,0,0,0
386,6_1,6,1,2022_8_15_09-59-38_16.jpg,0,3,5,51,0,0,0,0,0,0,0,6,0,0,0,2,33,0,0,0,0,0
387,6_1,6,1,2022_8_15_09-59-38_160.jpg,0,3,0,0,0,0,0,0,0,0,87,0,0,0,5,0,2,0,0,0,3,0
388,6_1,6,1,2022_8_15_09-59-38_168.jpg,0,7,0,0,1,0,0,0,0,0,90,0,0,0,0,0,1,0,0,0,1,0
389,6_1,6,1,2022_8_15_09-59-38_176.jpg,0,2,2,1,3,0,0,0,0,6,74,0,0,0,2,4,6,0,0,0,0,0
390,6_1,6,1,2022_8_15_09-59-38_184.jpg,0,1,5,0,19,0,0,0,0,8,48,0,8,0,0,1,0,0,0,0,0,0
391,6_1,6,1,2022_8_15_09-59-38_192.jpg,0,8,5,8,1,0,0,0,0,11,56,2,0,0,0,3,2,0,0,0,0,0
392,6_1,6,1,2022_8_15_09-59-38_200.jpg,0,6,5,18,12,0,0,0,0,5,37,4,0,0,0,7,4,0,0,0,0,1
393,6_1,6,1,2022_8_15_09-59-38_208.jpg,0,2,5,9,2,0,0,0,0,6,71,3,0,0,0,0,1,0,0,0,0,0
394,6_1,6,1,2022_8_15_09-59-38_216.jpg,0,1,4,0,3,0,0,0,0,13,66,2,0,0,3,6,2,0,0,0,0,0
395,6_1,6,1,2022_8_15_09-59-38_224.jpg,0,0,8,0,10,0,0,0,0,3,47,4,0,0,14,4,0,0,0,0,0,3
396,6_1,6,1,2022_8_15_09-59-38_232.jpg,0,0,0,0,11,0,0,0,0,19,61,0,0,0,0,5,0,0,0,0,0,2
397,6_1,6,1,2022_8_15_09-59-38_24.jpg,0,1,2,6,67,0,0,0,0,0,5,4,0,0,0,0,15,0,0,0,0,0
398,6_1,6,1,2022_8_15_09-59-38_240.jpg,0,0,3,3,0,0,0,0,0,45,44,1,0,0,0,2,2,0,0,0,0,0
399,6_1,6,1,2022_8_15_09-59-38_248.jpg,0,0,6,3,3,0,0,0,0,8,54,4,0,0,0,17,3,0,0,0,0,0
400,6_1,6,1,2022_8_15_09-59-38_256.jpg,0,0,0,0,2,0,0,0,0,27,44,6,0,0,0,16,5,0,0,0,0,0
401,6_1,6,1,2022_8_15_09-59-38_264.jpg,0,0,3,5,4,0,0,0,0,22,53,7,0,0,0,6,0,0,0,0,0,0
402,6_1,6,1,2022_8_15_09-59-38_272.jpg,0,3,1,2,1,0,0,0,0,16,57,7,0,0,0,10,3,0,0,0,0,0
403,6_1,6,1,2022_8_15_09-59-38_280.jpg,0,2,5,1,6,0,0,0,1,1,57,13,0,0,0,4,4,0,0,0,0,0
404,6_1,6,1,2022_8_15_09-59-38_288.jpg,0,0,1,11,4,0,0,0,0,6,61,5,0,0,0,1,6,0,0,0,4,0
405,6_1,6,1,2022_8_15_09-59-38_296.jpg,0,4,3,7,2,0,0,0,0,5,56,4,0,0,0,9,6,0,0,0,0,0
406,6_1,6,1,2022_8_15_09-59-38_304.jpg,0,0,0,0,4,0,0,0,0,7,57,15,0,0,2,9,4,0,0,0,2,0
407,6_1,6,1,2022_8_15_09-59-38_312.jpg,0,1,1,1,2,0,0,0,0,17,25,32,0,0,0,13,8,0,0,0,0,0
408,6_1,6,1,2022_8_15_09-59-38_32.jpg,0,23,16,9,11,0,0,0,0,0,0,4,0,0,0,5,30,0,0,0,0,0
409,6_1,6,1,2022_8_15_09-59-38_320.jpg,0,0,4,4,8,0,0,0,0,17,33,2,7,0,0,22,3,0,0,0,0,0
410,6_1,6,1,2022_8_15_09-59-38_328.jpg,0,0,1,3,5,0,0,0,0,17,21,24,0,0,10,15,4,0,0,0,0,0
411,6_1,6,1,2022_8_15_09-59-38_336.jpg,0,0,10,5,11,0,0,0,0,13,40,4,0,0,0,14,3,0,0,0,0,0
412,6_1,6,1,2022_8_15_09-59-38_344.jpg,0,0,8,1,7,0,0,0,0,34,41,5,0,0,0,4,0,0,0,0,0,0
413,6_1,6,1,2022_8_15_09-59-38_352.jpg,0,0,15,4,4,0,0,0,0,23,31,9,0,0,0,13,1,0,0,0,0,0
414,6_1,6,1,2022_8_15_09-59-38_360.jpg,0,0,0,0,12,0,0,0,0,8,20,9,0,0,0,0,0,0,0,0,5,1
415,6_1,6,1,2022_8_15_09-59-38_368.jpg,0,0,2,0,11,0,0,0,0,9,17,41,0,0,0,13,0,0,0,0,0,3
416,6_1,6,1,2022_8_15_09-59-38_376.jpg,0,0,2,0,14,0,0,0,0,10,33,24,0,0,0,17,0,0,0,0,0,0
417,6_1,6,1,2022_8_15_09-59-38_384.jpg,0,0,5,0,22,0,0,0,0,11,3,19,0,0,0,32,1,0,0,0,1,2
418,6_1,6,1,2022_8_15_09-59-38_392.jpg,0,0,4,0,11,0,0,0,0,26,25,13,0,0,0,15,1,0,0,0,0,2
419,6_1,6,1,2022_8_15_09-59-38_40.jpg,0,35,4,3,11,0,0,0,0,0,0,8,0,0,0,7,32,0,0,0,0,0
420,6_1,6,1,2022_8_15_09-59-38_400.jpg,0,0,0,7,3,0,0,0,0,18,32,21,0,0,1,12,0,0,0,0,0,0
421,6_1,6,1,2022_8_15_09-59-38_408.jpg,0,0,6,1,12,0,0,0,0,5,24,7,0,0,0,35,1,0,0,0,0,0
422,6_1,6,1,2022_8_15_09-59-38_416.jpg,0,0,0,0,18,0,0,0,0,32,2,11,0,0,0,24,0,0,0,0,0,2
423,6_1,6,1,2022_8_15_09-59-38_424.jpg,0,0,1,0,24,0,0,0,0,41,2,11,0,0,0,20,0,0,0,0,0,1
424,6_1,6,1,2022_8_15_09-59-38_432.jpg,0,0,0,0,8,0,0,0,0,35,26,25,0,0,0,6,0,0,0,0,0,0
425,6_1,6,1,2022_8_15_09-59-38_440.jpg,0,1,3,0,9,0,0,0,0,13,39,23,0,0,0,12,0,0,0,0,0,0
426,6_1,6,1,2022_8_15_09-59-38_448.jpg,0,0,0,0,7,0,0,0,0,45,37,8,0,0,0,3,0,0,0,0,0,0
427,6_1,6,1,2022_8_15_09-59-38_456.jpg,0,0,2,0,5,0,0,0,0,21,23,19,4,0,0,21,0,0,0,0,0,0
428,6_1,6,1,2022_8_15_09-59-38_464.jpg,0,0,0,0,13,0,0,0,0,15,28,28,0,0,3,12,0,0,0,0,0,0
429,6_1,6,1,2022_8_15_09-59-38_472.jpg,0,0,3,0,11,0,0,0,0,13,3,42,0,0,0,28,0,0,0,0,0,0
430,6_1,6,1,2022_8_15_09-59-38_48.jpg,0,26,3,5,11,0,0,0,0,0,0,7,0,0,0,22,26,0,0,0,0,0
431,6_1,6,1,2022_8_15_09-59-38_480.jpg,0,0,1,0,24,0,0,0,0,7,0,51,0,0,0,17,0,0,0,0,0,0
432,6_1,6,1,2022_8_15_09-59-38_488.jpg,0,0,1,0,16,0,0,0,0,12,0,58,0,0,0,13,0,0,0,0,0,0
433,6_1,6,1,2022_8_15_09-59-38_496.jpg,0,0,0,0,23,3,0,0,0,34,2,23,0,0,0,15,0,0,0,0,0,0
434,6_1,6,1,2022_8_15_09-59-38_504.jpg,0,0,3,8,17,0,0,0,0,21,15,31,0,0,0,4,1,0,0,0,0,0
435,6_1,6,1,2022_8_15_09-59-38_512.jpg,0,0,3,1,12,0,0,0,0,20,40,19,0,0,0,5,0,0,0,0,0,0
436,6_1,6,1,2022_8_15_09-59-38_520.jpg,0,0,0,0,8,0,0,0,0,1,21,53,0,0,0,17,0,0,0,0,0,0
437,6_1,6,1,2022_8_15_09-59-38_528.jpg,0,0,0,0,14,0,0,0,0,11,10,35,0,0,0,30,0,0,0,0,0,0
438,6_1,6,1,2022_8_15_09-59-38_536.jpg,0,0,5,1,10,0,0,0,0,9,17,49,0,0,0,8,1,0,0,0,0,0
439,6_1,6,1,2022_8_15_09-59-38_544.jpg,0,0,4,5,22,0,0,0,0,14,8,33,0,0,0,13,0,0,0,0,0,0
440,6_1,6,1,2022_8_15_09-59-38_552.jpg,0,0,0,0,8,0,0,0,0,12,8,46,0,0,0,17,0,0,0,0,0,0
441,6_1,6,1,2022_8_15_09-59-38_56.jpg,0,35,4,8,9,0,0,0,0,0,0,12,0,0,0,2,29,0,0,0,0,0
442,6_1,6,1,2022_8_15_09-59-38_560.jpg,0,0,0,0,13,0,0,0,0,0,0,68,0,0,0,18,1,0,0,0,0,0
443,6_1,6,1,2022_8_15_09-59-38_568.jpg,0,0,0,0,17,0,0,0,0,0,0,67,0,0,0,15,0,0,0,0,0,0
444,6_1,6,1,2022_8_15_09-59-38_576.jpg,0,1,0,1,15,0,0,0,0,10,0,49,2,0,0,18,1,0,0,0,0,0
445,6_1,6,1,2022_8_15_09-59-38_584.jpg,0,0,0,0,4,0,0,0,0,19,0,40,0,0,0,9,2,0,0,0,0,0
446,6_1,6,1,2022_8_15_09-59-38_592.jpg,0,0,0,0,10,0,0,0,0,8,0,28,0,0,0,7,0,0,0,0,0,0
447,6_1,6,1,2022_8_15_09-59-38_600.jpg,0,0,3,3,14,0,0,0,0,40,0,21,0,0,0,5,1,0,0,0,0,1
448,6_1,6,1,2022_8_15_09-59-38_608.jpg,0,0,1,0,27,0,0,0,0,2,0,21,0,0,0,10,1,0,0,0,0,0
449,6_1,6,1,2022_8_15_09-59-38_616.jpg,0,0,0,0,5,2,0,0,0,8,20,40,0,0,0,24,1,0,0,0,0,0
450,6_1,6,1,2022_8_15_09-59-38_624.jpg,0,0,2,0,16,0,0,0,0,20,15,34,0,0,0,13,0,0,0,0,0,0
451,6_1,6,1,2022_8_15_09-59-38_632.jpg,0,0,1,1,17,0,0,0,0,13,24,17,0,0,0,27,0,0,0,0,0,0
452,6_1,6,1,2022_8_15_09-59-38_64.jpg,0,36,5,9,9,0,0,0,0,0,0,8,0,0,0,5,28,0,0,0,0,0
453,6_1,6,1,2022_8_15_09-59-38_640.jpg,0,0,3,13,10,0,0,0,0,8,17,32,0,0,0,13,4,0,0,0,0,0
454,6_1,6,1,2022_8_15_09-59-38_648.jpg,0,0,2,1,14,0,0,0,0,55,10,14,0,0,0,4,0,0,0,0,0,0
455,6_1,6,1,2022_8_15_09-59-38_656.jpg,0,0,2,0,12,0,0,0,0,34,25,20,0,0,0,5,0,0,0,0,0,2
456,6_1,6,1,2022_8_15_09-59-38_664.jpg,0,0,5,7,12,0,0,0,0,25,25,18,0,0,0,6,1,0,0,0,0,0
457,6_1,6,1,2022_8_15_09-59-38_672.jpg,0,0,1,6,12,0,0,0,0,9,28,33,0,0,0,8,1,0,0,0,1,0
458,6_1,6,1,2022_8_15_09-59-38_680.jpg,0,1,0,0,21,0,0,0,0,42,2,16,0,0,0,7,1,0,0,0,0,0
459,6_1,6,1,2022_8_15_09-59-38_688.jpg,0,0,0,1,29,0,0,0,0,22,2,28,0,0,0,14,0,0,0,0,0,0
460,6_1,6,1,2022_8_15_09-59-38_696.jpg,0,0,2,0,26,0,0,0,0,28,3,31,0,0,0,10,0,0,0,0,0,0
461,6_1,6,1,2022_8_15_09-59-38_704.jpg,0,0,1,0,8,0,0,0,0,7,0,59,0,0,0,21,0,0,0,0,0,0
462,6_1,6,1,2022_8_15_09-59-38_712.jpg,0,0,2,0,16,0,0,0,0,3,0,48,0,0,0,27,3,0,0,0,0,0
463,6_1,6,1,2022_8_15_09-59-38_72.jpg,0,32,7,7,9,0,0,0,0,0,0,9,0,0,0,6,30,0,0,0,0,0
464,6_1,6,1,2022_8_15_09-59-38_720.jpg,0,0,0,0,8,0,0,0,0,53,0,29,0,0,0,10,0,0,0,0,0,0
465,6_1,6,1,2022_8_15_09-59-38_728.jpg,0,0,0,0,9,0,0,0,0,52,0,34,0,0,0,2,2,0,0,0,0,0
466,6_1,6,1,2022_8_15_09-59-38_736.jpg,0,0,0,0,12,0,0,0,0,21,0,22,0,0,0,43,2,0,0,0,0,0
467,6_1,6,1,2022_8_15_09-59-38_744.jpg,0,0,1,0,14,0,0,0,0,10,9,30,0,0,0,31,0,0,0,0,0,0
468,6_1,6,1,2022_8_15_09-59-38_8.jpg,0,1,4,73,0,0,0,0,0,0,0,3,0,0,0,6,13,0,0,0,0,0
469,6_1,6,1,2022_8_15_09-59-38_80.jpg,0,23,7,5,13,0,0,0,0,0,0,7,0,0,0,23,22,0,0,0,0,0
470,6_1,6,1,2022_8_15_09-59-38_88.jpg,0,25,7,2,13,0,0,0,0,0,2,3,0,0,0,25,23,0,0,0,0,0
471,6_1,6,1,2022_8_15_09-59-38_96.jpg,0,4,4,2,3,0,0,0,0,0,77,1,0,0,0,1,6,0,0,0,2,0
472,7_1,7,1,2022_8_15_11-59-18_0.jpg,0,34,0,0,42,10,0,0,0,0,9,2,0,0,0,3,0,0,0,0,0,0
473,7_1,7,1,2022_8_15_11-59-18_104.jpg,0,40,5,0,10,0,0,0,0,0,13,8,0,0,0,10,9,0,0,0,0,0
474,7_1,7,1,2022_8_15_11-59-18_112.jpg,0,11,33,1,10,1,0,0,0,0,0,8,0,0,0,25,7,3,0,0,1,0
475,7_1,7,1,2022_8_15_11-59-18_120.jpg,0,3,7,3,6,1,0,0,0,0,65,5,0,0,0,2,6,0,0,0,0,0
476,7_1,7,1,2022_8_15_11-59-18_128.jpg,0,0,0,0,6,0,0,0,0,0,94,0,0,0,0,0,0,0,0,0,0,0
477,7_1,7,1,2022_8_15_11-59-18_136.jpg,0,0,6,1,8,0,0,0,0,0,81,4,0,0,0,0,0,0,0,0,0,0
478,7_1,7,1,2022_8_15_11-59-18_144.jpg,0,3,42,1,2,0,0,0,0,0,0,14,0,0,0,34,1,0,0,0,0,0
479,7_1,7,1,2022_8_15_11-59-18_152.jpg,0,8,14,14,5,0,0,0,0,0,32,11,0,0,0,8,1,0,0,0,1,0
480,7_1,7,1,2022_8_15_11-59-18_16.jpg,0,50,1,0,26,0,0,0,0,0,11,4,0,0,0,7,0,0,0,0,0,0
481,7_1,7,1,2022_8_15_11-59-18_160.jpg,0,0,4,67,22,0,0,0,0,0,2,0,0,0,0,5,0,0,0,0,0,0
482,7_1,7,1,2022_8_15_11-59-18_168.jpg,0,0,14,55,21,0,0,0,0,0,0,4,0,0,0,6,0,0,0,0,0,0
483,7_1,7,1,2022_8_15_11-59-18_176.jpg,0,1,0,73,1,0,0,0,0,0,15,3,0,0,0,2,5,0,0,0,0,0
484,7_1,7,1,2022_8_15_11-59-18_184.jpg,0,0,3,45,32,0,0,0,0,0,5,5,0,0,0,0,10,0,0,0,0,0
485,7_1,7,1,2022_8_15_11-59-18_192.jpg,0,1,5,42,10,3,0,0,0,0,0,3,0,0,0,9,23,0,0,0,0,0
486,7_1,7,1,2022_8_15_11-59-18_200.jpg,0,10,4,10,16,1,0,0,0,0,9,0,0,0,0,7,28,0,0,0,0,0
487,7_1,7,1,2022_8_15_11-59-18_208.jpg,0,8,6,5,9,0,0,0,0,0,30,4,0,0,0,2,34,0,0,0,0,0
488,7_1,7,1,2022_8_15_11-59-18_216.jpg,0,5,4,8,4,0,0,0,0,0,36,0,0,0,0,2,41,0,0,0,0,0
489,7_1,7,1,2022_8_15_11-59-18_224.jpg,0,2,3,3,12,1,0,0,0,0,55,2,0,0,0,2,20,0,0,0,0,0
490,7_1,7,1,2022_8_15_11-59-18_232.jpg,0,0,0,0,1,0,0,0,0,0,48,1,41,0,0,0,8,0,0,0,0,0
491,7_1,7,1,2022_8_15_11-59-18_24.jpg,0,49,2,2,13,2,0,0,0,0,0,8,0,0,0,6,3,0,0,0,0,0
492,7_1,7,1,2022_8_15_11-59-18_240.jpg,0,6,15,10,12,0,0,0,0,0,29,6,0,0,0,4,12,0,0,0,0,0
493,7_1,7,1,2022_8_15_11-59-18_248.jpg,0,8,11,11,12,2,0,0,0,0,4,9,0,0,0,12,21,0,0,0,0,0
494,7_1,7,1,2022_8_15_11-59-18_256.jpg,0,0,3,0,3,0,0,0,0,0,82,2,0,0,0,1,5,0,0,0,0,0
495,7_1,7,1,2022_8_15_11-59-18_264.jpg,0,0,5,0,2,1,0,0,1,0,71,3,0,0,0,7,10,0,0,0,0,0
496,7_1,7,1,2022_8_15_11-59-18_272.jpg,0,2,13,4,2,1,0,0,0,0,49,0,0,0,0,6,23,0,0,0,0,0
497,7_1,7,1,2022_8_15_11-59-18_280.jpg,0,0,0,0,7,0,0,0,0,0,48,1,32,0,0,2,9,0,0,0,0,1
498,7_1,7,1,2022_8_15_11-59-18_288.jpg,0,2,0,0,9,0,0,0,0,0,89,0,0,0,0,0,0,0,0,0,0,0
499,7_1,7,1,2022_8_15_11-59-18_296.jpg,0,2,0,0,2,0,0,0,0,0,92,0,0,0,0,1,2,0,0,0,0,0
500,7_1,7,1,2022_8_15_11-59-18_304.jpg,0,0,14,2,11,0,0,0,0,0,50,1,6,0,0,0,16,0,0,0,0,0
501,7_1,7,1,2022_8_15_11-59-18_312.jpg,1,1,4,9,8,0,0,0,0,0,48,0,11,0,0,11,5,0,0,0,0,0
502,7_1,7,1,2022_8_15_11-59-18_32.jpg,1,34,0,1,6,2,0,0,0,0,33,8,0,0,0,6,6,0,0,0,0,0
503,7_1,7,1,2022_8_15_11-59-18_320.jpg,0,2,1,0,9,0,0,0,0,0,6,1,61,0,0,1,19,0,0,0,0,0
504,7_1,7,1,2022_8_15_11-59-18_328.jpg,0,1,2,1,5,0,0,0,0,0,76,2,0,0,0,1,9,0,0,0,0,0
505,7_1,7,1,2022_8_15_11-59-18_336.jpg,0,3,5,2,7,0,0,0,0,0,37,0,1,0,0,2,36,0,0,0,0,0
506,7_1,7,1,2022_8_15_11-59-18_344.jpg,0,0,11,1,2,0,0,0,0,0,79,4,0,0,0,0,2,0,0,0,0,0
507,7_1,7,1,2022_8_15_11-59-18_352.jpg,0,1,5,25,2,0,0,0,0,0,33,1,17,0,0,3,13,0,0,0,0,0
508,7_1,7,1,2022_8_15_11-59-18_360.jpg,0,0,2,22,0,0,0,0,0,0,9,0,39,0,0,3,24,0,0,0,0,0
509,7_1,7,1,2022_8_15_11-59-18_368.jpg,0,1,1,20,5,0,0,0,0,0,8,0,45,0,0,2,12,0,0,0,0,0
510,7_1,7,1,2022_8_15_11-59-18_376.jpg,0,0,4,14,10,0,0,0,0,0,2,4,14,0,0,1,11,0,0,0,0,0
511,7_1,7,1,2022_8_15_11-59-18_384.jpg,0,4,3,8,6,0,0,0,0,0,67,0,0,0,0,0,8,0,0,0,0,0
512,7_1,7,1,2022_8_15_11-59-18_392.jpg,0,6,1,7,7,0,0,0,0,0,55,1,4,0,0,1,14,0,0,1,0,0
513,7_1,7,1,2022_8_15_11-59-18_40.jpg,0,24,6,0,14,10,0,0,0,0,0,13,0,0,0,15,2,0,0,1,0,0
514,7_1,7,1,2022_8_15_11-59-18_400.jpg,0,2,0,7,1,0,0,0,0,0,57,0,0,0,0,0,32,0,0,0,0,0
515,7_1,7,1,2022_8_15_11-59-18_408.jpg,0,6,2,36,2,0,0,0,1,0,5,3,0,0,0,3,42,0,0,0,0,0
516,7_1,7,1,2022_8_15_11-59-18_416.jpg,0,10,2,42,2,0,0,0,0,0,0,4,0,0,0,0,40,0,0,0,0,0
517,7_1,7,1,2022_8_15_11-59-18_424.jpg,0,11,4,13,3,0,0,0,0,0,1,5,0,0,0,13,50,0,0,0,0,0
518,7_1,7,1,2022_8_15_11-59-18_432.jpg,1,3,1,6,7,0,0,0,0,0,26,0,29,0,0,3,15,1,0,0,0,0
519,7_1,7,1,2022_8_15_11-59-18_440.jpg,0,14,1,5,9,0,0,0,0,0,18,2,0,0,0,13,34,0,0,0,0,0
520,7_1,7,1,2022_8_15_11-59-18_448.jpg,0,5,0,8,8,1,0,0,0,0,55,0,4,0,0,2,16,0,0,0,0,0
521,7_1,7,1,2022_8_15_11-59-18_456.jpg,0,9,3,21,11,0,0,0,0,0,22,0,0,0,0,0,25,0,0,0,0,0
522,7_1,7,1,2022_8_15_11-59-18_464.jpg,0,13,0,8,8,0,0,0,0,0,30,5,2,0,0,19,14,0,0,0,1,0
523,7_1,7,1,2022_8_15_11-59-18_472.jpg,0,2,1,1,5,0,0,0,0,0,36,0,5,0,0,1,22,0,0,0,0,0
524,7_1,7,1,2022_8_15_11-59-18_48.jpg,0,20,2,1,22,2,0,0,0,0,3,9,0,0,0,7,10,0,0,0,0,0
525,7_1,7,1,2022_8_15_11-59-18_480.jpg,0,0,0,2,3,0,0,0,0,0,73,0,0,0,0,0,20,0,0,0,1,0
526,7_1,7,1,2022_8_15_11-59-18_488.jpg,0,1,26,7,7,0,0,1,0,0,32,5,12,0,0,0,7,0,0,0,0,0
527,7_1,7,1,2022_8_15_11-59-18_496.jpg,0,1,23,5,7,0,0,0,0,0,52,4,0,0,0,3,3,0,0,0,0,0
528,7_1,7,1,2022_8_15_11-59-18_504.jpg,0,2,0,0,1,0,0,0,0,0,74,0,20,0,0,1,2,0,0,0,0,0
529,7_1,7,1,2022_8_15_11-59-18_512.jpg,0,4,18,6,9,0,0,0,0,0,21,1,0,0,0,14,24,0,0,0,2,0
530,7_1,7,1,2022_8_15_11-59-18_520.jpg,0,3,3,27,10,1,0,0,0,0,34,2,0,0,0,10,6,0,0,0,1,0
531,7_1,7,1,2022_8_15_11-59-18_528.jpg,0,12,1,30,1,0,0,0,1,0,8,1,8,0,0,36,1,0,0,0,0,0
532,7_1,7,1,2022_8_15_11-59-18_536.jpg,0,0,1,2,1,0,0,0,0,0,92,2,0,0,0,0,1,0,0,0,1,0
533,7_1,7,1,2022_8_15_11-59-18_544.jpg,0,0,5,7,6,0,0,0,0,0,21,1,26,0,0,6,21,0,0,0,0,0
534,7_1,7,1,2022_8_15_11-59-18_56.jpg,0,12,4,0,8,0,0,0,0,0,57,6,0,0,0,3,5,0,0,0,0,0
535,7_1,7,1,2022_8_15_11-59-18_64.jpg,0,3,0,0,7,0,0,0,0,0,80,1,0,0,0,2,1,0,0,0,0,0
536,7_1,7,1,2022_8_15_11-59-18_72.jpg,6,5,3,2,11,2,0,0,0,0,60,3,0,0,0,4,1,0,0,0,0,0
537,7_1,7,1,2022_8_15_11-59-18_8.jpg,0,59,0,0,8,16,0,0,1,0,4,0,0,0,0,1,0,1,0,0,0,0
538,7_1,7,1,2022_8_15_11-59-18_80.jpg,0,11,3,2,7,0,0,0,0,0,54,0,5,0,0,1,3,0,0,0,0,0
539,7_1,7,1,2022_8_15_11-59-18_88.jpg,2,3,0,0,11,3,0,0,0,0,56,7,0,0,0,5,1,0,0,0,0,0
540,7_1,7,1,2022_8_15_11-59-18_96.jpg,0,12,5,0,11,4,0,0,0,0,31,12,0,0,0,17,4,0,0,3,0,0
541,8_1,8,1,2022_10_11_10-06-06_0.jpg,0,9,7,27,13,0,0,0,0,0,14,1,0,0,0,21,6,0,0,0,0,0
542,8_1,8,1,2022_10_11_10-06-06_104.jpg,0,13,11,3,16,0,0,0,0,0,34,3,0,0,0,11,2,1,0,0,0,0
543,8_1,8,1,2022_10_11_10-06-06_112.jpg,0,16,6,7,11,0,0,0,0,0,12,0,0,0,0,34,3,1,0,0,0,0
544,8_1,8,1,2022_10_11_10-06-06_120.jpg,0,21,10,6,16,0,0,0,1,1,22,1,0,0,0,5,13,0,0,0,2,0
545,8_1,8,1,2022_10_11_10-06-06_128.jpg,0,19,18,15,16,0,0,0,0,0,6,0,1,0,0,16,9,0,0,0,0,0
546,8_1,8,1,2022_10_11_10-06-06_136.jpg,0,18,7,20,22,0,0,0,0,0,0,0,0,0,0,13,3,0,0,3,0,0
547,8_1,8,1,2022_10_11_10-06-06_144.jpg,0,16,5,10,6,16,0,0,0,0,7,0,0,0,0,28,10,0,0,0,1,0
548,8_1,8,1,2022_10_11_10-06-06_152.jpg,0,6,7,14,45,0,0,0,0,0,0,0,0,0,0,15,10,0,0,0,0,0
549,8_1,8,1,2022_10_11_10-06-06_16.jpg,0,21,2,33,10,0,0,0,0,0,0,3,0,0,0,2,14,1,0,0,0,0
550,8_1,8,1,2022_10_11_10-06-06_160.jpg,0,11,28,23,5,7,0,0,0,0,13,0,0,0,0,3,8,0,0,0,0,0
551,8_1,8,1,2022_10_11_10-06-06_168.jpg,0,12,20,24,1,0,0,0,0,0,21,0,0,0,0,10,12,0,0,0,0,0
552,8_1,8,1,2022_10_11_10-06-06_176.jpg,0,7,15,6,47,0,0,0,0,0,10,0,0,0,0,3,12,0,0,0,0,0
553,8_1,8,1,2022_10_11_10-06-06_184.jpg,0,3,4,7,11,0,0,0,0,0,25,2,0,0,0,30,10,0,0,0,0,7
554,8_1,8,1,2022_10_11_10-06-06_192.jpg,0,17,4,32,11,0,0,0,0,0,2,1,0,0,0,17,13,0,0,0,0,0
555,8_1,8,1,2022_10_11_10-06-06_200.jpg,1,12,12,45,5,0,0,0,0,0,3,0,0,0,0,15,6,0,0,0,0,0
556,8_1,8,1,2022_10_11_10-06-06_208.jpg,0,14,2,59,3,0,0,0,0,0,0,1,0,0,0,21,0,0,0,0,0,0
557,8_1,8,1,2022_10_11_10-06-06_216.jpg,0,3,22,45,6,0,0,0,0,0,0,0,0,0,0,20,1,2,0,0,1,0
558,8_1,8,1,2022_10_11_10-06-06_224.jpg,0,9,5,52,12,0,0,0,0,0,0,0,0,0,0,14,3,0,0,0,0,0
559,8_1,8,1,2022_10_11_10-06-06_232.jpg,0,2,6,56,26,0,0,0,0,0,0,0,0,0,0,10,0,0,0,0,0,0
560,8_1,8,1,2022_10_11_10-06-06_24.jpg,0,8,7,32,42,0,0,0,0,0,1,0,0,0,0,1,9,0,0,0,0,0
561,8_1,8,1,2022_10_11_10-06-06_240.jpg,0,6,19,43,6,9,0,0,0,0,0,0,0,0,0,17,0,0,0,0,0,0
562,8_1,8,1,2022_10_11_10-06-06_248.jpg,0,13,14,15,13,0,0,0,0,0,8,1,0,0,0,36,0,0,0,0,0,0
563,8_1,8,1,2022_10_11_10-06-06_256.jpg,0,17,12,3,34,3,0,0,0,0,0,0,0,0,0,26,0,2,0,0,0,0
564,8_1,8,1,2022_10_11_10-06-06_264.jpg,0,24,7,3,29,11,0,0,0,0,2,0,0,0,0,15,0,0,0,0,2,5
565,8_1,8,1,2022_10_11_10-06-06_272.jpg,0,8,32,1,24,0,0,0,0,0,4,0,0,0,0,17,3,4,0,0,1,4
566,8_1,8,1,2022_10_11_10-06-06_280.jpg,0,7,20,10,20,0,0,0,0,0,16,6,0,0,0,9,6,6,0,0,0,0
567,8_1,8,1,2022_10_11_10-06-06_288.jpg,0,30,5,10,21,0,0,0,0,0,5,0,0,0,0,22,6,1,0,0,0,0
568,8_1,8,1,2022_10_11_10-06-06_296.jpg,0,3,23,31,7,1,0,0,0,0,0,0,0,0,0,26,6,0,0,0,0,0
569,8_1,8,1,2022_10_11_10-06-06_304.jpg,0,5,13,42,6,0,0,0,0,0,13,0,0,0,0,15,6,0,0,0,0,0
570,8_1,8,1,2022_10_11_10-06-06_312.jpg,0,10,5,49,6,0,0,0,0,0,1,3,0,0,0,6,16,0,0,0,0,0
571,8_1,8,1,2022_10_11_10-06-06_32.jpg,0,19,7,46,15,0,0,0,0,0,0,0,0,0,0,1,7,0,0,0,0,1
572,8_1,8,1,2022_10_11_10-06-06_320.jpg,0,2,2,59,20,0,0,0,0,0,5,2,0,0,0,9,1,0,0,0,0,0
573,8_1,8,1,2022_10_11_10-06-06_328.jpg,0,4,16,54,11,0,0,0,0,0,8,0,0,0,0,3,4,0,0,0,0,0
574,8_1,8,1,2022_10_11_10-06-06_336.jpg,0,9,1,62,0,0,0,0,0,0,11,1,0,0,0,2,10,0,0,0,0,0
575,8_1,8,1,2022_10_11_10-06-06_344.jpg,0,5,4,13,30,0,0,0,0,0,21,0,0,0,0,14,8,3,0,0,0,0
576,8_1,8,1,2022_10_11_10-06-06_352.jpg,0,18,1,11,9,0,0,0,0,0,28,12,0,0,0,10,6,2,0,0,0,0
577,8_1,8,1,2022_10_11_10-06-06_360.jpg,0,22,0,48,2,0,0,0,0,0,20,5,0,0,0,1,2,0,0,0,0,0
578,8_1,8,1,2022_10_11_10-06-06_368.jpg,0,15,11,7,52,0,0,0,0,0,0,0,0,0,0,0,15,0,0,0,0,0
579,8_1,8,1,2022_10_11_10-06-06_376.jpg,0,30,4,22,7,2,0,0,0,0,9,5,0,0,0,9,1,0,0,1,0,0
580,8_1,8,1,2022_10_11_10-06-06_384.jpg,0,13,3,12,25,3,0,0,0,0,14,2,0,0,0,17,2,0,0,0,0,0
581,8_1,8,1,2022_10_11_10-06-06_392.jpg,0,25,5,14,19,1,0,0,0,0,8,1,0,0,0,7,4,0,0,0,0,0
582,8_1,8,1,2022_10_11_10-06-06_40.jpg,0,15,9,32,17,0,0,0,0,0,0,3,16,0,0,2,3,0,0,0,0,0
583,8_1,8,1,2022_10_11_10-06-06_400.jpg,0,24,1,19,24,0,0,0,0,0,8,3,0,0,0,13,6,0,0,0,0,0
584,8_1,8,1,2022_10_11_10-06-06_408.jpg,0,25,3,16,23,9,0,0,0,0,0,3,0,0,0,4,11,0,0,0,0,0
585,8_1,8,1,2022_10_11_10-06-06_416.jpg,0,17,1,14,28,1,0,0,0,0,14,4,0,0,0,5,6,6,0,0,0,0
586,8_1,8,1,2022_10_11_10-06-06_424.jpg,0,5,10,19,8,2,0,0,1,0,31,4,0,0,0,13,7,0,0,0,0,0
587,8_1,8,1,2022_10_11_10-06-06_432.jpg,0,15,11,17,3,2,0,0,2,0,34,1,0,0,0,0,2,5,0,0,0,0
588,8_1,8,1,2022_10_11_10-06-06_440.jpg,1,14,0,33,4,0,0,0,0,0,31,4,0,0,0,11,0,0,0,0,0,0
589,8_1,8,1,2022_10_11_10-06-06_448.jpg,0,14,3,44,14,0,0,0,0,0,0,10,0,0,0,1,1,0,0,0,1,0
590,8_1,8,1,2022_10_11_10-06-06_456.jpg,0,17,3,22,11,5,0,0,0,0,17,2,7,0,0,13,2,0,0,0,0,0
591,8_1,8,1,2022_10_11_10-06-06_464.jpg,0,18,10,37,19,1,0,0,0,0,2,0,0,0,0,3,4,0,0,0,0,0
592,8_1,8,1,2022_10_11_10-06-06_472.jpg,0,16,3,32,16,3,0,0,0,0,0,1,0,0,0,14,4,0,0,0,0,0
593,8_1,8,1,2022_10_11_10-06-06_48.jpg,0,18,4,33,20,0,0,0,0,0,0,3,0,0,0,13,3,0,0,0,0,0
594,8_1,8,1,2022_10_11_10-06-06_480.jpg,0,26,1,21,32,5,0,0,0,0,0,1,0,0,0,3,3,0,0,0,0,0
595,8_1,8,1,2022_10_11_10-06-06_488.jpg,0,9,8,29,25,1,0,0,0,0,0,0,0,0,0,6,3,0,0,0,0,0
596,8_1,8,1,2022_10_11_10-06-06_496.jpg,0,19,1,41,24,5,0,0,0,0,0,2,0,0,0,1,3,0,0,0,0,0
597,8_1,8,1,2022_10_11_10-06-06_504.jpg,0,9,2,40,32,1,0,0,0,0,4,0,0,0,0,3,1,0,0,0,0,0
598,8_1,8,1,2022_10_11_10-06-06_512.jpg,0,7,0,39,31,10,0,0,0,0,0,0,0,0,0,12,0,0,0,0,0,0
599,8_1,8,1,2022_10_11_10-06-06_520.jpg,0,26,31,27,11,0,0,0,0,0,0,0,0,0,0,0,1,0,0,0,1,0
600,8_1,8,1,2022_10_11_10-06-06_528.jpg,0,58,10,21,5,0,0,0,0,0,0,0,0,0,0,3,1,0,0,0,0,0
601,8_1,8,1,2022_10_11_10-06-06_536.jpg,0,30,3,15,21,10,0,0,0,0,8,2,0,0,0,3,2,5,0,0,0,0
602,8_1,8,1,2022_10_11_10-06-06_544.jpg,0,35,4,17,22,0,0,0,0,0,11,0,0,0,0,2,3,0,0,0,0,0
603,8_1,8,1,2022_10_11_10-06-06_552.jpg,0,36,8,4,17,0,0,0,0,0,2,1,0,0,0,14,1,17,0,0,0,0
604,8_1,8,1,2022_10_11_10-06-06_56.jpg,0,5,8,44,20,0,0,0,0,0,0,2,0,0,0,9,2,0,0,0,0,0
605,8_1,8,1,2022_10_11_10-06-06_560.jpg,0,9,4,13,18,6,0,0,0,1,29,1,0,0,0,11,2,0,0,0,0,0
606,8_1,8,1,2022_10_11_10-06-06_568.jpg,0,6,3,21,26,8,0,0,0,0,7,1,0,0,0,13,6,0,0,0,0,0
607,8_1,8,1,2022_10_11_10-06-06_576.jpg,0,15,5,21,22,10,0,0,0,0,10,3,0,0,0,7,4,0,0,0,0,0
608,8_1,8,1,2022_10_11_10-06-06_584.jpg,0,32,8,14,22,0,0,0,0,0,5,0,0,0,0,10,1,0,0,0,0,0
609,8_1,8,1,2022_10_11_10-06-06_592.jpg,0,5,13,57,15,0,0,0,0,0,1,0,0,0,0,3,3,0,0,0,0,0
610,8_1,8,1,2022_10_11_10-06-06_600.jpg,0,13,2,12,31,7,0,0,0,3,17,1,0,0,0,10,2,0,0,0,0,0
611,8_1,8,1,2022_10_11_10-06-06_608.jpg,0,2,11,18,22,3,0,0,0,0,23,1,0,0,0,11,8,0,0,0,0,0
612,8_1,8,1,2022_10_11_10-06-06_616.jpg,0,15,3,12,12,7,0,0,0,0,26,3,0,0,1,19,2,0,0,0,0,0
613,8_1,8,1,2022_10_11_10-06-06_624.jpg,0,9,0,7,12,1,0,0,0,0,64,0,0,0,0,1,6,0,0,0,0,0
614,8_1,8,1,2022_10_11_10-06-06_632.jpg,0,14,0,11,6,0,0,0,0,0,55,3,0,0,0,7,4,0,0,0,0,0
615,8_1,8,1,2022_10_11_10-06-06_64.jpg,0,3,13,32,25,0,0,0,0,0,0,2,0,0,0,13,8,0,0,0,0,0
616,8_1,8,1,2022_10_11_10-06-06_640.jpg,0,0,6,15,14,4,0,0,0,0,22,1,0,0,0,13,1,0,0,0,0,0
617,8_1,8,1,2022_10_11_10-06-06_648.jpg,1,0,2,11,11,0,0,0,0,0,33,11,0,0,0,7,2,0,0,0,0,0
618,8_1,8,1,2022_10_11_10-06-06_656.jpg,0,10,4,22,22,0,0,0,0,2,11,5,0,0,0,12,5,0,0,0,0,0
619,8_1,8,1,2022_10_11_10-06-06_664.jpg,0,26,8,27,16,0,0,0,0,0,7,4,0,0,0,1,11,0,0,0,0,0
620,8_1,8,1,2022_10_11_10-06-06_672.jpg,0,17,13,11,21,0,0,0,0,0,4,7,0,0,0,15,6,0,0,0,0,0
621,8_1,8,1,2022_10_11_10-06-06_72.jpg,0,14,5,32,25,0,0,0,0,0,0,3,0,0,0,10,8,0,0,0,1,0
622,8_1,8,1,2022_10_11_10-06-06_8.jpg,0,10,6,39,17,0,0,0,0,0,0,6,0,0,0,2,12,0,0,0,0,0
623,8_1,8,1,2022_10_11_10-06-06_80.jpg,0,13,4,29,22,4,0,0,0,0,0,6,1,0,0,10,2,0,0,0,0,0
624,8_1,8,1,2022_10_11_10-06-06_88.jpg,0,23,4,12,15,4,0,0,0,0,5,5,0,0,0,16,3,4,0,0,0,0
625,8_1,8,1,2022_10_11_10-06-06_96.jpg,0,32,9,15,18,0,0,0,0,0,0,0,0,0,0,10,15,0,0,0,0,0
