"key","transect","site","kelp_bryozoan","soft_sediment","cobble","pebble","unknown","filamentous_brown","acid_weed","rock_weed","kelp_holdfast","sargassum","sugar_kelp","green_algae","textured_kelp","smooth_kelp","other_brown_kelp","red_algae","shell_debris","anthro_substrate","seagrass","sessile_invert","mobile_invert","coralline_algae"
"1_1","1","1",2,6,0,5,2,0,0,0,0,0,63,4,0,0,0,0,6,0,0,0,0,0
"1_1","1","1",2,1,4,0,3,0,0,0,0,0,66,0,0,0,0,0,1,0,0,0,1,0
"1_1","1","1",4,2,2,4,5,0,0,0,0,0,74,0,0,0,0,3,13,0,0,0,0,0
"1_1","1","1",2,2,1,0,7,0,0,0,0,0,74,0,0,0,0,1,13,0,0,0,0,0
"1_1","1","1",1,0,1,0,0,0,0,0,0,0,84,3,0,0,0,0,7,0,0,0,0,0
"1_1","1","1",1,0,2,3,3,6,0,0,0,0,59,0,2,0,0,1,8,0,0,0,0,0
"1_1","1","1",0,0,8,0,3,0,0,0,0,0,68,1,3,0,0,3,6,0,0,0,0,0
"1_1","1","1",0,6,14,0,0,0,0,0,0,0,70,0,0,0,0,20,28,0,0,0,0,0
"1_1","1","1",2,2,19,3,1,0,0,0,0,0,65,0,29,0,0,0,16,0,0,0,0,0
"1_1","1","1",0,1,2,0,1,0,0,0,0,0,48,2,0,0,0,0,10,0,0,0,0,0
"1_1","1","1",1,3,1,1,4,0,0,0,0,0,76,0,0,0,0,0,3,0,0,0,0,0
"1_1","1","1",0,0,5,0,0,0,0,0,0,0,52,2,0,0,0,0,13,0,0,0,0,0
"1_1","1","1",1,0,1,4,0,0,0,0,0,0,74,7,0,0,0,2,20,0,0,0,0,0
"1_1","1","1",1,7,5,0,2,0,0,0,0,0,43,8,10,0,0,0,11,0,0,0,0,0
"1_1","1","1",0,0,7,2,0,0,0,0,0,0,51,2,11,0,0,0,8,0,0,0,0,0
"1_1","1","1",1,6,0,2,0,0,0,0,0,0,49,6,0,0,0,0,15,0,0,0,0,0
"1_1","1","1",1,4,4,1,1,0,0,0,0,0,44,0,0,0,0,15,18,0,0,0,0,0
"1_1","1","1",0,0,2,0,1,0,0,0,0,0,34,1,0,0,0,0,21,0,0,0,0,0
"1_1","1","1",0,2,8,0,1,0,0,0,0,0,70,0,0,0,0,0,5,0,0,0,0,0
"1_1","1","1",1,4,4,5,6,0,0,0,0,0,97,2,0,0,0,0,15,0,0,0,0,0
"1_1","1","1",1,4,2,0,0,0,0,0,0,0,48,0,0,0,0,3,14,0,0,0,0,0
"1_1","1","1",0,0,7,0,1,0,0,0,0,0,78,0,0,0,0,0,4,0,0,0,0,0
"1_1","1","1",0,2,0,0,0,0,0,0,0,0,77,1,0,0,0,1,9,0,0,0,0,0
"1_1","1","1",0,0,4,0,10,0,0,0,0,0,69,3,0,0,0,0,6,0,0,0,0,0
"1_1","1","1",1,2,1,4,4,0,0,0,0,0,56,1,0,0,0,0,17,0,0,0,0,0
"1_2","2","1",0,2,7,4,1,0,0,0,0,0,79,0,0,0,0,0,7,0,0,0,0,0
"1_2","2","1",0,1,4,2,1,0,0,0,0,0,77,3,0,0,0,2,17,0,0,0,0,0
"1_2","2","1",1,6,3,1,1,0,0,0,0,0,44,6,0,0,0,0,6,0,1,0,0,0
"1_2","2","1",0,4,1,2,0,0,0,0,0,0,51,1,0,0,0,0,1,0,0,0,0,0
"1_2","2","1",3,4,4,0,8,0,0,0,0,0,68,0,0,0,0,0,9,0,0,0,0,0
"1_2","2","1",1,6,2,0,3,0,0,0,0,0,66,1,0,0,0,2,1,0,0,0,0,0
"1_2","2","1",2,9,0,0,41,0,0,0,0,0,68,3,0,0,0,0,15,0,0,0,0,0
"1_2","2","1",2,9,5,0,4,0,0,0,0,0,69,2,0,0,0,0,7,0,0,0,0,0
"1_2","2","1",1,1,2,0,2,0,0,0,0,0,64,0,0,0,0,20,2,0,0,0,0,0
"1_2","2","1",2,6,0,1,5,0,0,0,0,0,49,8,0,0,0,0,11,0,0,0,0,0
"1_2","2","1",0,0,5,1,3,0,0,0,0,0,60,0,0,0,0,0,13,0,1,0,0,0
"1_2","2","1",0,2,2,5,1,0,0,0,0,0,59,1,0,0,0,0,6,0,0,0,0,0
"1_2","2","1",1,0,6,1,1,0,0,0,0,0,63,0,0,0,0,0,20,0,0,0,0,0
"1_2","2","1",1,0,1,0,2,0,0,0,0,0,66,0,0,0,0,7,13,0,0,0,0,0
"1_2","2","1",0,2,5,0,1,0,0,0,0,0,84,2,0,0,0,0,18,0,0,0,0,0
"1_2","2","1",0,1,3,0,0,0,0,0,0,0,70,1,6,0,0,0,3,0,0,0,0,0
"1_2","2","1",1,1,11,0,6,0,0,0,0,0,74,1,0,0,0,1,13,0,0,0,1,0
"1_2","2","1",0,0,1,0,4,1,0,0,0,0,81,8,0,0,3,0,19,0,0,0,0,0
"1_2","2","1",0,0,8,0,4,0,0,0,0,0,67,3,7,0,0,0,15,0,0,0,0,0
"1_2","2","1",1,0,0,0,1,0,0,0,1,0,28,0,1,0,0,0,5,0,0,0,2,0
"1_2","2","1",0,5,2,0,1,0,0,0,0,0,48,2,0,0,0,3,8,0,0,0,0,0
"1_2","2","1",1,1,0,4,0,0,0,0,0,0,44,0,0,0,0,3,4,0,0,0,0,0
"1_2","2","1",0,1,4,1,0,0,0,0,0,0,84,0,2,0,0,0,8,0,0,0,0,0
"1_2","2","1",0,0,2,7,5,0,0,0,0,0,74,2,3,0,0,0,2,0,0,0,0,0
"1_2","2","1",0,3,8,4,0,0,0,0,0,0,67,2,0,0,0,0,13,0,0,0,0,0
"1_3","3","1",0,2,5,0,3,0,0,0,0,0,43,1,0,0,0,1,18,0,0,2,0,0
"1_3","3","1",0,6,0,4,3,0,0,0,0,0,53,0,0,0,0,0,13,0,0,0,0,0
"1_3","3","1",0,3,2,0,6,0,0,0,0,0,48,8,8,0,0,0,2,0,0,0,0,0
"1_3","3","1",0,3,4,3,0,0,0,0,0,0,45,0,0,0,0,0,12,0,0,0,0,0
"1_3","3","1",2,7,14,1,21,0,0,0,1,0,67,3,0,0,0,2,8,0,0,0,0,0
"1_3","3","1",1,4,0,5,0,0,0,0,0,0,80,3,0,0,0,0,13,0,0,0,0,0
"1_3","3","1",0,3,3,0,10,0,0,0,0,0,60,0,13,0,0,0,19,0,0,0,0,0
"1_3","3","1",1,2,4,0,1,0,0,0,0,0,68,1,2,0,0,0,8,0,0,0,0,0
"1_3","3","1",0,6,7,0,0,0,0,0,0,0,68,0,0,0,0,20,5,0,0,0,0,0
"1_3","3","1",1,0,2,1,1,0,0,0,0,0,74,0,0,0,0,1,5,0,0,0,0,0
"1_3","3","1",1,2,1,0,22,0,0,0,0,0,84,0,0,0,0,0,13,0,0,0,0,0
"1_3","3","1",0,0,3,3,0,0,0,0,0,0,76,0,10,0,0,0,4,0,0,0,0,0
"1_3","3","1",6,5,4,6,7,0,0,0,0,0,81,0,0,0,0,0,7,0,0,0,0,0
"1_3","3","1",1,1,6,0,1,0,0,0,0,0,59,0,4,0,0,0,31,0,0,0,0,0
"1_3","3","1",2,1,0,0,1,0,0,0,0,0,78,2,0,0,0,0,4,0,0,0,0,0
"1_3","3","1",0,1,7,2,4,0,0,0,0,0,92,0,0,0,0,3,9,0,0,0,0,0
"1_3","3","1",0,2,1,9,1,0,0,0,0,0,28,8,0,0,0,0,3,0,0,0,0,0
"1_3","3","1",2,3,1,1,5,0,0,0,0,0,44,1,0,0,0,0,15,0,0,0,0,0
"1_3","3","1",1,9,0,1,1,0,0,0,0,0,74,7,11,0,0,3,14,0,0,0,0,0
"1_3","3","1",1,8,5,1,0,0,0,0,0,0,47,1,0,0,0,0,3,0,1,0,0,0
"1_3","3","1",0,1,5,4,0,0,0,0,0,0,65,0,0,0,0,0,8,0,0,0,0,0
"1_3","3","1",1,0,2,1,6,0,0,0,0,0,72,2,0,0,0,7,7,0,0,0,0,0
"1_3","3","1",0,4,0,6,7,0,0,0,0,0,79,0,0,0,0,0,28,0,0,0,0,0
"1_3","3","1",0,2,0,7,0,0,0,0,0,0,82,0,0,0,0,0,13,0,0,0,2,0
"1_3","3","1",0,0,0,1,2,0,0,0,0,0,80,0,0,0,0,0,13,0,0,0,0,0
"1_4","4","1",0,7,0,5,1,0,0,0,0,0,82,0,8,0,0,0,21,0,0,0,0,0
"1_4","4","1",0,5,4,2,10,0,0,0,0,0,53,0,6,0,0,0,1,0,0,0,0,0
"1_4","4","1",0,1,8,0,6,0,0,0,0,0,73,0,2,0,0,0,20,0,0,0,0,0
"1_4","4","1",0,1,2,0,7,0,0,0,0,0,84,0,13,0,0,0,13,0,0,0,0,0
"1_4","4","1",1,4,1,9,0,0,0,0,0,0,76,3,0,0,0,0,6,0,0,0,0,0
"1_4","4","1",0,5,2,0,0,0,0,0,0,0,81,0,0,0,0,0,13,0,0,0,0,0
"1_4","4","1",0,0,0,0,0,1,0,0,0,0,56,0,0,0,0,0,5,0,0,0,0,0
"1_4","4","1",1,2,0,0,4,0,0,0,0,0,67,8,0,0,0,0,5,0,0,0,0,0
"1_4","4","1",1,6,5,0,1,0,0,0,0,0,80,2,0,0,0,0,2,0,0,0,0,0
"1_4","4","1",0,0,8,1,0,0,0,0,0,0,65,0,2,0,0,0,11,0,0,0,0,0
"1_4","4","1",4,2,4,1,0,0,0,0,0,0,67,0,0,0,0,0,3,0,0,0,0,0
"1_4","4","1",2,0,1,1,0,0,0,0,0,0,66,0,0,0,0,0,15,0,0,0,0,0
"1_4","4","1",0,0,2,1,0,0,0,0,0,0,67,1,0,0,0,0,7,0,0,0,0,0
"1_4","4","1",0,2,5,2,10,0,0,0,0,0,43,2,0,0,0,0,7,0,0,0,0,0
"1_4","4","1",0,7,0,0,1,0,0,0,1,0,75,8,29,0,0,0,13,0,1,0,1,0
"1_4","4","1",1,3,0,6,4,0,0,0,0,0,48,1,5,0,0,0,6,0,0,0,0,0
"1_4","4","1",0,1,5,6,5,0,0,0,0,0,52,0,10,0,0,0,7,0,0,0,0,0
"1_4","4","1",1,8,2,0,1,0,0,0,0,0,49,2,0,0,0,0,3,0,0,0,0,0
"1_4","4","1",2,1,3,3,5,6,0,0,0,0,61,0,0,0,0,0,3,0,0,0,0,0
"1_4","4","1",0,7,1,1,0,0,0,0,0,0,75,2,0,0,0,0,10,0,0,0,0,0
"1_4","4","1",1,2,4,0,3,0,0,0,0,0,61,1,0,0,0,0,17,0,0,0,0,0
"1_4","4","1",1,0,0,0,0,0,0,0,0,0,28,0,0,0,0,0,1,0,0,0,0,0
"1_4","4","1",0,3,2,1,7,0,0,0,0,0,74,0,0,0,0,0,18,0,0,0,0,0
"1_4","4","1",0,3,4,3,1,0,0,0,0,0,66,1,0,0,0,0,14,0,0,0,0,0
"1_4","4","1",1,3,1,1,1,0,0,0,0,0,70,1,0,0,0,0,4,0,0,0,0,0
"2_1","1","2",0,8,1,7,10,3,0,0,0,0,1,0,56,0,0,0,21,0,0,0,0,0
"2_1","1","2",0,14,3,8,39,0,0,0,0,0,0,0,2,0,0,3,18,0,0,0,0,0
"2_1","1","2",0,11,0,16,25,0,0,0,0,0,0,0,22,0,0,39,24,0,0,0,2,0
"2_1","1","2",0,24,31,10,25,0,0,0,0,0,0,0,29,0,0,14,36,0,0,0,0,0
"2_1","1","2",0,3,0,3,20,0,0,0,0,0,0,0,62,0,0,0,14,0,0,0,1,0
"2_1","1","2",0,5,2,4,3,19,0,0,0,0,0,0,15,0,0,12,8,0,0,0,0,0
"2_1","1","2",0,16,14,15,9,0,0,0,0,0,0,0,6,0,0,9,18,0,0,0,0,0
"2_1","1","2",0,9,2,2,10,2,0,0,0,0,0,3,59,0,0,7,1,0,0,0,0,0
"2_1","1","2",0,5,1,8,4,3,0,0,0,0,0,3,67,0,0,14,11,0,0,0,1,0
"2_1","1","2",0,35,5,7,3,0,0,0,0,0,0,0,74,0,0,31,28,0,0,0,0,0
"2_1","1","2",0,14,0,6,26,0,0,0,0,0,0,4,13,0,0,8,0,0,0,0,0,0
"2_1","1","2",0,21,13,1,7,7,0,0,0,0,0,0,57,0,0,30,12,0,0,0,0,0
"2_1","1","2",0,3,1,6,10,0,0,0,0,0,8,0,11,0,0,19,14,0,0,0,0,0
"2_1","1","2",0,6,3,2,13,1,0,0,0,0,1,0,50,0,0,5,12,0,0,0,0,0
"2_1","1","2",0,0,0,30,58,0,0,0,0,0,0,0,2,0,0,0,12,0,0,0,0,0
"2_1","1","2",0,36,1,9,12,2,0,0,0,0,1,0,10,0,0,0,11,0,0,0,2,0
"2_1","1","2",0,16,1,2,8,0,0,0,0,0,0,0,23,0,0,12,25,0,0,0,0,0
"2_1","1","2",0,1,0,11,24,2,0,0,0,0,6,0,0,0,0,1,24,0,0,0,0,0
"2_1","1","2",0,17,0,0,6,0,0,0,0,0,1,0,20,0,0,2,28,0,0,1,0,0
"2_1","1","2",0,48,1,3,22,0,0,0,0,0,0,1,35,0,0,0,0,0,0,0,1,1
"2_1","1","2",0,12,0,7,29,0,0,0,0,0,0,0,13,0,0,3,42,0,0,0,0,0
"2_1","1","2",0,30,1,10,9,0,0,0,0,0,0,0,74,0,0,12,0,0,0,0,0,0
"2_1","1","2",0,15,3,7,33,1,0,0,0,0,0,1,0,0,0,7,0,0,0,0,0,0
"2_1","1","2",0,32,3,4,1,2,0,0,0,0,0,1,0,0,0,2,14,0,0,0,1,0
"2_1","1","2",0,11,1,12,0,0,0,0,0,0,0,1,14,0,0,15,2,0,0,0,0,0
"2_2","2","2",0,36,1,3,2,1,0,0,0,0,8,0,0,0,0,2,11,0,0,0,0,0
"2_2","2","2",0,16,6,2,1,0,0,0,0,0,1,0,82,0,0,0,21,0,0,0,0,0
"2_2","2","2",0,30,3,4,13,0,0,0,0,0,0,0,29,0,0,15,0,0,0,0,0,0
"2_2","2","2",0,14,1,3,58,0,0,0,0,0,0,0,59,0,0,14,25,0,0,0,0,0
"2_2","2","2",0,50,14,7,24,2,0,0,0,0,0,0,67,0,0,7,28,0,0,0,0,0
"2_2","2","2",0,14,2,0,20,5,0,0,0,0,0,0,53,0,0,15,3,0,0,0,0,0
"2_2","2","2",0,12,0,1,10,0,0,0,0,0,0,0,6,0,0,19,42,0,0,0,0,0
"2_2","2","2",0,40,31,17,48,0,0,0,0,0,4,0,16,0,0,6,11,0,0,0,0,0
"2_2","2","2",0,28,0,6,37,1,0,0,0,0,0,0,0,0,0,1,35,0,0,0,1,0
"2_2","2","2",0,11,2,7,5,0,0,0,0,0,1,1,51,0,0,7,12,0,0,0,0,0
"2_2","2","2",0,12,2,4,2,0,0,0,0,0,6,0,0,0,0,8,46,0,0,0,0,0
"2_2","2","2",0,17,0,29,9,0,0,0,0,0,0,2,0,0,0,0,47,0,0,0,0,0
"2_2","2","2",0,0,0,20,0,0,0,0,0,0,0,0,0,0,0,12,13,0,0,0,0,0
"2_2","2","2",0,17,0,6,39,0,0,0,0,0,4,0,11,0,0,5,0,0,0,0,0,0
"2_2","2","2",0,1,2,1,3,3,0,0,0,0,0,1,56,0,0,0,18,0,0,0,0,0
"2_2","2","2",0,16,0,8,10,0,0,0,0,0,0,0,50,0,0,15,4,0,0,0,0,0
"2_2","2","2",0,15,1,2,11,4,0,0,0,0,0,0,47,0,0,3,1,0,0,0,0,0
"2_2","2","2",0,7,0,14,10,3,0,0,0,0,0,0,22,0,0,1,19,0,0,0,0,0
"2_2","2","2",0,11,0,0,4,0,0,0,0,0,0,0,38,0,0,15,34,0,0,0,0,0
"2_2","2","2",0,15,1,0,2,19,0,0,0,0,0,1,29,0,0,8,4,0,0,0,0,1
"2_2","2","2",0,1,3,2,1,0,0,0,0,0,0,0,13,0,0,4,13,0,0,0,1,0
"2_2","2","2",0,20,0,3,22,1,0,0,0,0,0,0,0,0,0,1,20,0,0,0,0,0
"2_2","2","2",0,6,1,0,9,0,0,0,0,0,1,0,4,0,0,14,24,0,0,0,1,0
"2_2","2","2",0,9,4,18,25,7,0,0,0,0,1,0,92,0,0,9,16,0,0,0,0,0
"2_2","2","2",0,7,0,8,29,4,0,0,0,0,0,4,16,0,0,0,12,0,0,0,0,0
"2_3","3","2",0,50,1,1,4,0,0,0,0,0,1,0,11,0,0,0,25,0,0,0,0,0
"2_3","3","2",0,11,0,10,3,7,0,0,0,0,0,2,13,0,0,3,11,0,0,0,0,0
"2_3","3","2",0,38,0,11,4,0,0,0,0,0,1,0,74,0,0,7,25,0,0,0,1,0
"2_3","3","2",0,28,2,6,10,0,0,0,0,0,0,4,18,0,0,0,24,0,0,0,0,0
"2_3","3","2",0,9,0,3,2,0,0,0,0,0,4,0,29,0,0,8,20,0,0,0,1,0
"2_3","3","2",0,16,0,4,18,0,0,0,0,0,0,0,38,0,0,4,14,0,0,0,0,0
"2_3","3","2",0,11,6,10,1,1,0,0,0,0,0,0,47,0,0,5,25,0,0,0,0,0
"2_3","3","2",0,35,0,3,39,0,0,0,0,0,0,0,92,0,0,30,4,0,0,0,0,0
"2_3","3","2",0,11,0,4,25,0,0,0,0,0,1,4,0,0,0,0,22,3,0,0,0,0
"2_3","3","2",0,5,0,0,0,2,0,0,0,0,0,0,0,0,0,7,13,0,0,0,0,0
"2_3","3","2",0,30,1,8,6,6,0,0,0,0,0,0,67,0,0,22,12,0,0,0,0,0
"2_3","3","2",0,16,2,4,38,3,0,0,0,0,6,0,86,0,0,4,2,0,0,0,0,0
"2_3","3","2",0,6,4,30,13,0,0,0,0,0,0,1,50,0,0,15,8,0,0,0,1,0
"2_3","3","2",0,1,13,1,54,4,0,0,0,0,0,0,35,0,0,0,24,0,0,0,0,0
"2_3","3","2",0,16,14,0,5,0,0,0,0,0,8,0,0,0,0,5,46,0,0,0,0,0
"2_3","3","2",0,15,1,7,10,0,0,0,0,0,1,0,0,0,0,3,3,0,0,0,0,0
"2_3","3","2",0,0,0,7,2,0,0,0,0,0,9,3,11,0,0,2,12,0,0,0,1,0
"2_3","3","2",0,5,0,0,2,0,0,0,0,0,0,0,51,0,0,14,16,0,0,0,0,0
"2_3","3","2",0,3,7,0,58,0,0,0,0,0,1,0,0,0,0,8,13,0,0,0,0,0
"2_3","3","2",0,15,3,2,6,0,0,0,0,0,0,0,56,0,0,1,35,0,0,0,0,0
"2_3","3","2",0,16,0,0,10,8,0,0,0,0,0,0,4,0,0,3,18,0,0,0,0,0
"2_3","3","2",0,12,3,11,2,0,0,0,0,0,0,0,1,0,0,11,10,0,0,0,0,0
"2_3","3","2",0,40,0,3,24,0,0,0,0,0,0,0,15,0,0,12,11,0,0,0,0,0
"2_3","3","2",0,5,1,12,11,0,0,0,0,0,0,3,14,0,0,7,19,0,0,0,0,0
"2_3","3","2",0,17,0,9,3,0,0,0,0,0,1,0,0,0,0,5,3,0,0,0,0,0
"2_4","4","2",0,0,0,0,6,0,0,0,0,0,0,1,47,0,0,5,4,0,0,0,0,0
"2_4","4","2",0,8,0,2,3,0,0,0,0,0,0,0,0,0,0,4,46,0,0,0,0,0
"2_4","4","2",0,7,0,0,8,6,0,0,0,0,0,0,0,0,0,13,11,0,0,0,0,0
"2_4","4","2",0,14,10,2,13,0,0,0,0,0,1,0,13,0,0,7,24,0,0,0,0,0
"2_4","4","2",0,11,0,11,9,0,0,0,0,0,0,0,59,0,0,11,28,0,0,0,0,0
"2_4","4","2",0,12,2,4,20,4,0,0,0,0,0,3,57,0,0,4,20,0,0,0,0,0
"2_4","4","2",0,11,1,6,13,0,0,0,0,0,0,1,13,0,0,5,18,0,0,0,1,0
"2_4","4","2",0,17,0,1,0,0,0,0,0,0,0,1,2,0,0,7,0,0,0,0,2,0
"2_4","4","2",0,15,0,3,2,0,0,0,0,0,0,0,92,0,0,12,12,0,0,0,0,0
"2_4","4","2",0,14,13,2,9,19,0,0,0,0,1,0,74,0,0,2,14,0,0,0,0,0
"2_4","4","2",0,31,0,29,9,0,0,0,0,0,0,0,10,0,0,0,11,0,0,0,0,0
"2_4","4","2",0,32,3,4,4,0,0,0,0,0,4,1,0,0,0,19,46,0,0,0,1,0
"2_4","4","2",0,1,0,4,10,1,0,0,0,0,0,0,20,0,0,3,22,0,0,0,0,0
"2_4","4","2",0,0,0,7,18,0,0,0,0,0,0,0,13,0,0,19,10,0,0,0,0,0
"2_4","4","2",0,40,4,18,4,4,0,0,0,0,0,0,0,0,0,1,11,0,0,0,0,0
"2_4","4","2",0,16,1,7,5,0,0,0,0,0,6,0,33,0,0,7,16,0,0,0,0,0
"2_4","4","2",0,11,1,10,5,5,0,0,0,0,0,0,23,0,0,3,18,0,0,0,0,0
"2_4","4","2",0,5,0,12,9,0,0,0,0,0,0,0,16,0,0,14,18,0,0,0,1,0
"2_4","4","2",0,30,0,7,11,0,0,0,0,0,0,0,48,0,0,1,2,0,0,0,0,0
"2_4","4","2",0,28,1,15,2,0,0,0,0,0,0,0,6,0,0,14,21,0,0,0,0,0
"2_4","4","2",0,5,2,0,3,0,0,0,0,0,8,4,18,0,0,15,35,0,0,0,0,0
"2_4","4","2",0,21,1,16,5,1,0,0,0,0,0,0,4,0,0,22,13,0,0,0,0,0
"2_4","4","2",0,11,0,8,9,0,0,0,0,0,1,0,15,0,0,31,19,0,0,0,0,0
"2_4","4","2",0,1,1,3,10,0,0,0,0,0,0,0,0,0,0,15,24,0,0,1,2,0
"2_4","4","2",0,9,0,7,25,13,0,0,0,0,1,0,22,0,0,0,25,0,0,0,0,0
"3_1","1","3",0,0,0,0,54,0,0,0,0,0,13,0,10,0,0,8,0,0,0,0,0,0
"3_1","1","3",0,0,14,0,18,0,0,0,0,0,0,2,26,0,0,3,0,0,0,0,1,0
"3_1","1","3",0,0,9,0,24,0,0,0,0,0,2,1,38,0,0,6,0,0,0,7,0,8
"3_1","1","3",0,1,0,0,3,2,0,0,0,0,0,0,48,0,0,3,0,0,0,0,0,14
"3_1","1","3",0,0,0,1,15,0,0,0,0,0,7,0,17,0,0,7,0,0,0,5,0,0
"3_1","1","3",0,1,3,0,34,0,0,0,0,0,0,1,4,0,0,4,0,0,0,0,0,8
"3_1","1","3",0,1,17,0,26,0,0,0,0,0,8,9,32,0,0,13,0,0,0,0,0,0
"3_1","1","3",0,0,0,0,28,0,0,0,0,0,0,0,0,0,0,21,0,0,0,0,0,8
"3_1","1","3",0,0,0,0,17,0,0,0,0,0,15,0,0,0,0,10,0,0,0,0,3,0
"3_1","1","3",0,0,18,0,47,6,0,0,0,0,0,0,1,0,0,17,0,0,0,0,0,2
"3_1","1","3",0,0,10,0,0,2,0,0,0,0,0,0,48,0,0,13,0,0,0,0,6,6
"3_1","1","3",0,0,0,0,17,0,0,0,0,0,3,0,34,0,0,16,0,0,0,0,0,1
"3_1","1","3",0,1,0,3,17,0,0,0,0,0,0,0,14,0,0,29,0,0,0,0,0,0
"3_1","1","3",0,0,2,1,17,0,0,0,0,0,0,69,0,0,0,12,0,0,0,0,0,0
"3_1","1","3",0,0,0,0,43,1,0,0,2,0,2,0,51,0,0,8,0,0,0,0,0,3
"3_1","1","3",0,0,2,0,22,0,0,0,0,0,0,0,72,0,0,22,0,0,0,0,0,0
"3_1","1","3",0,0,0,0,24,0,0,0,0,0,4,0,0,0,0,2,0,1,0,0,0,21
"3_1","1","3",0,0,3,1,7,0,0,0,0,0,1,13,0,0,0,10,0,0,0,0,0,0
"3_1","1","3",0,0,0,0,34,0,0,0,0,0,0,0,76,0,0,2,0,0,0,0,0,0
"3_1","1","3",0,5,2,0,3,0,0,0,0,0,0,0,0,0,0,12,1,0,2,0,0,5
"3_1","1","3",0,8,2,1,8,0,0,0,0,0,4,25,37,0,0,10,0,0,0,0,0,1
"3_1","1","3",0,0,3,1,46,0,0,0,0,0,0,9,19,0,0,8,0,0,0,0,0,11
"3_1","1","3",0,0,5,0,13,0,0,0,0,0,0,0,8,0,0,1,0,0,0,0,0,3
"3_1","1","3",0,0,1,0,4,0,0,0,0,0,0,37,0,0,0,11,0,0,0,0,0,0
"3_1","1","3",0,0,30,0,8,5,0,0,0,0,1,0,16,0,0,1,1,0,0,0,0,5
"3_2","2","3",0,0,0,1,46,2,0,0,0,0,0,9,65,0,0,7,5,0,0,0,0,0
"3_2","2","3",0,0,0,0,72,0,0,0,0,0,2,0,29,0,0,25,0,1,0,0,0,3
"3_2","2","3",0,3,1,0,34,4,0,0,0,0,4,13,37,0,0,16,0,0,0,0,0,2
"3_2","2","3",0,0,1,0,42,3,0,0,0,0,0,0,0,0,0,6,0,0,0,0,0,0
"3_2","2","3",0,0,0,0,7,0,0,0,0,0,13,0,24,0,0,8,0,0,0,0,0,5
"3_2","2","3",0,0,30,0,13,3,0,0,0,0,0,0,16,0,0,7,0,1,0,0,0,4
"3_2","2","3",0,0,0,0,15,0,0,0,0,0,1,9,11,0,0,4,1,0,0,0,0,0
"3_2","2","3",0,0,3,0,6,0,0,0,0,0,4,2,8,0,0,11,0,0,0,0,0,1
"3_2","2","3",0,0,2,0,47,0,0,0,0,0,0,0,6,0,0,6,0,0,0,0,1,0
"3_2","2","3",0,0,16,0,3,0,0,0,0,0,1,0,39,0,0,3,0,0,0,0,1,3
"3_2","2","3",0,0,1,0,13,3,0,0,0,0,10,1,0,0,0,8,1,0,0,0,0,2
"3_2","2","3",0,0,18,0,34,3,0,0,0,0,0,0,1,0,0,11,0,0,0,0,0,1
"3_2","2","3",0,1,0,0,10,0,0,0,0,0,0,0,33,0,0,9,0,0,0,0,0,0
"3_2","2","3",0,0,0,0,8,0,0,0,0,4,0,2,21,0,0,1,1,0,0,0,0,8
"3_2","2","3",0,0,0,3,17,2,0,0,0,0,0,0,37,0,0,11,0,0,0,0,0,8
"3_2","2","3",0,0,0,0,3,0,0,0,0,6,14,2,51,0,0,8,0,0,0,0,0,0
"3_2","2","3",0,0,7,2,8,0,0,0,0,0,1,1,46,0,1,2,0,0,0,0,1,5
"3_2","2","3",0,0,0,1,17,0,0,0,0,0,0,0,0,0,0,18,0,0,0,0,0,12
"3_2","2","3",0,5,10,1,7,0,0,0,0,0,1,0,11,0,0,14,0,0,0,0,1,11
"3_2","2","3",0,0,19,0,33,3,0,0,0,0,0,10,19,0,0,3,0,0,0,0,0,4
"3_2","2","3",0,1,0,0,4,0,0,0,0,0,0,0,32,0,0,5,0,0,0,0,0,0
"3_2","2","3",0,0,0,0,8,0,0,0,0,0,0,59,53,0,0,0,0,0,0,0,0,3
"3_2","2","3",0,0,0,0,22,0,0,0,0,0,2,0,60,0,0,31,0,0,0,0,0,4
"3_2","2","3",0,0,4,0,4,0,0,0,0,0,0,0,7,0,0,25,1,0,0,0,2,0
"3_2","2","3",0,2,0,0,50,0,0,0,0,0,0,0,1,0,0,4,7,0,0,0,0,11
"3_3","3","3",0,0,0,0,12,0,0,0,0,0,0,0,0,0,0,10,0,0,0,0,0,0
"3_3","3","3",0,0,0,0,4,0,0,0,0,0,0,19,50,0,0,3,1,0,0,0,0,2
"3_3","3","3",0,0,2,0,17,0,0,0,0,0,0,0,34,0,0,8,0,0,0,0,1,5
"3_3","3","3",0,7,2,0,27,3,0,0,0,0,4,0,1,0,0,6,0,0,0,0,0,3
"3_3","3","3",0,0,0,0,4,0,0,0,0,0,0,0,15,0,0,22,6,0,0,0,3,0
"3_3","3","3",0,0,4,0,28,0,0,0,0,0,8,0,65,0,0,8,0,0,0,0,0,0
"3_3","3","3",0,0,0,0,20,0,0,0,0,0,1,0,1,0,0,31,0,0,0,0,0,8
"3_3","3","3",1,0,1,0,20,0,0,0,0,0,3,2,0,0,0,5,0,0,0,0,0,0
"3_3","3","3",0,0,0,0,19,0,0,0,0,0,2,0,9,0,0,11,0,0,0,0,0,3
"3_3","3","3",0,1,0,0,15,0,0,0,0,0,1,0,37,0,0,4,0,0,0,0,0,14
"3_3","3","3",0,0,6,0,46,0,0,0,0,0,0,0,19,0,0,10,0,0,0,0,0,6
"3_3","3","3",0,1,30,0,30,0,0,0,0,0,0,0,26,0,0,5,0,0,0,0,0,0
"3_3","3","3",0,1,0,0,9,0,0,0,0,0,1,89,31,0,0,11,0,0,0,0,0,9
"3_3","3","3",0,3,0,0,13,3,0,0,0,0,0,13,0,0,0,0,0,0,0,0,0,0
"3_3","3","3",0,1,0,0,17,2,0,0,0,0,8,24,72,0,0,12,0,0,0,0,0,16
"3_3","3","3",0,0,0,0,3,0,0,0,0,0,0,0,0,0,0,2,0,0,0,0,0,7
"3_3","3","3",0,0,3,0,17,3,0,0,0,0,0,0,0,0,0,22,0,0,0,0,0,0
"3_3","3","3",0,0,10,0,20,21,0,0,0,0,4,9,11,0,0,4,0,0,0,0,1,2
"3_3","3","3",0,0,3,0,20,0,0,0,0,0,18,0,48,0,0,6,0,0,0,0,0,6
"3_3","3","3",0,0,0,0,43,3,0,0,0,0,0,0,51,0,0,3,0,0,0,0,0,0
"3_3","3","3",0,0,13,0,47,0,0,0,0,0,0,0,46,0,0,25,0,0,0,0,0,0
"3_3","3","3",0,0,0,0,39,0,0,0,0,0,3,0,29,0,0,3,0,0,0,0,0,8
"3_3","3","3",0,0,10,0,3,4,0,0,0,0,1,0,49,0,0,4,0,0,0,0,0,0
"3_3","3","3",0,0,0,0,34,0,0,0,0,0,3,0,21,0,0,7,0,0,0,0,1,3
"3_3","3","3",0,0,0,0,24,0,0,0,1,0,15,0,14,0,0,5,0,0,0,0,0,0
"3_4","4","3",0,0,18,0,17,0,0,0,0,0,11,0,16,0,0,5,6,0,0,0,0,2
"3_4","4","3",0,0,0,0,15,0,0,0,0,0,0,21,41,0,0,4,0,0,0,0,0,5
"3_4","4","3",0,0,5,0,18,5,0,0,0,0,0,0,8,10,0,13,0,0,0,0,0,5
"3_4","4","3",0,1,0,0,47,4,0,0,0,0,0,0,0,0,0,1,0,0,0,0,0,7
"3_4","4","3",0,5,3,0,25,0,0,0,0,0,0,1,8,0,0,5,0,0,0,7,1,0
"3_4","4","3",0,0,0,0,6,0,0,0,0,0,3,0,34,0,0,15,0,0,0,0,0,8
"3_4","4","3",0,0,4,0,27,0,0,0,0,0,3,2,0,0,0,7,0,0,0,0,0,8
"3_4","4","3",0,0,0,0,16,21,0,0,0,0,4,0,10,0,0,6,0,0,0,0,0,0
"3_4","4","3",0,0,0,1,17,0,0,0,0,0,0,0,12,0,0,2,0,0,0,0,3,1
"3_4","4","3",0,0,3,0,17,0,0,0,0,0,16,0,21,0,0,4,0,0,0,8,0,0
"3_4","4","3",0,0,0,0,18,0,0,0,0,0,0,6,26,0,0,0,0,0,0,0,0,3
"3_4","4","3",0,0,0,0,14,0,0,0,0,0,0,0,0,0,0,13,1,0,0,0,0,0
"3_4","4","3",0,0,0,0,47,1,0,0,0,0,0,0,2,0,0,27,0,0,0,0,0,4
"3_4","4","3",0,0,3,0,8,0,0,0,0,0,0,2,0,0,0,6,0,0,0,0,0,0
"3_4","4","3",0,0,3,0,39,1,0,0,0,0,3,19,19,0,0,2,0,0,0,0,0,0
"3_4","4","3",0,0,2,1,10,0,0,0,0,0,0,1,38,0,0,7,0,0,0,0,0,14
"3_4","4","3",0,0,0,0,4,0,0,0,0,0,19,0,11,0,0,3,0,0,0,0,0,6
"3_4","4","3",0,0,33,0,16,0,0,0,0,0,15,1,0,0,0,7,0,0,0,0,0,0
"3_4","4","3",0,0,18,0,13,0,0,0,0,0,0,0,50,0,0,4,0,0,0,0,0,4
"3_4","4","3",0,0,4,0,15,0,0,0,0,0,0,0,31,0,0,16,0,0,0,0,1,8
"3_4","4","3",0,0,4,0,24,1,0,0,0,0,0,69,26,0,0,5,0,0,0,0,0,3
"3_4","4","3",0,0,3,0,42,6,0,0,0,0,0,0,55,0,0,6,0,0,0,0,0,3
"3_4","4","3",0,5,0,0,29,0,0,0,0,0,4,86,39,0,0,10,0,0,0,0,0,1
"3_4","4","3",0,1,1,0,26,0,0,0,0,4,0,60,0,0,0,31,0,0,0,0,0,2
"3_4","4","3",0,0,0,0,22,0,0,0,0,0,0,0,32,0,1,0,0,0,0,0,0,8
"4_1","1","4",0,10,7,26,0,0,0,0,0,0,1,0,40,0,0,3,40,0,0,0,0,0
"4_1","1","4",0,12,2,1,8,0,0,0,0,0,0,1,33,0,0,6,29,0,0,0,0,0
"4_1","1","4",0,11,2,15,2,0,0,0,0,0,0,1,11,0,0,2,9,0,0,0,0,0
"4_1","1","4",0,14,0,0,9,0,0,0,0,0,0,0,13,0,0,1,30,0,0,0,0,0
"4_1","1","4",0,24,0,25,5,1,0,0,0,0,0,4,40,0,0,7,22,0,0,0,0,0
"4_1","1","4",0,14,2,16,0,0,0,0,0,0,0,0,0,0,0,0,15,0,0,0,0,0
"4_1","1","4",0,15,4,20,0,0,0,0,0,0,0,0,10,0,0,7,8,0,0,0,0,0
"4_1","1","4",0,2,0,0,22,0,0,0,0,0,0,0,60,0,0,2,10,0,0,0,0,0
"4_1","1","4",0,5,4,34,21,0,0,0,0,0,0,0,18,0,0,2,14,0,0,0,0,0
"4_1","1","4",0,3,3,0,50,0,0,0,0,0,6,4,0,0,0,13,31,0,0,0,0,0
"4_1","1","4",0,7,10,8,8,0,0,0,0,0,0,0,50,0,0,6,5,0,0,0,0,0
"4_1","1","4",0,33,0,13,7,0,0,0,0,0,0,2,36,0,0,0,14,0,0,0,0,0
"4_1","1","4",0,12,0,28,7,0,0,0,0,0,3,1,41,0,0,1,22,0,1,0,0,0
"4_1","1","4",0,15,8,22,1,1,0,0,0,0,0,0,20,0,0,0,26,0,0,0,0,0
"4_1","1","4",0,26,2,0,8,0,0,0,0,0,2,0,7,0,0,14,4,0,0,0,0,0
"4_1","1","4",0,16,0,36,5,0,0,0,0,0,0,2,40,0,0,17,13,0,0,0,0,0
"4_1","1","4",0,21,0,0,8,0,0,0,0,0,6,0,0,0,0,0,26,0,0,0,2,0
"4_1","1","4",0,9,0,35,11,0,0,0,0,0,0,0,39,0,0,23,10,0,0,0,0,1
"4_1","1","4",0,6,0,42,8,0,0,0,0,0,0,0,60,0,0,6,19,0,0,0,0,0
"4_1","1","4",0,4,4,0,29,0,0,0,0,0,0,0,46,0,0,5,7,0,0,0,0,0
"4_1","1","4",0,12,0,11,12,0,0,0,0,0,2,1,56,0,0,3,20,0,0,0,0,0
"4_1","1","4",0,10,8,13,11,0,0,0,0,0,0,4,15,0,0,3,0,0,0,0,0,0
"4_1","1","4",0,2,0,17,8,0,0,0,0,0,0,1,6,0,0,4,45,0,0,0,1,0
"4_1","1","4",0,9,0,6,28,0,0,0,0,0,1,0,0,0,0,0,28,0,0,0,0,0
"4_1","1","4",0,9,4,26,13,0,0,0,0,0,0,0,0,0,0,0,9,0,0,0,0,0
"4_2","2","4",0,9,0,20,8,0,0,0,0,0,0,0,51,0,0,4,0,0,0,0,0,0
"4_2","2","4",0,0,0,36,12,0,0,0,0,0,0,2,6,0,0,5,23,0,0,0,0,0
"4_2","2","4",0,10,2,7,5,0,0,0,0,0,0,1,56,0,0,1,7,0,0,0,0,0
"4_2","2","4",0,3,0,0,4,0,0,0,0,0,0,0,13,0,0,3,51,0,1,0,0,0
"4_2","2","4",0,24,1,0,9,0,0,0,0,0,0,8,30,0,0,8,34,0,0,0,0,1
"4_2","2","4",0,4,4,6,7,0,0,0,0,0,0,2,11,0,0,18,11,0,0,0,0,0
"4_2","2","4",0,12,4,6,29,0,0,0,0,0,0,0,20,0,0,0,16,0,0,0,0,0
"4_2","2","4",0,15,0,5,13,0,0,0,0,0,0,0,69,0,0,3,5,0,0,0,0,0
"4_2","2","4",0,3,2,15,21,0,0,0,0,0,0,4,40,0,0,21,9,0,0,0,0,0
"4_2","2","4",0,36,2,0,5,0,0,0,0,0,1,0,46,0,0,7,45,0,0,0,0,0
"4_2","2","4",0,33,3,0,7,0,0,0,0,0,0,0,67,0,0,13,16,0,0,0,0,0
"4_2","2","4",0,2,2,9,28,0,0,0,0,0,1,0,36,0,0,1,36,0,0,0,0,0
"4_2","2","4",0,5,2,11,21,0,0,0,0,0,0,0,45,0,0,3,13,0,0,0,0,0
"4_2","2","4",0,3,0,10,9,1,0,0,0,0,0,0,0,0,0,18,27,0,0,0,0,0
"4_2","2","4",0,9,0,8,12,0,0,0,0,0,1,0,40,0,0,2,17,0,0,0,0,0
"4_2","2","4",0,10,0,6,11,0,0,0,0,0,0,3,7,0,0,4,23,0,0,0,0,0
"4_2","2","4",0,3,2,0,0,0,0,0,0,0,0,3,0,0,0,5,8,0,0,0,0,0
"4_2","2","4",0,18,0,50,0,0,0,0,0,0,0,0,18,0,0,6,15,0,0,0,0,1
"4_2","2","4",0,33,7,33,8,0,0,0,0,0,0,0,45,0,0,10,24,0,0,0,0,0
"4_2","2","4",0,7,3,6,6,0,0,0,0,0,0,1,0,0,0,28,29,0,0,0,0,0
"4_2","2","4",0,14,2,35,7,0,0,0,0,0,0,0,35,0,0,14,9,0,0,0,0,0
"4_2","2","4",0,4,2,26,5,0,0,0,0,0,1,0,78,0,0,5,14,0,0,0,0,0
"4_2","2","4",0,8,2,1,11,0,0,0,0,0,4,3,0,0,0,0,3,0,0,0,0,0
"4_2","2","4",0,2,6,1,10,0,0,0,0,0,4,4,33,0,0,0,26,0,0,0,0,0
"4_2","2","4",0,8,4,1,1,1,0,0,0,0,6,0,0,0,0,2,18,0,0,0,0,0
"4_3","3","4",0,26,2,7,7,0,0,0,0,0,0,1,60,0,0,4,30,0,0,0,0,0
"4_3","3","4",0,10,1,0,8,0,0,0,0,0,3,0,42,0,0,1,16,0,0,0,0,0
"4_3","3","4",0,10,10,0,64,0,0,0,0,0,2,0,42,0,0,3,17,0,0,0,0,0
"4_3","3","4",0,4,0,4,5,0,0,0,0,0,2,4,46,0,0,0,21,0,0,0,0,0
"4_3","3","4",0,33,4,0,7,0,0,0,0,0,0,3,0,0,0,5,13,0,0,1,0,0
"4_3","3","4",0,15,2,17,2,0,0,0,0,0,0,0,13,0,0,0,31,0,0,0,0,0
"4_3","3","4",0,10,5,8,22,0,0,0,0,0,4,0,40,0,0,5,23,0,0,0,0,1
"4_3","3","4",0,21,0,1,1,0,0,0,0,0,0,0,13,0,0,0,3,0,0,0,0,0
"4_3","3","4",0,22,4,34,0,0,0,0,0,0,0,0,0,0,0,2,14,0,0,0,1,0
"4_3","3","4",0,8,5,0,7,0,0,0,0,0,0,0,0,0,0,12,9,0,0,0,0,0
"4_3","3","4",0,9,8,25,23,1,0,0,0,0,0,1,45,0,0,0,51,0,0,0,0,0
"4_3","3","4",0,12,6,0,8,0,0,0,0,0,0,5,45,0,0,3,26,0,0,0,0,0
"4_3","3","4",0,12,0,1,50,0,0,0,0,0,0,0,6,0,0,14,17,0,0,0,0,0
"4_3","3","4",0,2,0,6,22,0,0,0,0,0,0,1,42,0,0,1,24,0,0,0,0,0
"4_3","3","4",0,36,0,0,12,0,0,0,0,0,4,2,41,0,0,6,14,0,0,0,0,0
"4_3","3","4",0,11,5,2,10,0,0,0,0,0,0,0,78,0,0,18,29,0,0,0,0,0
"4_3","3","4",0,10,3,0,11,0,0,0,0,0,1,0,10,0,0,2,26,0,0,0,0,0
"4_3","3","4",0,2,2,26,13,0,0,0,0,0,0,4,20,0,0,0,29,0,0,0,0,0
"4_3","3","4",0,4,2,33,6,0,0,0,0,0,0,4,0,0,0,2,36,0,0,0,0,0
"4_3","3","4",0,2,0,0,1,0,0,0,0,0,1,0,47,0,0,6,16,0,0,0,0,0
"4_3","3","4",0,12,2,0,9,0,0,0,0,0,0,1,0,0,0,3,8,0,0,0,0,0
"4_3","3","4",0,3,2,1,5,0,0,0,0,0,0,0,67,0,0,0,31,0,0,0,0,0
"4_3","3","4",0,1,2,5,4,0,0,0,0,0,6,2,53,0,0,0,18,0,0,0,0,0
"4_3","3","4",0,14,10,13,8,0,0,0,0,0,0,0,18,0,0,10,45,0,0,0,2,0
"4_3","3","4",0,12,2,42,4,0,0,0,0,0,0,0,44,0,0,6,10,0,0,0,0,0
"4_4","4","4",0,9,0,6,7,0,0,0,0,0,0,0,67,0,0,21,41,0,0,0,0,0
"4_4","4","4",0,8,0,2,23,0,0,0,0,0,0,0,20,0,0,0,13,0,0,0,1,0
"4_4","4","4",0,2,0,11,3,0,0,0,0,0,0,0,35,0,0,5,9,0,0,0,0,0
"4_4","4","4",0,12,7,8,4,1,0,0,0,0,6,2,53,0,0,3,16,0,0,0,0,0
"4_4","4","4",0,5,0,6,11,0,0,0,0,0,0,0,41,0,0,3,24,0,0,0,0,0
"4_4","4","4",0,12,10,4,2,0,0,0,0,0,0,3,45,0,0,3,17,0,1,0,0,1
"4_4","4","4",0,2,0,6,10,0,0,0,0,0,0,1,69,0,0,4,8,0,0,0,0,0
"4_4","4","4",0,4,2,36,0,0,0,0,0,0,0,1,42,0,0,2,7,0,0,0,0,0
"4_4","4","4",0,11,4,0,40,0,0,0,0,0,0,1,30,0,0,3,28,0,0,0,0,0
"4_4","4","4",0,3,0,26,5,0,0,0,0,0,0,2,18,0,0,1,40,0,0,0,0,1
"4_4","4","4",0,24,4,25,1,0,0,0,0,0,0,0,26,0,0,3,5,0,0,0,0,0
"4_4","4","4",0,14,8,50,14,0,0,0,0,0,0,0,60,0,0,2,24,0,0,0,0,0
"4_4","4","4",0,1,1,1,9,0,0,0,0,0,0,0,0,0,0,0,9,0,0,0,0,0
"4_4","4","4",0,10,5,1,2,0,0,0,0,0,0,2,42,0,0,6,30,0,0,0,0,0
"4_4","4","4",0,0,0,15,6,0,0,0,0,0,0,0,42,0,0,4,18,0,0,0,0,0
"4_4","4","4",0,9,0,0,20,0,0,0,0,0,0,0,46,0,0,28,16,0,0,0,0,0
"4_4","4","4",0,8,1,7,8,0,0,0,0,0,0,4,0,0,0,13,17,0,0,0,0,0
"4_4","4","4",0,9,0,0,8,0,0,0,0,0,0,2,40,0,0,0,26,0,0,0,0,0
"4_4","4","4",0,9,2,10,28,0,0,0,0,0,0,4,0,0,0,23,22,0,0,1,0,0
"4_4","4","4",0,7,0,17,50,0,0,0,0,0,0,1,50,0,0,7,0,0,0,0,0,0
"4_4","4","4",0,0,1,27,7,0,0,0,0,0,0,0,42,0,0,0,10,0,0,0,0,0
"4_4","4","4",0,10,0,42,64,0,0,0,0,0,0,0,40,0,0,0,3,0,0,0,0,0
"4_4","4","4",0,7,1,1,0,0,0,0,0,0,0,0,0,0,0,0,26,0,0,0,0,0
"4_4","4","4",0,36,0,0,9,0,0,0,0,0,0,0,54,0,0,8,31,0,0,0,0,1
"4_4","4","4",0,2,0,1,8,1,0,0,0,0,2,1,0,0,0,5,20,0,0,0,0,0
"5_1","1","5",0,3,3,0,4,1,0,0,0,0,14,0,17,0,0,18,3,0,0,0,0,0
"5_1","1","5",0,2,5,24,3,0,0,0,0,0,9,1,36,0,0,53,2,0,0,0,0,0
"5_1","1","5",0,0,1,73,11,2,0,0,0,0,32,3,3,0,0,15,20,0,0,1,0,0
"5_1","1","5",3,1,5,2,8,0,0,0,0,0,0,0,23,0,0,53,0,0,0,1,2,0
"5_1","1","5",0,0,0,21,23,1,0,0,0,0,2,0,23,0,0,26,1,0,0,0,0,0
"5_1","1","5",0,0,0,5,1,0,0,0,0,0,1,6,17,0,0,15,0,1,0,0,0,0
"5_1","1","5",0,0,1,38,20,0,0,0,0,0,6,3,9,0,0,21,6,0,0,0,0,0
"5_1","1","5",0,3,3,3,3,9,0,0,0,0,16,1,12,0,0,1,27,0,0,0,1,0
"5_1","1","5",0,0,0,23,14,0,0,0,0,0,15,3,0,0,0,22,6,0,0,0,0,0
"5_1","1","5",0,1,0,0,21,8,0,0,0,0,2,0,21,0,0,38,0,0,0,0,0,0
"5_1","1","5",0,0,6,0,19,0,0,0,0,0,31,1,3,0,0,35,2,0,0,0,1,0
"5_1","1","5",0,0,0,0,16,0,0,0,0,0,8,4,0,0,0,10,0,0,0,1,0,0
"5_1","1","5",0,1,2,17,16,0,0,0,0,0,50,0,0,0,0,14,0,0,0,0,0,0
"5_1","1","5",2,6,0,1,1,0,0,0,0,0,41,0,12,0,0,15,0,0,0,0,1,0
"5_1","1","5",0,0,0,0,7,10,0,0,0,0,7,0,36,0,0,17,3,2,0,0,1,0
"5_1","1","5",1,0,3,28,11,0,0,1,1,0,4,3,0,0,0,11,0,0,0,0,0,0
"5_1","1","5",1,1,1,0,9,0,0,0,0,0,4,1,0,0,0,29,14,0,0,0,0,0
"5_1","1","5",0,0,0,0,6,0,0,0,0,0,9,3,3,0,0,16,0,0,0,0,0,0
"5_1","1","5",2,2,2,15,8,24,0,0,0,0,6,1,15,0,0,16,2,0,0,0,0,0
"5_1","1","5",0,1,0,0,27,0,0,0,0,0,29,0,0,0,0,13,6,0,0,0,0,0
"5_1","1","5",0,0,16,0,4,2,0,0,0,0,28,2,5,0,0,12,1,0,0,0,0,0
"5_1","1","5",0,0,3,0,26,1,0,0,0,2,0,0,19,0,0,4,3,0,0,0,0,0
"5_1","1","5",0,0,1,0,3,0,0,0,0,0,8,4,33,0,2,13,0,0,0,0,0,0
"5_1","1","5",2,1,10,1,19,5,0,0,0,0,20,1,6,0,0,5,6,0,0,0,0,0
"5_1","1","5",0,3,0,1,12,0,0,0,0,0,15,4,15,0,0,23,8,0,0,0,0,0
"5_2","2","5",0,0,1,24,9,0,0,0,0,0,0,0,5,0,0,13,20,0,0,0,0,0
"5_2","2","5",3,1,0,24,16,0,0,0,0,0,8,0,15,0,0,14,2,0,0,0,0,0
"5_2","2","5",3,0,4,0,24,0,0,0,0,0,9,1,12,0,0,5,11,0,0,0,0,0
"5_2","2","5",0,0,12,3,9,0,0,0,0,0,37,11,12,0,0,15,0,0,0,0,0,0
"5_2","2","5",0,0,1,2,12,1,0,0,0,0,4,3,0,0,0,25,23,0,0,0,0,0
"5_2","2","5",0,0,1,0,27,8,0,0,0,0,4,0,0,0,0,41,2,0,0,1,1,0
"5_2","2","5",0,0,7,0,7,1,0,0,0,0,15,1,31,0,0,25,2,0,0,0,0,0
"5_2","2","5",0,0,15,0,18,11,0,0,0,0,14,1,31,0,0,10,14,0,0,0,0,0
"5_2","2","5",0,0,0,23,1,0,0,1,1,0,0,6,0,0,0,15,4,0,0,0,0,0
"5_2","2","5",1,2,15,0,12,7,0,0,0,0,20,1,0,0,0,16,44,0,0,0,0,0
"5_2","2","5",0,0,2,0,1,0,0,0,0,0,36,0,68,0,0,5,9,0,0,2,0,0
"5_2","2","5",0,0,10,0,17,1,0,0,0,1,29,0,23,0,0,12,3,0,0,0,0,0
"5_2","2","5",0,0,16,17,9,2,0,0,0,0,0,0,0,0,0,35,13,0,0,0,0,0
"5_2","2","5",1,0,0,17,7,0,0,0,0,0,32,0,0,0,0,22,0,0,0,0,0,0
"5_2","2","5",0,6,3,12,23,4,0,2,0,0,6,4,6,0,0,12,0,0,0,0,0,0
"5_2","2","5",0,11,0,0,4,4,0,0,0,0,20,1,5,0,6,10,0,0,0,0,1,0
"5_2","2","5",0,0,2,0,12,2,0,0,0,0,1,3,9,0,0,26,7,0,0,1,0,0
"5_2","2","5",0,0,0,0,0,3,0,0,0,0,16,1,0,0,0,46,1,0,0,0,1,0
"5_2","2","5",0,0,12,0,7,10,0,0,0,0,14,0,36,0,0,18,11,1,0,0,0,0
"5_2","2","5",0,0,3,0,8,2,0,0,1,0,50,0,3,0,0,11,0,0,0,0,0,0
"5_2","2","5",0,2,0,0,1,0,0,0,0,0,4,1,21,0,0,19,0,0,0,0,0,0
"5_2","2","5",8,1,0,13,12,0,0,0,0,0,1,4,25,0,0,23,0,0,0,0,0,5
"5_2","2","5",0,0,5,31,6,0,0,0,0,5,6,22,0,0,0,8,0,0,0,0,0,0
"5_2","2","5",0,0,9,19,4,0,0,0,0,0,9,0,27,0,0,6,0,0,0,1,0,0
"5_2","2","5",0,1,0,1,27,0,0,0,0,0,3,3,1,0,0,19,1,0,0,0,0,1
"5_3","3","5",0,0,2,0,1,4,0,0,0,0,0,3,26,0,0,25,0,0,0,0,0,0
"5_3","3","5",0,0,1,0,12,0,0,0,0,0,59,3,3,0,0,25,11,0,0,0,0,0
"5_3","3","5",1,1,0,16,20,0,0,0,0,0,4,0,5,0,0,23,10,1,0,1,0,0
"5_3","3","5",0,0,16,0,3,8,0,3,0,0,0,0,5,0,0,21,2,0,0,0,0,0
"5_3","3","5",0,0,4,0,26,0,0,0,0,0,1,3,14,0,0,11,3,0,0,0,0,0
"5_3","3","5",3,1,0,8,23,0,0,0,0,23,15,0,6,0,0,29,0,0,0,0,0,0
"5_3","3","5",0,3,2,1,1,3,0,0,0,1,36,0,0,0,0,5,0,0,0,0,0,0
"5_3","3","5",0,0,5,12,2,10,0,1,0,0,0,0,30,0,0,15,4,0,0,0,0,1
"5_3","3","5",0,0,15,1,16,0,0,0,1,0,0,4,12,0,0,2,0,0,0,0,0,0
"5_3","3","5",1,1,2,31,15,1,0,0,0,0,21,0,9,0,0,53,0,0,0,0,1,1
"5_3","3","5",8,0,14,2,22,0,0,0,0,0,1,0,37,0,0,19,0,0,0,0,0,1
"5_3","3","5",2,5,5,0,19,6,0,0,0,0,4,0,4,0,0,21,0,0,0,1,0,0
"5_3","3","5",0,1,0,0,24,11,0,0,0,0,0,2,0,0,0,17,14,0,0,0,0,1
"5_3","3","5",0,0,0,0,3,8,0,2,0,0,50,0,0,0,0,9,7,0,0,0,0,0
"5_3","3","5",0,0,0,15,26,0,0,0,0,0,29,1,0,0,0,43,11,0,0,0,0,0
"5_3","3","5",0,0,11,3,9,4,0,0,0,0,2,1,31,0,0,14,0,0,0,0,0,0
"5_3","3","5",0,0,0,38,16,2,0,0,0,0,0,4,15,0,0,10,2,0,0,0,0,0
"5_3","3","5",0,0,0,0,11,4,0,0,0,0,8,2,39,0,0,4,3,0,0,0,0,0
"5_3","3","5",1,2,3,44,4,3,0,0,0,0,10,1,0,0,0,26,0,0,0,0,0,0
"5_3","3","5",0,6,0,5,3,0,0,0,0,0,1,0,0,0,0,15,0,0,0,0,0,0
"5_3","3","5",0,0,0,0,4,10,0,0,0,3,6,0,6,0,0,35,1,0,0,0,0,0
"5_3","3","5",0,0,7,0,17,0,0,0,0,0,15,1,0,0,0,5,13,0,0,0,0,1
"5_3","3","5",0,1,2,0,1,0,0,0,0,0,43,6,17,0,0,15,11,0,0,0,1,0
"5_3","3","5",1,0,3,0,11,0,0,0,0,0,1,3,38,0,0,11,0,0,0,0,0,0
"5_3","3","5",0,0,0,15,7,0,0,0,0,0,6,2,36,0,0,3,2,0,0,0,0,0
"5_4","4","5",0,0,2,0,7,0,0,0,0,0,3,0,0,0,1,52,1,0,0,0,0,0
"5_4","4","5",0,1,4,44,24,0,0,0,0,0,13,10,0,0,0,53,10,0,0,1,0,0
"5_4","4","5",0,3,1,0,16,4,0,0,0,0,9,6,0,0,0,4,2,0,0,0,0,0
"5_4","4","5",0,0,1,0,17,6,0,0,0,0,17,0,30,0,0,19,0,0,0,0,0,0
"5_4","4","5",0,0,14,0,2,1,0,0,0,2,4,11,0,0,0,13,0,0,0,0,0,0
"5_4","4","5",0,1,2,3,17,0,0,1,0,23,7,0,15,0,0,34,0,0,0,0,0,0
"5_4","4","5",3,2,6,0,11,0,0,0,0,0,28,0,5,0,0,9,7,0,0,0,0,0
"5_4","4","5",1,0,3,0,23,0,0,0,0,0,6,2,0,0,0,5,20,0,0,0,0,0
"5_4","4","5",1,2,3,3,2,0,0,0,0,0,3,3,25,0,0,9,3,0,0,1,0,1
"5_4","4","5",0,2,11,0,15,0,0,0,0,0,6,0,26,0,2,2,0,2,0,0,0,1
"5_4","4","5",0,2,0,0,15,5,0,0,0,0,0,2,0,0,0,15,0,0,0,1,1,0
"5_4","4","5",0,2,0,6,1,8,0,4,0,0,20,0,0,0,0,11,1,0,0,0,0,0
"5_4","4","5",0,0,0,0,9,0,0,0,0,0,0,1,0,0,0,26,3,0,0,0,0,0
"5_4","4","5",0,0,6,0,3,0,0,0,0,0,4,0,12,0,0,27,1,2,0,1,1,0
"5_4","4","5",0,4,1,2,20,3,0,0,0,0,69,0,17,0,0,16,9,0,0,0,0,0
"5_4","4","5",0,0,0,5,10,0,0,0,0,0,3,4,0,0,0,39,0,0,0,0,0,0
"5_4","4","5",1,0,1,7,11,1,0,0,0,0,1,5,1,0,0,2,0,0,0,0,0,0
"5_4","4","5",0,0,12,1,38,0,0,0,0,0,9,1,30,0,0,26,0,0,0,0,0,0
"5_4","4","5",0,0,0,0,1,11,0,0,0,0,1,1,73,0,0,53,12,0,0,0,0,0
"5_4","4","5",0,1,3,24,6,0,0,0,0,0,31,0,36,0,0,11,1,0,0,0,0,0
"5_4","4","5",0,2,0,6,21,2,0,1,0,0,1,0,14,0,0,26,0,0,0,0,0,0
"5_4","4","5",0,0,15,25,26,3,0,0,0,0,21,22,31,0,0,20,0,0,0,0,0,0
"5_4","4","5",0,0,0,0,1,2,0,0,0,0,42,0,5,0,0,38,1,0,0,0,1,0
"5_4","4","5",0,0,3,17,14,24,0,0,0,0,23,6,19,0,0,5,2,0,0,0,0,0
"5_4","4","5",0,0,1,0,19,11,0,0,0,0,79,0,4,0,0,22,6,0,0,0,0,1
"6_1","1","6",0,1,0,13,3,0,0,0,0,10,0,4,0,0,0,35,0,0,0,0,0,0
"6_1","1","6",0,0,3,0,4,0,0,0,0,53,57,4,0,0,0,6,11,0,0,0,5,0
"6_1","1","6",0,1,10,0,11,0,0,0,0,0,8,32,0,0,0,15,8,0,0,0,0,0
"6_1","1","6",0,2,1,0,3,0,0,0,0,13,41,5,0,0,0,18,6,0,0,0,0,0
"6_1","1","6",0,0,0,0,11,0,0,0,0,0,28,28,0,0,0,12,0,0,0,0,0,0
"6_1","1","6",0,0,3,5,9,0,0,0,0,45,25,12,0,0,0,4,2,0,0,0,0,0
"6_1","1","6",0,1,4,8,6,0,0,0,0,22,74,13,0,0,0,4,4,0,0,0,0,0
"6_1","1","6",0,7,0,0,16,0,0,0,0,2,37,15,0,0,0,15,1,0,0,0,0,0
"6_1","1","6",0,0,2,51,11,0,0,0,0,34,26,2,0,0,0,2,2,0,0,0,0,0
"6_1","1","6",0,0,1,4,2,0,0,0,0,0,10,58,0,0,10,17,1,0,0,0,0,0
"6_1","1","6",0,12,3,0,9,0,0,0,0,1,15,40,0,0,0,0,0,0,0,0,0,1
"6_1","1","6",0,1,8,0,24,0,0,0,0,0,47,9,0,0,0,13,0,0,0,0,0,0
"6_1","1","6",0,0,5,9,1,0,0,0,0,35,0,49,0,0,0,13,5,0,0,0,0,0
"6_1","1","6",0,0,0,0,5,0,0,0,0,0,0,0,0,0,0,1,0,0,0,0,0,0
"6_1","1","6",0,0,0,1,14,0,0,0,0,8,0,8,0,0,0,7,2,0,0,0,0,0
"6_1","1","6",0,1,4,6,12,0,0,0,0,52,40,6,0,0,0,27,22,0,0,0,2,0
"6_1","1","6",0,0,5,6,11,0,0,0,0,23,48,3,0,0,0,5,0,0,0,0,0,0
"6_1","1","6",0,0,1,3,9,0,0,0,0,0,0,4,0,0,0,23,4,0,0,0,0,0
"6_1","1","6",0,0,6,3,16,0,0,0,0,41,25,0,0,0,0,9,0,0,0,0,0,0
"6_1","1","6",0,0,0,0,17,0,0,0,0,20,0,9,0,0,0,3,0,0,0,0,0,0
"6_1","1","6",0,35,0,0,16,0,0,0,2,3,0,1,0,0,0,9,0,0,0,0,0,0
"6_1","1","6",0,0,6,0,14,0,0,0,0,17,0,53,0,0,0,13,1,0,0,0,0,0
"6_1","1","6",0,0,2,10,5,0,0,0,0,6,33,67,0,0,0,4,3,0,0,0,0,0
"6_1","1","6",0,0,3,3,26,0,0,0,0,15,0,34,0,0,0,43,0,0,0,0,0,0
"6_1","1","6",0,4,0,1,4,2,0,0,0,7,28,9,0,0,0,7,4,0,0,0,4,0
"6_2","2","6",0,0,0,6,14,0,0,0,0,6,0,12,0,0,0,0,1,0,0,0,0,2
"6_2","2","6",0,0,4,2,1,0,0,0,2,7,33,7,0,0,0,7,23,0,0,0,0,0
"6_2","2","6",0,36,3,0,3,0,0,0,0,0,28,20,7,0,0,43,4,0,0,0,0,0
"6_2","2","6",0,3,3,8,0,0,0,0,0,34,20,46,0,0,0,5,12,0,0,0,0,0
"6_2","2","6",0,0,0,13,4,3,0,0,0,0,17,4,0,0,0,30,0,0,0,0,0,0
"6_2","2","6",0,0,3,1,4,0,0,0,0,6,37,53,0,0,0,21,32,0,0,0,0,0
"6_2","2","6",0,15,0,0,12,0,0,0,0,8,0,9,0,0,0,5,6,0,0,0,1,0
"6_2","2","6",0,0,0,8,2,0,0,0,0,13,87,2,0,0,0,10,5,0,0,0,0,0
"6_2","2","6",0,8,1,4,67,0,0,0,0,8,0,13,0,1,14,9,9,0,0,0,3,0
"6_2","2","6",0,0,3,0,4,0,0,0,0,0,47,48,0,0,0,5,13,0,0,0,0,0
"6_2","2","6",0,0,2,0,12,0,0,0,0,1,17,4,0,0,0,13,0,0,0,0,0,3
"6_2","2","6",0,0,16,18,9,0,0,0,0,40,44,33,0,0,0,13,0,0,0,0,0,0
"6_2","2","6",0,12,3,4,3,0,0,0,0,35,66,19,0,0,0,10,0,0,0,0,0,0
"6_2","2","6",0,32,4,0,9,0,0,0,0,13,67,2,0,0,0,13,15,0,0,0,0,0
"6_2","2","6",0,0,1,0,8,0,0,0,0,0,9,41,0,0,0,9,3,0,0,0,0,2
"6_2","2","6",0,0,15,3,5,0,0,0,0,8,0,21,0,0,0,1,2,0,0,0,0,0
"6_2","2","6",0,1,7,1,3,0,0,0,0,52,24,11,0,0,0,4,0,0,0,0,0,0
"6_2","2","6",0,0,6,1,24,0,0,0,0,1,0,49,0,0,0,17,1,0,0,0,5,0
"6_2","2","6",0,3,6,9,19,0,0,0,0,26,44,3,2,0,0,2,0,0,0,0,0,0
"6_2","2","6",0,23,0,0,13,0,0,0,0,34,0,34,0,0,10,17,0,0,0,0,0,0
"6_2","2","6",0,6,5,0,24,0,0,0,0,22,0,7,8,0,0,6,1,0,0,0,0,0
"6_2","2","6",0,4,8,0,5,0,0,0,0,9,0,51,0,0,0,18,1,0,0,0,0,0
"6_2","2","6",0,0,1,3,11,0,0,0,0,0,5,0,0,0,0,1,11,0,0,0,0,0
"6_2","2","6",0,0,0,1,5,0,0,0,0,0,2,11,0,0,0,22,0,0,0,0,0,0
"6_2","2","6",0,0,4,1,0,0,0,0,0,0,28,59,0,0,0,2,0,0,0,0,0,0
"6_3","3","6",0,23,1,0,9,0,0,0,0,7,2,9,0,0,0,12,0,0,0,0,0,0
"6_3","3","6",0,35,2,11,9,0,0,0,0,0,86,2,0,0,0,6,0,0,0,0,0,2
"6_3","3","6",0,0,8,73,2,0,0,0,0,6,0,0,0,0,0,15,6,0,0,0,0,0
"6_3","3","6",0,4,3,5,14,0,0,0,0,20,17,35,0,0,0,17,0,0,0,0,0,0
"6_3","3","6",0,25,0,0,12,0,0,0,0,20,90,1,0,0,0,8,0,0,0,0,0,0
"6_3","3","6",0,7,0,3,4,0,0,0,0,7,0,18,0,0,0,27,2,0,0,0,0,2
"6_3","3","6",0,0,2,3,8,0,0,0,1,17,25,7,0,0,0,5,1,0,0,0,0,0
"6_3","3","6",0,0,0,0,12,0,0,0,0,27,26,34,0,0,0,20,0,0,0,0,0,0
"6_3","3","6",0,36,0,0,2,0,0,0,0,9,40,0,0,0,0,6,1,0,0,0,0,0
"6_3","3","6",0,0,2,3,4,0,0,0,0,0,8,1,0,0,0,24,33,0,0,0,0,0
"6_3","3","6",0,0,0,0,5,0,0,0,0,0,21,13,0,0,0,17,4,0,0,0,0,0
"6_3","3","6",0,1,0,0,7,0,0,0,0,41,33,31,0,0,0,2,5,0,0,0,0,0
"6_3","3","6",0,0,1,0,17,0,0,0,0,0,9,6,0,0,1,15,0,0,0,0,0,0
"6_3","3","6",0,6,3,0,21,0,0,0,0,9,20,3,0,0,10,18,29,0,0,0,0,0
"6_3","3","6",0,1,1,0,11,0,0,0,0,8,28,12,0,0,0,6,0,0,0,0,0,0
"6_3","3","6",0,0,0,0,10,0,0,0,0,13,5,6,0,0,0,0,6,0,0,0,3,0
"6_3","3","6",0,1,2,0,1,0,0,0,0,0,44,30,0,0,0,9,2,0,0,0,0,0
"6_3","3","6",0,15,2,0,16,0,0,0,0,45,74,3,0,0,0,30,1,0,0,0,0,0
"6_3","3","6",0,0,7,3,3,0,0,0,0,3,8,28,0,0,0,0,1,0,0,0,0,0
"6_3","3","6",0,0,0,0,2,0,0,0,0,1,0,14,0,0,0,5,2,0,0,0,0,0
"6_3","3","6",0,0,4,0,12,2,0,0,0,8,17,2,0,0,0,17,0,0,0,0,0,0
"6_3","3","6",0,0,1,0,9,0,0,0,0,0,0,3,0,0,0,10,4,0,0,0,1,0
"6_3","3","6",0,0,0,0,13,0,0,0,0,34,0,58,0,0,0,1,1,0,0,0,0,0
"6_3","3","6",0,0,0,7,22,0,0,0,0,40,0,59,0,0,0,12,2,0,0,0,0,1
"6_3","3","6",0,1,2,7,12,0,0,0,0,0,0,7,0,0,0,4,0,0,0,0,0,0
"6_4","4","6",0,0,6,16,8,0,0,0,0,0,3,19,8,0,0,5,1,0,0,0,0,0
"6_4","4","6",0,0,1,7,3,0,0,0,0,8,70,3,0,0,0,7,0,0,0,0,0,0
"6_4","4","6",0,0,5,1,8,0,0,0,0,15,28,13,0,0,1,6,0,0,0,0,0,0
"6_4","4","6",0,26,1,1,4,0,0,0,0,7,40,48,0,0,0,0,0,0,0,0,0,0
"6_4","4","6",0,0,3,9,8,0,0,0,0,21,17,8,0,0,0,0,9,0,0,0,0,0
"6_4","4","6",0,0,0,0,3,0,0,0,0,5,2,23,0,0,0,14,0,0,0,0,0,1
"6_4","4","6",0,4,5,7,29,0,0,0,0,13,0,0,0,0,0,15,0,0,0,0,0,1
"6_4","4","6",0,0,1,4,2,0,0,0,0,0,20,9,0,0,0,15,0,0,0,0,0,0
"6_4","4","6",0,1,3,3,10,0,0,0,0,12,0,4,0,0,0,7,4,0,0,0,0,0
"6_4","4","6",0,0,7,0,15,0,0,0,0,10,10,7,0,0,0,10,4,0,0,0,0,0
"6_4","4","6",0,0,1,11,3,0,0,0,0,45,57,28,0,0,0,6,1,0,0,0,1,0
"6_4","4","6",0,0,6,4,2,0,0,0,0,35,0,14,0,0,10,43,8,0,0,0,0,0
"6_4","4","6",0,0,7,5,16,0,0,0,0,3,24,0,0,0,0,15,26,0,0,0,0,0
"6_4","4","6",0,1,3,1,0,0,0,0,0,18,0,4,0,0,0,2,2,0,0,0,0,0
"6_4","4","6",0,0,0,0,6,0,0,0,0,0,37,8,0,0,0,12,6,0,0,0,0,0
"6_4","4","6",0,0,2,0,11,0,0,0,0,21,33,4,0,0,0,0,13,0,0,0,0,0
"6_4","4","6",0,4,1,0,14,0,0,0,0,0,0,16,0,0,0,15,23,0,0,0,0,0
"6_4","4","6",0,12,16,0,9,0,0,0,0,0,3,11,0,0,0,32,2,0,0,0,0,2
"6_4","4","6",0,1,3,5,9,0,0,0,0,0,21,33,0,0,0,9,4,0,0,0,1,0
"6_4","4","6",0,25,15,18,5,0,0,0,0,40,0,24,0,0,0,6,0,0,0,0,0,0
"6_4","4","6",0,0,1,9,8,0,0,0,0,17,44,41,0,0,0,4,1,0,0,0,0,0
"6_4","4","6",0,35,5,8,3,0,0,0,0,11,57,4,0,0,0,17,0,0,0,0,0,0
"6_4","4","6",0,0,1,0,1,0,0,0,0,55,57,0,0,0,0,27,0,0,0,0,0,0
"6_4","4","6",0,0,2,0,12,0,0,0,0,9,8,7,0,0,3,1,0,0,0,0,0,2
"6_4","4","6",0,0,5,0,12,0,0,0,0,10,0,67,0,0,0,21,3,0,0,0,0,0
"7_1","1","7",0,0,2,14,11,0,0,0,0,0,55,1,0,0,0,6,9,0,0,0,0,0
"7_1","1","7",0,3,4,42,3,1,0,0,0,0,4,2,17,0,0,8,28,0,0,0,0,0
"7_1","1","7",0,3,0,42,9,0,0,0,0,0,9,14,14,0,0,2,0,0,0,0,0,0
"7_1","1","7",0,11,0,1,7,3,0,0,0,0,82,4,1,0,0,1,1,0,0,0,0,0
"7_1","1","7",1,59,4,2,5,0,0,0,0,0,31,4,0,0,0,0,0,0,0,0,0,0
"7_1","1","7",0,12,2,2,9,1,0,0,0,0,3,2,0,0,0,34,24,0,0,0,0,0
"7_1","1","7",0,5,0,11,10,0,0,0,0,0,0,0,0,0,0,2,1,0,0,0,0,0
"7_1","1","7",1,0,0,0,10,0,0,0,0,0,49,0,0,0,0,3,2,0,0,0,0,0
"7_1","1","7",0,34,0,7,13,0,0,0,0,0,79,4,0,0,0,2,20,0,0,1,0,0
"7_1","1","7",0,50,5,0,1,0,0,0,0,0,9,3,0,0,0,15,1,0,0,0,1,0
"7_1","1","7",0,0,3,2,8,0,0,0,0,0,0,3,0,0,0,1,10,0,0,0,0,0
"7_1","1","7",0,2,4,3,5,0,0,0,0,0,4,0,6,0,0,3,19,0,0,0,0,0
"7_1","1","7",0,1,0,55,10,0,0,0,0,0,76,2,0,0,0,36,36,0,0,0,0,0
"7_1","1","7",0,0,14,4,4,0,0,0,0,0,8,0,8,0,0,1,9,0,0,0,0,0
"7_1","1","7",0,0,2,9,10,1,0,0,0,0,26,0,0,0,0,4,25,0,0,0,0,0
"7_1","1","7",0,8,1,0,2,0,0,0,0,0,37,0,0,0,0,19,5,0,0,0,0,0
"7_1","1","7",1,4,3,0,11,0,0,0,0,0,29,8,0,0,0,2,6,0,0,0,1,0
"7_1","1","7",0,5,4,27,2,0,0,0,0,0,30,2,0,0,0,1,9,0,0,0,0,0
"7_1","1","7",0,3,1,0,5,0,0,0,0,0,55,0,4,0,0,2,12,0,0,0,0,0
"7_1","1","7",0,8,2,0,9,2,0,0,0,0,81,3,0,0,0,0,16,0,0,0,0,0
"7_1","1","7",0,2,1,14,5,0,0,0,0,0,5,6,0,0,0,2,1,0,0,0,0,1
"7_1","1","7",0,0,3,67,7,0,0,0,0,0,54,5,0,0,0,0,21,0,0,0,0,0
"7_1","1","7",0,40,5,5,7,1,0,0,0,0,80,0,0,0,0,12,32,0,0,0,0,0
"7_1","1","7",0,1,5,3,3,10,0,0,0,0,92,2,0,0,0,6,5,0,0,0,0,0
"7_1","1","7",0,3,1,10,26,0,0,0,0,0,5,0,0,0,0,2,7,0,0,0,0,0
"7_2","2","7",0,3,4,1,22,0,0,0,0,0,18,5,0,0,0,0,36,0,0,0,0,0
"7_2","2","7",0,4,7,0,2,1,0,0,0,0,5,8,0,0,0,0,42,0,0,0,0,0
"7_2","2","7",0,8,0,20,6,1,0,0,0,0,89,0,0,0,0,3,12,0,0,0,0,0
"7_2","2","7",0,0,0,0,9,0,0,0,0,0,1,0,0,0,0,2,23,0,0,0,0,0
"7_2","2","7",0,13,2,1,2,1,0,0,0,0,21,9,61,0,0,0,8,0,0,0,0,0
"7_2","2","7",0,8,1,0,12,0,0,0,0,0,2,2,0,0,0,2,16,0,0,0,0,0
"7_2","2","7",1,24,0,21,2,0,0,0,0,0,0,0,2,0,0,0,3,0,0,0,0,0
"7_2","2","7",1,6,3,5,6,0,0,0,0,0,21,1,0,0,0,6,9,0,0,0,2,0
"7_2","2","7",0,0,2,7,2,0,0,0,0,0,60,0,1,0,0,8,0,0,0,0,0,0
"7_2","2","7",0,1,14,9,7,0,0,0,0,0,0,1,0,0,0,0,7,0,0,1,0,0
"7_2","2","7",0,0,0,0,6,1,0,0,0,0,49,0,0,0,0,14,3,0,0,0,1,0
"7_2","2","7",0,10,1,0,0,0,0,0,0,0,9,5,0,0,0,0,4,0,0,0,0,0
"7_2","2","7",0,34,1,0,3,0,0,0,0,0,81,4,0,0,0,11,9,0,0,0,0,0
"7_2","2","7",0,5,15,27,2,1,0,0,0,0,94,5,4,0,0,19,0,0,0,0,0,0
"7_2","2","7",6,3,0,25,9,0,0,0,0,0,48,1,0,0,0,13,6,0,0,0,0,0
"7_2","2","7",0,1,0,6,6,0,0,0,0,0,65,2,29,0,0,0,2,0,0,0,0,0
"7_2","2","7",0,4,4,2,2,0,0,0,0,0,2,1,0,0,0,2,0,0,0,0,0,0
"7_2","2","7",0,20,11,0,7,0,0,0,0,0,3,0,0,0,0,1,11,0,0,0,0,0
"7_2","2","7",0,0,1,6,2,0,0,0,0,0,36,4,0,0,0,0,20,0,0,0,0,0
"7_2","2","7",0,50,3,10,1,0,0,0,0,0,80,13,41,0,0,2,1,0,0,0,0,0
"7_2","2","7",0,11,3,0,3,0,0,0,0,0,8,4,0,0,0,13,10,0,0,0,0,1
"7_2","2","7",0,9,1,4,4,2,0,0,0,0,48,3,4,0,0,7,34,0,0,0,0,0
"7_2","2","7",0,2,6,0,8,0,0,0,0,0,33,4,14,0,0,6,19,0,0,0,0,0
"7_2","2","7",0,3,1,13,1,0,0,0,1,0,52,0,8,0,0,10,5,0,0,0,0,0
"7_2","2","7",0,3,0,2,5,0,0,0,0,0,56,3,11,0,0,1,12,0,0,0,1,0
"7_3","3","7",0,0,3,2,9,0,0,0,0,0,76,5,0,0,0,0,34,1,0,0,0,0
"7_3","3","7",0,0,14,42,9,0,0,0,0,0,57,1,0,0,0,8,21,0,0,0,0,0
"7_3","3","7",0,1,15,10,8,3,0,0,0,0,32,8,0,0,0,3,1,0,0,0,1,0
"7_3","3","7",0,13,1,9,2,0,0,0,0,0,0,0,26,0,0,0,0,0,0,0,0,0
"7_3","3","7",0,3,0,0,2,1,0,0,0,0,2,2,61,0,0,7,2,0,0,0,0,0
"7_3","3","7",0,9,14,25,11,1,0,0,0,0,8,4,8,0,0,1,10,0,0,1,0,0
"7_3","3","7",1,3,4,55,1,2,0,0,1,0,55,3,14,0,0,1,15,0,0,0,0,0
"7_3","3","7",0,1,2,2,12,0,0,0,0,0,11,2,0,0,0,4,4,0,0,0,0,0
"7_3","3","7",0,1,4,1,5,0,0,0,0,0,92,1,0,0,0,17,0,0,0,0,0,0
"7_3","3","7",0,2,1,14,11,0,0,0,0,0,0,0,5,0,0,0,3,0,0,0,0,0
"7_3","3","7",0,12,4,1,8,3,0,0,1,0,36,1,20,0,0,7,25,0,0,0,0,0
"7_3","3","7",0,6,0,0,12,2,0,0,0,0,37,7,0,0,0,0,0,0,0,0,0,0
"7_3","3","7",0,40,1,0,2,0,0,0,0,0,94,0,0,0,0,0,23,0,0,0,0,0
"7_3","3","7",0,0,13,0,22,0,0,0,0,0,6,8,0,0,0,0,23,0,0,3,0,0
"7_3","3","7",0,3,14,1,2,0,0,0,0,0,9,2,41,0,0,5,10,0,0,0,0,0
"7_3","3","7",0,24,6,8,4,0,0,0,0,0,80,3,0,0,0,0,5,0,0,0,0,0
"7_3","3","7",0,0,0,10,10,0,0,0,0,0,48,12,0,0,0,14,2,0,0,0,1,0
"7_3","3","7",2,14,5,2,6,1,0,0,0,0,36,6,0,0,0,13,11,0,0,0,2,0
"7_3","3","7",0,49,5,14,7,4,0,0,1,0,5,0,0,0,0,1,20,0,0,0,0,0
"7_3","3","7",0,11,1,1,3,0,0,0,0,0,4,8,0,0,0,4,8,0,0,0,0,0
"7_3","3","7",0,1,0,7,21,0,0,0,0,0,9,0,0,0,0,0,0,0,0,0,0,0
"7_3","3","7",0,2,0,0,11,0,0,0,0,0,92,1,0,0,0,15,0,0,0,0,0,0
"7_3","3","7",0,20,0,0,6,1,0,0,0,0,0,0,0,0,0,13,5,0,0,0,0,0
"7_3","3","7",0,0,0,0,3,2,0,0,0,0,4,1,2,0,0,3,14,0,0,0,0,0
"7_3","3","7",1,2,18,7,12,0,0,0,0,0,49,1,0,0,0,6,10,0,0,0,0,0
"7_4","4","7",0,0,5,0,2,2,0,0,0,0,36,1,0,0,0,2,5,0,0,0,0,0
"7_4","4","7",0,0,2,45,42,0,0,0,0,0,3,0,32,0,0,1,6,0,0,0,0,0
"7_4","4","7",0,8,0,0,1,2,0,0,0,0,0,0,1,0,0,10,42,0,0,0,0,0
"7_4","4","7",0,8,4,3,8,1,0,0,0,0,26,1,0,0,0,0,3,0,0,0,0,0
"7_4","4","7",0,3,14,55,3,0,0,0,0,0,57,0,0,0,0,25,12,0,0,0,0,0
"7_4","4","7",0,34,0,8,6,0,0,0,0,0,29,0,0,0,0,1,24,0,0,0,0,0
"7_4","4","7",0,3,0,7,2,0,0,0,0,0,8,0,0,0,0,13,24,0,0,0,0,0
"7_4","4","7",0,0,5,6,8,0,0,0,0,0,0,0,14,0,0,1,0,0,0,0,0,0
"7_4","4","7",0,1,0,42,1,0,0,0,0,0,55,1,0,0,0,3,1,0,0,0,0,0
"7_4","4","7",0,20,0,0,22,0,0,0,0,0,48,0,0,0,0,9,11,0,0,0,0,0
"7_4","4","7",1,0,0,0,2,4,0,0,0,0,55,8,0,0,0,1,16,0,0,1,0,0
"7_4","4","7",0,1,11,0,21,0,0,0,0,0,5,3,0,0,0,2,5,0,0,0,0,0
"7_4","4","7",0,2,3,0,26,0,0,0,0,0,9,6,0,0,0,0,15,0,0,0,2,0
"7_4","4","7",0,0,2,10,7,0,0,0,0,0,32,1,8,0,0,0,14,0,0,0,0,0
"7_4","4","7",0,14,2,2,9,16,0,0,0,0,65,0,0,0,0,7,9,0,0,0,0,0
"7_4","4","7",0,0,0,1,11,0,0,0,0,0,4,3,0,0,0,15,2,0,0,0,0,0
"7_4","4","7",0,0,15,4,12,2,0,0,1,0,52,14,6,0,0,2,23,0,0,0,0,0
"7_4","4","7",0,24,4,73,11,0,0,0,0,0,2,4,0,0,0,0,9,0,0,0,0,0
"7_4","4","7",0,2,14,36,8,0,0,0,0,0,6,5,11,0,0,3,1,0,0,0,0,0
"7_4","4","7",0,3,5,1,12,0,0,0,0,0,32,0,0,0,0,1,1,0,0,0,0,0
"7_4","4","7",0,1,1,2,11,0,0,0,0,0,54,4,45,0,0,5,9,0,0,0,1,0
"7_4","4","7",0,0,2,0,11,0,0,0,0,0,60,8,0,0,0,12,8,0,0,0,0,0
"7_4","4","7",2,8,4,8,10,0,0,0,0,0,13,4,41,0,0,6,1,0,0,0,0,0
"7_4","4","7",0,34,3,25,13,0,0,0,0,0,74,5,0,0,0,0,14,0,0,0,0,0
"7_4","4","7",0,0,1,21,8,0,0,0,0,0,49,6,0,0,0,2,50,0,0,0,0,0
"8_1","1","8",0,7,19,10,15,5,0,0,0,0,11,0,0,0,0,15,6,0,0,0,0,0
"8_1","1","8",0,6,4,11,20,0,0,0,0,0,11,2,0,0,0,14,15,0,0,0,0,0
"8_1","1","8",0,9,1,10,31,1,0,0,0,0,0,0,0,0,0,15,13,0,0,0,0,5
"8_1","1","8",0,3,3,29,20,2,0,0,0,0,29,0,0,0,0,9,3,0,0,0,0,0
"8_1","1","8",0,5,6,46,18,10,0,0,0,1,10,3,0,0,0,19,3,6,0,0,0,0
"8_1","1","8",0,19,13,56,16,3,0,0,0,0,0,0,0,0,0,3,3,0,0,0,0,0
"8_1","1","8",0,15,2,12,19,10,0,0,0,0,3,1,0,0,0,6,8,0,0,0,0,0
"8_1","1","8",0,10,8,15,9,0,0,0,0,0,34,0,0,0,0,10,7,0,0,0,0,0
"8_1","1","8",0,18,6,32,42,0,0,0,0,0,11,1,0,0,0,16,1,0,0,0,0,0
"8_1","1","8",0,13,11,12,3,4,0,0,0,0,16,0,0,0,0,1,3,4,0,0,0,0
"8_1","1","8",0,9,28,31,11,0,0,0,0,0,31,1,0,0,0,15,6,1,0,0,1,0
"8_1","1","8",0,14,0,18,11,3,0,0,0,0,17,0,0,0,0,13,8,5,0,0,0,0
"8_1","1","8",0,10,11,22,5,0,0,0,0,0,33,3,0,0,0,21,1,0,0,1,0,0
"8_1","1","8",0,12,5,21,25,11,0,0,0,0,0,0,0,0,0,7,0,0,0,0,2,0
"8_1","1","8",0,17,5,32,29,0,0,0,0,0,0,0,0,0,0,9,6,0,0,0,0,0
"8_1","1","8",0,9,8,14,6,0,0,0,0,0,10,2,0,0,0,10,15,0,0,0,0,0
"8_1","1","8",0,21,20,33,21,0,0,0,0,0,4,2,0,0,0,1,3,0,0,0,0,0
"8_1","1","8",0,30,4,32,2,0,0,0,0,0,6,0,1,0,0,17,1,1,0,0,0,0
"8_1","1","8",0,22,7,21,7,3,0,0,0,0,0,4,0,0,0,14,2,4,0,0,0,0
"8_1","1","8",0,16,7,6,14,0,0,0,0,0,55,0,0,0,0,26,13,0,0,0,0,0
"8_1","1","8",0,36,1,14,6,0,0,0,0,0,5,3,0,0,0,0,12,0,0,0,0,0
"8_1","1","8",0,2,7,39,20,5,0,0,0,0,22,0,0,0,0,10,0,0,0,0,0,4
"8_1","1","8",0,58,4,6,25,0,0,0,0,0,0,1,0,0,0,9,8,0,0,0,0,0
"8_1","1","8",0,0,1,23,11,4,0,0,0,0,8,0,0,0,0,7,9,0,0,0,1,0
"8_1","1","8",0,8,2,22,11,0,0,0,0,0,0,2,0,0,0,11,8,0,0,0,0,0
"8_2","2","8",0,19,13,17,52,5,0,0,0,0,0,6,0,0,0,13,0,0,0,0,0,0
"8_2","2","8",0,3,0,11,22,0,0,0,0,0,0,4,0,0,0,20,1,0,0,0,0,0
"8_2","2","8",0,18,13,22,9,3,0,0,0,0,0,12,0,0,0,30,3,0,0,0,0,0
"8_2","2","8",1,13,16,6,6,0,0,0,0,0,0,0,0,0,0,0,15,0,0,0,0,0
"8_2","2","8",0,15,5,15,3,0,0,0,0,0,0,10,0,0,0,15,4,0,0,0,0,0
"8_2","2","8",0,9,3,11,42,0,0,0,0,0,17,6,0,0,0,3,2,0,0,0,0,0
"8_2","2","8",0,9,7,12,34,0,0,0,0,0,8,0,0,0,0,21,7,0,0,0,0,0
"8_2","2","8",0,3,12,62,5,5,0,0,0,0,11,0,0,0,0,11,1,0,0,0,0,0
"8_2","2","8",0,15,1,32,7,3,0,0,0,0,14,3,16,0,0,10,12,0,0,0,0,0
"8_2","2","8",0,18,4,39,25,0,0,0,0,0,7,0,0,0,0,10,6,0,0,0,0,0
"8_2","2","8",0,17,10,43,22,0,0,0,0,0,33,1,0,0,0,9,13,0,0,0,0,0
"8_2","2","8",1,15,2,37,15,1,0,0,0,0,10,2,0,0,0,3,2,4,0,0,0,0
"8_2","2","8",0,30,11,32,6,0,0,0,0,0,0,0,0,0,0,17,12,3,0,0,1,0
"8_2","2","8",0,9,0,45,26,1,0,0,0,0,8,0,0,0,0,11,3,0,0,0,0,0
"8_2","2","8",0,6,20,32,15,0,0,0,0,0,0,0,0,0,0,3,6,2,0,0,0,0
"8_2","2","8",0,14,3,32,31,1,0,0,0,0,0,0,0,0,0,11,3,0,0,0,0,0
"8_2","2","8",0,7,7,4,16,0,0,0,0,0,0,0,0,0,0,13,7,0,0,0,0,0
"8_2","2","8",0,14,3,10,16,4,0,0,0,0,0,3,0,0,0,14,2,0,0,0,0,0
"8_2","2","8",0,25,23,13,26,0,0,0,0,0,0,6,0,0,0,5,0,0,0,0,0,0
"8_2","2","8",0,0,4,56,29,4,0,0,0,0,0,2,0,0,0,10,3,0,0,0,1,0
"8_2","2","8",0,3,31,16,21,0,0,0,0,0,1,0,0,0,0,15,11,0,0,0,2,0
"8_2","2","8",0,36,7,1,5,0,0,0,0,0,4,0,0,0,0,17,14,0,0,0,0,0
"8_2","2","8",0,22,4,13,11,2,0,0,0,0,0,3,0,0,0,15,3,2,0,0,0,0
"8_2","2","8",0,5,1,22,5,5,0,0,0,0,13,0,0,0,0,13,6,0,0,0,0,0
"8_2","2","8",0,10,11,3,12,0,0,0,0,0,0,0,0,0,0,4,4,0,0,0,0,0
"8_3","3","8",1,3,0,10,26,0,0,0,0,0,14,0,0,0,0,10,10,0,0,0,0,0
"8_3","3","8",0,17,12,37,16,4,0,0,0,0,23,0,0,0,0,1,3,0,0,0,0,0
"8_3","3","8",0,2,7,3,24,10,0,0,0,0,1,1,0,0,0,4,2,0,0,0,1,0
"8_3","3","8",0,0,3,14,42,0,0,0,0,0,7,0,0,0,0,2,7,0,0,0,0,0
"8_3","3","8",0,17,5,59,6,0,0,0,0,0,0,3,1,0,0,13,16,1,0,0,0,0
"8_3","3","8",0,32,28,40,3,0,0,0,0,0,0,2,0,0,0,26,4,0,0,0,0,0
"8_3","3","8",0,17,10,54,11,16,0,0,0,0,6,1,0,0,0,13,6,0,0,0,0,0
"8_3","3","8",0,26,2,14,16,0,0,0,0,0,0,3,0,0,0,3,15,0,0,0,0,0
"8_3","3","8",0,6,1,32,22,0,0,0,0,0,0,1,0,0,0,30,3,0,0,0,1,0
"8_3","3","8",0,18,5,21,5,0,0,0,0,0,7,4,0,0,0,1,3,4,0,0,0,0
"8_3","3","8",0,5,13,32,31,11,0,0,0,0,28,1,0,0,0,5,1,0,0,0,0,0
"8_3","3","8",0,25,8,20,1,0,0,0,0,0,26,0,0,0,0,3,6,0,0,0,1,0
"8_3","3","8",0,12,3,44,6,0,0,0,0,0,33,2,0,0,0,7,12,0,0,0,1,0
"8_3","3","8",0,9,1,15,7,8,0,0,0,0,0,3,0,0,0,7,6,0,0,0,0,0
"8_3","3","8",0,15,7,10,34,1,0,0,0,0,0,3,0,0,0,28,2,0,0,0,0,0
"8_3","3","8",0,18,0,12,18,3,0,0,0,0,0,2,0,0,0,17,3,0,0,0,0,0
"8_3","3","8",0,24,9,12,16,0,0,0,0,0,25,2,0,0,0,9,4,0,0,0,0,0
"8_3","3","8",0,6,6,49,15,0,0,0,0,0,1,2,0,0,0,6,9,0,0,0,0,0
"8_3","3","8",0,13,3,7,11,0,0,0,0,0,21,0,0,0,0,7,11,0,0,0,0,5
"8_3","3","8",0,6,8,33,21,0,0,0,0,0,9,0,0,0,0,9,0,0,0,0,0,0
"8_3","3","8",0,17,5,13,22,0,0,0,0,0,0,0,0,0,0,17,1,0,0,0,0,0
"8_3","3","8",0,30,2,21,24,0,0,0,0,0,2,0,0,0,0,13,0,0,0,0,0,0
"8_3","3","8",0,9,6,6,30,0,0,0,0,0,13,12,0,0,0,13,4,0,0,0,0,0
"8_3","3","8",0,13,0,7,20,1,0,0,0,1,11,0,0,0,0,1,6,5,0,0,0,0
"8_3","3","8",0,26,11,22,20,0,0,0,0,0,8,0,0,0,0,2,2,0,0,0,0,0
"8_4","4","8",0,15,11,12,25,10,0,0,0,0,20,0,0,0,0,34,2,4,0,0,0,0
"8_4","4","8",0,14,5,3,17,0,0,0,0,0,0,0,1,0,0,7,6,0,0,0,0,0
"8_4","4","8",1,25,0,11,11,0,0,0,0,0,16,0,0,0,0,13,2,0,0,0,0,0
"8_4","4","8",0,21,4,7,14,0,0,0,0,0,22,0,0,0,0,10,3,0,0,0,0,0
"8_4","4","8",0,2,18,43,24,0,0,0,0,0,7,3,0,0,0,2,3,0,0,0,1,0
"8_4","4","8",0,16,10,44,5,0,0,0,0,0,34,11,1,0,0,2,0,2,0,0,2,0
"8_4","4","8",0,30,5,52,30,3,0,0,0,0,8,4,0,0,0,1,11,0,0,0,0,0
"8_4","4","8",0,9,10,41,6,7,0,0,0,0,0,0,0,0,0,3,6,0,0,0,0,0
"8_4","4","8",0,13,1,7,1,2,0,0,0,0,11,2,0,0,0,22,15,6,0,0,0,0
"8_4","4","8",0,0,3,21,6,0,0,0,0,0,0,1,0,0,0,7,15,0,0,0,0,0
"8_4","4","8",0,7,13,33,32,0,0,0,0,0,6,0,0,0,0,1,10,0,0,0,0,0
"8_4","4","8",0,5,13,7,24,0,0,0,0,0,22,1,0,0,0,13,10,0,0,0,0,0
"8_4","4","8",0,17,8,10,16,1,0,0,0,0,28,1,0,0,0,1,4,0,0,0,0,0
"8_4","4","8",0,18,1,31,15,0,0,0,0,0,11,5,0,0,0,6,6,0,0,0,0,0
"8_4","4","8",0,32,6,22,28,0,0,0,0,0,31,0,0,0,0,10,4,5,0,0,0,0
"8_4","4","8",0,9,2,45,22,2,0,0,0,0,2,3,0,0,0,3,3,17,0,0,0,0
"8_4","4","8",0,13,13,33,14,0,0,0,0,0,8,0,0,0,0,15,4,0,0,0,0,0
"8_4","4","8",0,17,31,15,22,0,0,0,0,0,1,1,0,0,0,3,0,0,0,0,0,0
"8_4","4","8",0,11,10,62,22,0,0,0,0,0,0,0,0,0,0,17,1,0,0,0,0,0
"8_4","4","8",0,18,5,37,16,7,0,0,0,0,0,0,0,0,0,13,13,1,0,0,0,5
"8_4","4","8",0,6,32,48,16,0,0,0,0,0,2,3,0,0,0,16,2,0,0,0,0,0
"8_4","4","8",0,9,6,32,12,16,0,0,0,0,8,1,0,0,0,20,5,0,0,0,0,0
"8_4","4","8",0,2,13,23,13,0,0,0,0,0,7,0,0,0,0,5,3,2,0,0,1,0
"8_4","4","8",0,9,3,29,6,1,0,0,0,0,4,10,0,0,0,9,7,0,0,0,1,0
"8_4","4","8",0,7,20,46,11,0,0,0,0,0,0,4,0,0,0,3,2,0,0,0,0,0
