"sum","data_pts","key","site","transect","img_name","soft_sediment","shell_debris","cobble","pebble","hard_substrate","anthro_substrate","unknown","filamentous_brown","kelp_holdfast","sargassum","sugar_kelp","green_algae","textured_kelp","other_brown_kelp","red_algae","coralline_algae","kelp_bryozoan","sessile_invert","mobile_invert"
1,99,"1_1","1","1","2022_10_06_13-50-40_312.jpg",0.03,0.12,0.03,0.01,0,0,0.05,0,0,0,0.75,0,0,0,0,0,0.01,0,0
0.99,87,"1_1","1","1","2022_10_06_13-50-40_176.jpg",0.1,0.06,0.01,0,0.01,0,0.25,0,0,0,0.52,0.01,0.02,0,0,0,0.01,0,0
0.99,91,"1_1","1","1","2022_10_06_13-50-40_128.jpg",0.07,0.22,0.05,0,0,0,0,0,0,0,0.58,0.03,0.02,0,0.02,0,0,0,0
1,100,"1_1","1","1","2022_10_06_13-50-40_440.jpg",0.04,0.02,0,0,0.05,0,0.01,0,0.01,0,0.77,0,0,0,0.07,0,0.01,0.02,0
0.99,86,"1_1","1","1","2022_10_06_13-50-40_216.jpg",0.02,0.06,0.02,0,0,0,0,0,0,0,0.86,0.01,0,0,0.02,0,0,0,0
0.99,67,"1_1","1","1","2022_10_06_13-50-40_280.jpg",0,0.06,0.03,0,0,0,0,0.01,0,0,0.7,0,0.19,0,0,0,0,0,0
1,100,"1_1","1","1","2022_10_06_13-50-40_72.jpg",0,0.19,0.08,0.05,0,0,0.01,0,0,0,0.59,0.08,0,0,0,0,0,0,0
1.01,92,"1_1","1","1","2022_10_06_13-50-40_336.jpg",0.07,0.07,0.03,0.01,0,0,0.07,0,0,0,0.71,0,0.05,0,0,0,0,0,0
1,99,"1_1","1","1","2022_10_06_13-50-40_96.jpg",0.02,0.08,0.01,0.07,0.01,0,0.01,0,0,0,0.71,0,0.08,0,0,0,0.01,0,0
0.99,90,"1_1","1","1","2022_10_06_13-50-40_144.jpg",0.08,0.07,0.04,0.01,0,0,0,0,0,0,0.74,0.01,0,0,0.03,0,0.01,0,0
1,99,"1_1","1","1","2022_10_06_13-50-40_328.jpg",0.03,0.13,0,0.01,0,0,0.04,0,0,0,0.76,0.01,0,0,0,0,0.02,0,0
1,96,"1_1","1","1","2022_10_06_13-50-40_136.jpg",0.08,0.17,0.04,0,0,0,0,0,0,0,0.7,0.01,0,0,0,0,0,0,0
1,73,"1_1","1","1","2022_10_06_13-50-40_112.jpg",0.08,0.12,0.1,0,0,0,0.04,0,0,0,0.6,0,0,0,0.03,0,0.03,0,0
1,90,"1_1","1","1","2022_10_06_13-50-40_296.jpg",0.02,0.07,0.02,0,0,0,0.06,0,0,0,0.82,0,0,0,0,0,0.01,0,0
1,93,"1_1","1","1","2022_10_06_13-50-40_24.jpg",0.03,0.18,0.12,0,0,0,0.08,0,0,0,0.57,0.02,0,0,0,0,0,0,0
1,100,"1_1","1","1","2022_10_06_13-50-40_480.jpg",0.02,0.08,0.02,0,0,0,0,0,0,0,0.84,0.03,0,0,0.01,0,0,0,0
1,100,"1_1","1","1","2022_10_06_13-50-40_472.jpg",0.01,0.01,0,0,0,0,0,0,0,0,0.98,0,0,0,0,0,0,0,0
1,100,"1_1","1","1","2022_10_06_13-50-40_424.jpg",0.09,0.04,0.04,0,0.04,0,0.06,0.06,0,0,0.44,0.03,0.03,0,0.15,0,0,0,0.02
1,99,"1_1","1","1","2022_10_06_13-50-40_168.jpg",0.03,0.13,0.03,0,0,0,0,0,0,0,0.76,0.01,0,0,0.03,0,0.01,0,0
1,100,"1_1","1","1","2022_10_06_13-50-40_400.jpg",0,0.03,0,0,0,0,0.21,0,0,0,0.7,0,0,0,0,0,0.06,0,0
1.01,94,"1_1","1","1","2022_10_06_13-50-40_48.jpg",0.09,0.21,0.09,0.05,0,0,0.09,0,0,0,0.46,0.02,0,0,0,0,0,0,0
1,100,"1_1","1","1","2022_10_06_13-50-40_40.jpg",0.01,0.11,0.02,0.03,0.03,0,0.1,0,0,0,0.7,0,0,0,0,0,0,0,0
1,98,"1_1","1","1","2022_10_06_13-50-40_160.jpg",0.03,0.07,0.05,0.01,0,0,0,0,0,0,0.82,0.01,0,0,0,0,0.01,0,0
1,93,"1_1","1","1","2022_10_06_13-50-40_120.jpg",0,0.12,0.09,0.03,0,0,0,0,0,0,0.73,0.03,0,0,0,0,0,0,0
1,98,"1_1","1","1","2022_10_06_13-50-40_80.jpg",0.01,0.29,0.07,0.09,0,0,0.01,0,0,0,0.49,0.03,0,0,0,0,0.01,0,0
1,45,"1_1","1","1","2022_10_06_13-50-40_272.jpg",0.09,0.04,0,0,0,0,0.02,0,0,0,0.76,0,0.09,0,0,0,0,0,0
1,100,"1_1","1","1","2022_10_06_13-50-40_464.jpg",0.01,0.06,0,0,0,0,0.01,0,0,0,0.92,0,0,0,0,0,0,0,0
1,100,"1_1","1","1","2022_10_06_13-50-40_416.jpg",0,0.21,0,0.01,0.05,0,0.04,0,0,0,0.66,0.02,0,0,0.01,0,0,0,0
1,99,"1_1","1","1","2022_10_06_13-50-40_256.jpg",0,0.06,0.02,0,0,0,0.02,0,0,0,0.88,0,0,0,0,0,0.02,0,0
1,89,"1_1","1","1","2022_10_06_13-50-40_8.jpg",0.01,0.15,0.08,0,0,0,0.03,0,0,0,0.69,0.02,0.02,0,0,0,0,0,0
0.99,84,"1_1","1","1","2022_10_06_13-50-40_240.jpg",0.08,0.21,0.19,0.07,0,0,0,0,0,0,0.33,0.05,0,0,0.05,0,0.01,0,0
0.99,92,"1_1","1","1","2022_10_06_13-50-40_208.jpg",0.02,0.03,0.04,0,0,0,0.01,0,0,0,0.86,0,0,0,0,0,0.03,0,0
1,95,"1_1","1","1","2022_10_06_13-50-40_152.jpg",0.02,0.33,0.08,0.01,0,0,0,0,0.02,0,0.54,0,0,0,0,0,0,0,0
1,100,"1_1","1","1","2022_10_06_13-50-40_456.jpg",0,0.01,0,0,0,0,0.01,0,0,0,0.97,0,0,0,0,0,0.01,0,0
0.99,95,"1_1","1","1","2022_10_06_13-50-40_32.jpg",0.01,0.2,0.01,0.02,0,0,0.09,0,0,0,0.62,0.02,0,0,0.01,0,0.01,0,0
0.99,93,"1_1","1","1","2022_10_06_13-50-40_224.jpg",0.03,0.12,0.03,0.04,0,0,0,0,0,0,0.71,0.06,0,0,0,0,0,0,0
1,98,"1_1","1","1","2022_10_06_13-50-40_344.jpg",0.06,0.08,0.04,0,0,0,0,0,0,0,0.8,0,0,0,0,0,0.02,0,0
0.99,89,"1_1","1","1","2022_10_06_13-50-40_232.jpg",0.06,0.17,0.04,0.02,0,0,0,0,0,0,0.67,0.03,0,0,0,0,0,0,0
1,96,"1_1","1","1","2022_10_06_13-50-40_248.jpg",0.01,0.07,0.04,0,0,0,0,0,0,0,0.88,0,0,0,0,0,0,0,0
0.99,95,"1_1","1","1","2022_10_06_13-50-40_192.jpg",0.01,0.02,0.08,0,0,0,0.06,0,0,0,0.77,0.02,0,0.03,0,0,0,0,0
1,100,"1_1","1","1","2022_10_06_13-50-40_384.jpg",0.01,0.08,0.02,0.08,0,0,0.01,0,0,0,0.67,0.01,0.11,0,0,0,0.01,0,0
1,100,"1_1","1","1","2022_10_06_13-50-40_64.jpg",0.02,0.13,0.01,0.04,0,0,0.07,0,0,0,0.65,0,0.08,0,0,0,0,0,0
0.99,96,"1_1","1","1","2022_10_06_13-50-40_16.jpg",0.07,0.14,0.05,0.04,0,0,0.02,0,0,0,0.54,0.01,0.1,0,0,0,0.02,0,0
0.99,96,"1_1","1","1","2022_10_06_13-50-40_88.jpg",0.01,0.07,0.01,0.01,0.01,0,0.01,0,0,0,0.79,0.07,0,0,0,0,0.01,0,0
1,100,"1_1","1","1","2022_10_06_13-50-40_408.jpg",0.06,0.1,0.01,0.03,0.03,0,0.04,0,0,0,0.72,0,0,0,0,0,0.01,0,0
0.99,67,"1_1","1","1","2022_10_06_13-50-40_200.jpg",0,0.01,0.09,0.01,0,0,0.1,0,0,0,0.78,0,0,0,0,0,0,0,0
1,100,"1_1","1","1","2022_10_06_13-50-40_448.jpg",0.04,0.01,0,0,0.02,0,0,0,0,0,0.92,0,0,0,0,0,0.01,0,0
1,94,"1_1","1","1","2022_10_06_13-50-40_392.jpg",0,0.15,0,0,0,0,0.03,0,0,0,0.82,0,0,0,0,0,0,0,0
1.01,85,"1_1","1","1","2022_10_06_13-50-40_184.jpg",0,0.04,0.06,0.01,0,0,0.06,0,0,0,0.75,0.04,0,0,0.04,0,0.01,0,0
1,93,"1_1","1","1","2022_10_06_13-50-40_352.jpg",0.02,0.03,0.04,0,0,0,0.02,0,0,0,0.8,0.09,0,0,0,0,0,0,0
1,100,"1_2","1","2","2022_10_06_14-05-43_304.jpg",0.01,0,0,0.01,0.02,0,0.09,0,0,0,0.86,0,0,0,0,0,0,0,0.01
0.99,88,"1_2","1","2","2022_10_06_14-05-43_80.jpg",0.01,0.11,0.01,0.01,0,0,0.11,0,0,0,0.69,0.05,0,0,0,0,0,0,0
1,100,"1_2","1","2","2022_10_06_14-05-43_408.jpg",0,0.02,0,0,0,0,0,0,0,0,0.92,0,0,0,0.06,0,0,0,0
1,100,"1_2","1","2","2022_10_06_14-05-43_120.jpg",0.01,0.01,0.09,0.01,0,0,0.07,0,0,0,0.79,0.02,0,0,0,0,0,0,0
0.99,90,"1_2","1","2","2022_10_06_14-05-43_176.jpg",0,0.22,0.09,0.02,0,0,0.01,0,0,0,0.61,0.01,0,0,0.01,0,0.02,0,0
1,100,"1_2","1","2","2022_10_06_14-05-43_0.jpg",0,0.1,0.02,0.04,0,0,0,0,0,0,0.53,0,0.25,0,0,0,0.06,0,0
0.99,88,"1_2","1","2","2022_10_06_14-05-43_328.jpg",0,0.08,0,0.01,0,0,0.02,0,0,0,0.83,0.01,0,0,0.02,0,0.02,0,0
0.99,90,"1_2","1","2","2022_10_06_14-05-43_152.jpg",0,0.02,0,0,0,0,0,0,0,0,0.91,0,0,0,0,0.02,0.04,0,0
1,98,"1_2","1","2","2022_10_06_14-05-43_144.jpg",0,0.03,0.02,0,0,0,0.01,0,0,0,0.94,0,0,0,0,0,0,0,0
1,100,"1_2","1","2","2022_10_06_14-05-43_32.jpg",0,0.21,0.01,0.02,0,0,0.33,0,0,0,0.39,0.01,0,0,0,0,0.03,0,0
1,100,"1_2","1","2","2022_10_06_14-05-43_136.jpg",0.01,0.14,0,0,0,0,0.01,0,0,0,0.82,0,0.01,0,0,0,0.01,0,0
1,100,"1_2","1","2","2022_10_06_14-05-43_344.jpg",0,0.06,0.03,0.08,0,0,0.01,0,0,0,0.74,0.04,0,0,0.03,0,0.01,0,0
0.99,98,"1_2","1","2","2022_10_06_14-05-43_256.jpg",0.12,0.16,0.06,0.01,0,0,0.05,0,0,0,0.54,0,0,0,0,0,0.05,0,0
1,81,"1_2","1","2","2022_10_06_14-05-43_16.jpg",0.04,0.14,0.07,0.01,0,0,0.1,0,0,0,0.62,0,0,0,0,0,0.02,0,0
0.99,89,"1_2","1","2","2022_10_06_14-05-43_200.jpg",0.01,0.17,0,0,0,0,0.01,0,0,0,0.75,0.02,0,0,0.02,0,0.01,0,0
1,100,"1_2","1","2","2022_10_06_14-05-43_320.jpg",0,0.05,0,0.03,0,0,0.03,0,0,0,0.86,0,0,0,0,0,0.03,0,0
1,100,"1_2","1","2","2022_10_06_14-05-43_384.jpg",0,0.08,0,0,0,0,0,0,0,0,0.86,0,0,0,0.04,0,0.02,0,0
1,80,"1_2","1","2","2022_10_06_14-05-43_24.jpg",0,0.19,0.05,0.05,0,0,0.09,0,0,0,0.61,0.01,0,0,0,0,0,0,0
1,100,"1_2","1","2","2022_10_06_14-05-43_128.jpg",0,0.02,0.11,0,0,0,0.01,0,0,0,0.66,0.01,0.19,0,0,0,0,0,0
1,100,"1_2","1","2","2022_10_06_14-05-43_392.jpg",0,0.08,0,0,0,0,0,0,0,0,0.88,0.02,0,0,0.02,0,0,0,0
1,100,"1_2","1","2","2022_10_06_14-05-43_288.jpg",0.01,0,0,0,0.14,0,0,0,0.03,0,0.74,0.01,0,0,0.04,0,0.01,0,0.02
1,100,"1_2","1","2","2022_10_06_14-05-43_232.jpg",0.01,0.04,0.01,0.02,0,0,0.03,0,0,0,0.88,0,0,0,0.01,0,0,0,0
1,100,"1_2","1","2","2022_10_06_14-05-43_88.jpg",0,0.12,0,0,0,0,0,0,0,0,0.88,0,0,0,0,0,0,0,0
1,83,"1_2","1","2","2022_10_06_14-05-43_8.jpg",0.04,0.23,0,0.02,0,0,0.07,0,0,0,0.64,0,0,0,0,0,0,0,0
0.99,95,"1_2","1","2","2022_10_06_14-05-43_352.jpg",0.05,0.09,0,0.08,0,0,0.01,0,0,0,0.59,0.03,0,0,0.13,0,0.01,0,0
1,100,"1_2","1","2","2022_10_06_14-05-43_168.jpg",0,0.13,0.01,0,0,0,0,0,0.01,0,0.83,0.01,0,0,0.01,0,0,0,0
0.99,87,"1_2","1","2","2022_10_06_14-05-43_64.jpg",0.02,0.03,0.02,0,0,0,0.1,0,0,0,0.82,0,0,0,0,0,0,0,0
0.99,99,"1_2","1","2","2022_10_06_14-05-43_104.jpg",0,0.03,0.01,0,0,0,0.33,0,0,0,0.47,0.12,0,0,0,0,0.03,0,0
1,100,"1_2","1","2","2022_10_06_14-05-43_424.jpg",0.01,0.01,0,0,0,0,0,0,0,0,0.61,0.27,0,0,0.09,0,0.01,0,0
1,100,"1_2","1","2","2022_10_06_14-05-43_400.jpg",0,0.12,0,0,0,0,0.02,0,0,0,0.74,0.12,0,0,0,0,0,0,0
1,100,"1_2","1","2","2022_10_06_14-05-43_376.jpg",0.02,0,0,0,0,0,0,0,0,0,0.58,0.32,0,0,0.06,0,0.02,0,0
0.99,94,"1_2","1","2","2022_10_06_14-05-43_112.jpg",0,0.12,0.2,0.05,0,0,0.04,0.01,0,0,0.53,0.02,0,0,0,0,0.01,0,0.01
0.99,93,"1_2","1","2","2022_10_06_14-05-43_216.jpg",0.02,0.14,0.06,0,0,0,0.06,0,0,0,0.7,0.01,0,0,0,0,0,0,0
1,86,"1_2","1","2","2022_10_06_14-05-43_208.jpg",0,0.19,0.17,0,0,0,0,0,0,0,0.57,0.05,0,0,0,0,0.02,0,0
1,100,"1_2","1","2","2022_10_06_14-05-43_416.jpg",0,0.01,0,0.01,0,0,0.01,0,0,0,0.56,0.33,0,0,0.08,0,0,0,0
1,96,"1_2","1","2","2022_10_06_14-05-43_56.jpg",0.01,0.16,0.06,0.02,0,0,0.11,0,0,0,0.64,0,0,0,0,0,0,0,0
1,97,"1_2","1","2","2022_10_06_14-05-43_192.jpg",0,0.21,0,0.01,0,0,0.03,0,0,0,0.61,0.11,0,0,0.01,0,0.02,0,0
1,98,"1_2","1","2","2022_10_06_14-05-43_312.jpg",0.01,0.09,0,0.01,0,0,0.02,0,0,0,0.84,0.03,0,0,0,0,0,0,0
1,100,"1_2","1","2","2022_10_06_14-05-43_248.jpg",0.05,0.06,0.05,0,0,0,0.09,0,0,0,0.71,0.01,0,0,0,0,0.01,0,0.02
1,100,"1_2","1","2","2022_10_06_14-05-43_240.jpg",0,0.03,0,0.01,0,0,0.1,0,0,0,0.84,0,0,0,0,0,0.01,0,0.01
0.99,91,"1_2","1","2","2022_10_06_14-05-43_96.jpg",0.01,0.25,0.01,0.01,0,0,0.01,0,0,0,0.62,0.01,0.05,0,0,0,0.02,0,0
1,100,"1_2","1","2","2022_10_06_14-05-43_272.jpg",0.06,0.15,0.04,0.01,0,0,0.05,0,0,0,0.6,0.03,0,0,0.02,0,0.04,0,0
1,82,"1_2","1","2","2022_10_06_14-05-43_72.jpg",0,0.02,0.04,0.01,0,0,0.11,0,0,0,0.82,0,0,0,0,0,0,0,0
1,91,"1_2","1","2","2022_10_06_14-05-43_48.jpg",0.01,0.09,0.01,0.01,0,0,0.1,0,0,0,0.76,0.01,0,0,0,0,0.01,0,0
1,100,"1_2","1","2","2022_10_06_14-05-43_432.jpg",0,0.01,0,0,0.02,0,0.01,0,0,0,0.81,0.1,0,0,0.05,0,0,0,0
1,97,"1_2","1","2","2022_10_06_14-05-43_160.jpg",0,0.11,0.02,0.02,0,0,0,0,0,0,0.84,0,0,0,0,0,0.01,0,0
1,100,"1_2","1","2","2022_10_06_14-05-43_336.jpg",0,0.01,0,0,0,0,0,0,0,0,0.88,0.11,0,0,0,0,0,0,0
1,100,"1_2","1","2","2022_10_06_14-05-43_360.jpg",0,0.16,0.04,0,0,0,0,0,0,0,0.7,0.1,0,0,0,0,0,0,0
1,100,"1_2","1","2","2022_10_06_14-05-43_368.jpg",0,0.06,0,0,0,0,0.02,0,0,0,0.82,0,0,0,0,0,0.1,0,0
1,89,"1_2","1","2","2022_10_06_14-05-43_40.jpg",0.04,0.24,0.08,0.07,0,0,0.19,0,0,0,0.37,0.01,0,0,0,0,0,0,0
1,100,"2_1","2","1","2022_9_29_11-41-39_464.jpg",0,0.2,0.03,0.02,0.01,0,0.02,0.01,0,0,0,0,0.57,0,0.14,0,0,0,0
1,100,"2_1","2","1","2022_9_29_11-41-39_440.jpg",0.01,0.03,0.02,0,0,0,0.02,0,0,0,0,0,0.92,0,0,0,0,0,0
1,98,"2_1","2","1","2022_9_29_11-41-39_448.jpg",0,0.37,0,0.09,0,0,0.05,0,0,0,0,0.01,0.48,0,0,0,0,0,0
1.01,97,"2_1","2","1","2022_9_29_11-41-39_88.jpg",0.21,0.25,0.03,0.19,0.03,0,0.26,0,0,0,0,0,0,0,0.04,0,0,0,0
1,100,"2_1","2","1","2022_9_29_11-41-39_144.jpg",0.3,0.18,0.03,0.08,0,0,0.04,0.07,0,0,0,0,0.16,0,0.14,0,0,0,0
0.99,99,"2_1","2","1","2022_9_29_11-41-39_216.jpg",0.08,0.2,0,0.29,0,0,0.04,0,0,0,0,0,0.36,0,0.02,0,0,0,0
1,100,"2_1","2","1","2022_9_29_11-41-39_128.jpg",0.05,0.11,0,0.07,0,0,0.02,0.04,0,0,0,0,0.62,0,0.09,0,0,0,0
1,100,"2_1","2","1","2022_9_29_11-41-39_344.jpg",0.11,0.25,0,0.01,0.02,0,0.06,0,0,0,0,0,0.48,0,0.07,0,0,0,0
1,100,"2_1","2","1","2022_9_29_11-41-39_328.jpg",0.01,0.04,0.01,0,0.07,0,0.03,0.03,0,0,0,0,0.74,0,0.07,0,0,0,0
0.99,97,"2_1","2","1","2022_9_29_11-41-39_360.jpg",0.16,0.29,0,0.01,0,0,0.01,0.05,0,0,0,0,0.39,0,0.08,0,0,0,0
1,96,"2_1","2","1","2022_9_29_11-41-39_24.jpg",0.33,0.03,0.05,0.17,0,0,0.23,0,0,0,0.01,0,0.04,0,0.14,0,0,0,0
1,100,"2_1","2","1","2022_9_29_11-41-39_408.jpg",0.03,0.12,0,0,0,0,0,0,0,0,0,0,0.82,0,0.03,0,0,0,0
1,100,"2_1","2","1","2022_9_29_11-41-39_208.jpg",0.17,0.14,0.03,0.14,0,0,0.26,0,0,0,0,0.04,0.2,0,0.01,0,0,0,0.01
1,99,"2_1","2","1","2022_9_29_11-41-39_48.jpg",0.2,0,0,0,0,0,0.55,0,0,0,0.01,0.04,0.01,0,0.19,0,0,0,0
0.99,97,"2_1","2","1","2022_9_29_11-41-39_120.jpg",0.13,0.22,0.01,0.08,0,0,0.34,0,0,0,0,0.01,0.13,0,0.07,0,0,0,0
0.99,92,"2_1","2","1","2022_9_29_11-41-39_8.jpg",0.12,0.14,0.15,0.11,0.03,0,0.14,0,0,0,0.01,0.01,0.24,0,0.04,0,0,0,0
1,100,"2_1","2","1","2022_9_29_11-41-39_392.jpg",0.12,0.44,0.01,0.15,0,0,0.02,0,0,0,0.01,0,0.23,0,0.02,0,0,0,0
1,100,"2_1","2","1","2022_9_29_11-41-39_240.jpg",0.05,0.18,0.01,0.3,0,0,0.37,0,0,0,0,0,0.02,0,0.07,0,0,0,0
1,100,"2_1","2","1","2022_9_29_11-41-39_232.jpg",0.07,0.25,0.03,0.07,0,0,0.58,0,0,0,0,0,0,0,0,0,0,0,0
1,100,"2_1","2","1","2022_9_29_11-41-39_336.jpg",0.06,0.11,0.03,0.02,0,0,0.07,0.02,0,0,0.01,0,0.67,0,0,0,0,0.01,0
1,100,"2_1","2","1","2022_9_29_11-41-39_184.jpg",0.09,0.13,0,0,0,0,0.03,0,0,0,0,0,0.63,0,0.12,0,0,0,0
1,100,"2_1","2","1","2022_9_29_11-41-39_0.jpg",0,0,0.31,0.03,0,0,0.1,0,0,0,0,0,0.53,0,0.03,0,0,0,0
1,96,"2_1","2","1","2022_9_29_11-41-39_312.jpg",0.21,0.44,0,0.06,0.02,0,0.14,0.01,0,0,0,0,0,0,0.12,0,0,0,0
1,94,"2_1","2","1","2022_9_29_11-41-39_168.jpg",0.18,0.12,0.11,0.18,0,0,0.01,0.06,0,0,0.01,0,0,0,0.33,0,0,0,0
1,100,"2_1","2","1","2022_9_29_11-41-39_248.jpg",0.15,0.12,0.03,0.18,0,0,0.04,0,0,0,0,0,0.48,0,0,0,0,0,0
1,100,"2_1","2","1","2022_9_29_11-41-39_32.jpg",0.35,0.04,0.05,0.08,0,0,0.2,0.01,0,0,0,0.02,0.1,0,0.15,0,0,0,0
1,100,"2_1","2","1","2022_9_29_11-41-39_368.jpg",0.03,0.1,0,0.01,0,0,0,0,0,0,0,0,0.86,0,0,0,0,0,0
0.99,99,"2_1","2","1","2022_9_29_11-41-39_56.jpg",0.16,0,0,0,0,0,0.48,0,0,0,0,0,0.16,0,0.19,0,0,0,0
0.99,90,"2_1","2","1","2022_9_29_11-41-39_80.jpg",0.13,0.09,0.03,0.13,0,0,0.12,0,0,0,0,0,0.32,0,0.17,0,0,0,0
1,98,"2_1","2","1","2022_9_29_11-41-39_352.jpg",0.01,0.02,0.01,0.01,0.01,0,0.03,0.03,0,0,0,0,0.76,0,0.12,0,0,0,0
0.99,99,"2_1","2","1","2022_9_29_11-41-39_192.jpg",0.32,0.22,0,0.07,0,0,0.1,0.05,0,0,0.01,0,0,0,0.22,0,0,0,0
1,100,"2_1","2","1","2022_9_29_11-41-39_176.jpg",0.12,0.18,0.01,0.06,0,0,0.05,0.03,0,0,0,0.03,0.13,0,0.39,0,0,0,0
1,100,"2_1","2","1","2022_9_29_11-41-39_424.jpg",0.11,0.35,0.01,0,0,0,0.06,0,0,0,0.01,0,0.41,0,0.05,0,0,0,0
1,100,"2_1","2","1","2022_9_29_11-41-39_96.jpg",0.09,0.13,0,0.02,0.14,0,0.04,0,0,0,0,0,0.5,0,0.08,0,0,0,0
0.99,99,"2_1","2","1","2022_9_29_11-41-39_320.jpg",0.06,0.25,0.01,0.07,0,0,0.05,0.01,0,0,0,0,0.39,0,0.15,0,0,0,0
0.99,97,"2_1","2","1","2022_9_29_11-41-39_272.jpg",0.52,0.14,0,0.04,0,0,0.05,0.13,0,0,0,0,0,0,0.11,0,0,0,0
1,96,"2_1","2","1","2022_9_29_11-41-39_400.jpg",0.15,0.49,0,0.11,0,0,0.03,0,0,0,0,0,0.19,0,0.03,0,0,0,0
1,88,"2_1","2","1","2022_9_29_11-41-39_376.jpg",0.18,0.39,0,0.03,0,0,0.09,0.05,0,0,0.01,0,0.11,0,0.14,0,0,0,0
1,100,"2_1","2","1","2022_9_29_11-41-39_296.jpg",0.04,0.16,0,0,0.05,0,0.12,0,0,0,0.04,0,0.56,0,0.03,0,0,0,0
0.99,99,"2_1","2","1","2022_9_29_11-41-39_200.jpg",0.4,0.11,0.02,0.07,0,0,0.09,0.02,0,0,0,0.03,0.06,0,0.19,0,0,0,0
1,99,"2_1","2","1","2022_9_29_11-41-39_432.jpg",0.05,0.25,0.06,0,0,0,0.07,0,0,0,0,0,0.52,0,0.03,0,0,0,0.02
1,100,"2_1","2","1","2022_9_29_11-41-39_40.jpg",0.48,0,0,0,0,0.03,0.29,0,0,0,0.04,0.01,0,0,0.15,0,0,0,0
0.99,99,"2_1","2","1","2022_9_29_11-41-39_136.jpg",0.16,0.14,0.13,0.03,0,0,0.1,0.02,0,0,0,0.02,0.15,0,0.23,0,0,0,0.01
0.99,97,"2_1","2","1","2022_9_29_11-41-39_64.jpg",0.15,0.01,0.04,0.03,0,0,0.39,0,0,0,0,0,0.3,0,0.07,0,0,0,0
0.98,86,"2_1","2","1","2022_9_29_11-41-39_304.jpg",0.16,0.53,0,0.02,0.01,0,0.1,0.02,0,0,0,0,0,0,0.13,0,0,0,0.01
1,100,"2_1","2","1","2022_9_29_11-41-39_72.jpg",0.26,0.02,0,0.03,0,0,0.25,0,0,0,0,0.01,0.21,0,0.22,0,0,0,0
1,94,"2_1","2","1","2022_9_29_11-41-39_152.jpg",0.22,0.24,0,0.11,0.02,0,0.1,0.09,0,0,0,0.01,0.15,0,0.05,0.01,0,0,0
1,96,"2_1","2","1","2022_9_29_11-41-39_456.jpg",0.01,0.48,0.03,0.07,0,0,0.14,0,0,0,0,0,0.11,0,0.16,0,0,0,0
0.99,99,"2_1","2","1","2022_9_29_11-41-39_264.jpg",0.38,0.19,0.04,0.1,0,0,0.08,0.04,0,0,0.06,0.03,0.02,0,0.05,0,0,0,0
1,100,"2_1","2","1","2022_9_29_11-41-39_16.jpg",0.11,0.11,0.05,0.09,0.06,0,0.18,0,0,0,0.09,0.03,0.13,0,0.14,0.01,0,0,0
1,100,"2_2","2","2","2022_9_29_11-59-23_232.jpg",0,0,0.1,0,0.04,0,0,0,0,0,0,0.02,0.8,0,0,0.02,0,0,0.02
1,100,"2_2","2","2","2022_9_29_11-59-23_152.jpg",0.02,0,0,0,0.24,0,0,0.02,0,0,0,0,0.2,0,0.5,0.02,0,0,0
0.99,98,"2_2","2","2","2022_9_29_11-59-23_248.jpg",0,0.02,0,0,0.16,0,0.02,0,0,0,0.02,0,0.63,0,0.02,0.08,0,0.04,0
1,100,"2_2","2","2","2022_9_29_11-59-23_40.jpg",0,0,0.1,0,0.48,0,0.02,0,0,0,0,0,0.34,0,0,0,0,0.02,0.04
1,80,"2_2","2","2","2022_9_29_11-59-23_408.jpg",0,0,0.12,0.05,0.03,0,0.4,0,0,0,0,0,0.4,0,0,0,0,0,0
1,100,"2_2","2","2","2022_9_29_11-59-23_264.jpg",0,0,0,0,0.22,0,0,0,0,0,0,0,0.66,0,0.04,0.06,0,0,0.02
1,100,"2_2","2","2","2022_9_29_11-59-23_160.jpg",0,0,0,0,0.04,0,0,0.24,0,0,0,0,0.52,0,0.16,0.04,0,0,0
0.99,94,"2_2","2","2","2022_9_29_11-59-23_432.jpg",0,0,0.04,0,0.06,0,0.15,0,0,0,0,0,0.7,0,0.04,0,0,0,0
0.99,98,"2_2","2","2","2022_9_29_11-59-23_368.jpg",0,0,0,0,0.1,0,0.22,0,0,0,0,0,0.67,0,0,0,0,0,0
1,100,"2_2","2","2","2022_9_29_11-59-23_280.jpg",0,0,0.02,0,0.06,0,0,0,0,0,0.08,0,0.82,0,0.02,0,0,0,0
0.99,96,"2_2","2","2","2022_9_29_11-59-23_328.jpg",0.06,0.17,0.06,0.04,0.15,0,0.1,0,0,0,0,0,0.35,0,0.02,0.02,0,0,0.02
1,100,"2_2","2","2","2022_9_29_11-59-23_216.jpg",0,0,0.04,0,0.16,0,0.02,0,0,0,0,0,0.54,0,0.24,0,0,0,0
1,100,"2_2","2","2","2022_9_29_11-59-23_288.jpg",0,0,0,0,0.2,0,0,0,0,0,0.08,0,0.26,0,0.32,0.12,0,0,0.02
1,100,"2_2","2","2","2022_9_29_11-59-23_184.jpg",0.08,0.02,0.02,0,0.1,0,0.02,0.06,0,0,0,0,0.36,0,0.34,0,0,0,0
1,100,"2_2","2","2","2022_9_29_11-59-23_112.jpg",0,0,0.06,0,0.3,0,0.02,0.02,0,0,0,0,0.4,0,0.14,0.06,0,0,0
1,98,"2_2","2","2","2022_9_29_11-59-23_256.jpg",0.04,0.04,0.04,0,0.27,0,0.04,0.04,0,0,0,0,0.37,0,0.16,0,0,0,0
0.99,82,"2_2","2","2","2022_9_29_11-59-23_304.jpg",0,0,0.02,0,0.37,0,0.02,0,0,0,0,0,0.49,0,0.02,0.05,0,0,0.02
1,100,"2_2","2","2","2022_9_29_11-59-23_104.jpg",0,0,0.02,0,0.32,0,0,0.02,0,0,0.24,0,0.32,0,0.08,0,0,0,0
1,100,"2_2","2","2","2022_9_29_11-59-23_392.jpg",0.02,0.04,0.1,0.12,0.2,0,0.1,0,0,0,0,0,0.42,0,0,0,0,0,0
1,100,"2_2","2","2","2022_9_29_11-59-23_24.jpg",0.08,0.02,0,0,0.28,0,0,0,0,0,0,0,0.62,0,0,0,0,0,0
1,98,"2_2","2","2","2022_9_29_11-59-23_8.jpg",0.12,0,0,0,0.27,0,0.04,0,0,0,0,0,0.57,0,0,0,0,0,0
0.99,98,"2_2","2","2","2022_9_29_11-59-23_336.jpg",0.1,0.16,0.02,0.04,0.37,0,0.08,0,0,0,0,0,0.2,0,0.02,0,0,0,0
1,94,"2_2","2","2","2022_9_29_11-59-23_400.jpg",0,0,0,0,0.53,0,0.15,0,0,0,0,0,0.17,0,0.15,0,0,0,0
1,100,"2_2","2","2","2022_9_29_11-59-23_200.jpg",0.08,0,0,0,0.08,0,0,0.06,0,0,0,0,0.46,0,0.32,0,0,0,0
0.99,98,"2_2","2","2","2022_9_29_11-59-23_352.jpg",0.1,0.04,0.02,0,0.06,0,0.08,0,0,0,0,0,0.24,0,0.45,0,0,0,0
1,100,"2_2","2","2","2022_9_29_11-59-23_64.jpg",0.02,0,0,0,0.34,0,0.02,0.16,0,0,0,0,0.34,0,0.1,0,0,0.02,0
1,100,"2_2","2","2","2022_9_29_11-59-23_192.jpg",0.04,0,0,0,0,0,0.06,0.34,0,0,0,0,0.14,0,0.34,0.08,0,0,0
1,100,"2_2","2","2","2022_9_29_11-59-23_208.jpg",0.08,0,0.02,0,0.16,0,0.04,0.04,0,0,0,0,0.4,0,0.18,0.08,0,0,0
1,100,"2_2","2","2","2022_9_29_11-59-23_224.jpg",0,0,0.04,0,0.18,0,0,0.02,0,0,0,0,0.46,0,0.14,0.12,0,0,0.04
1,100,"2_2","2","2","2022_9_29_11-59-23_48.jpg",0,0.02,0.06,0,0.24,0,0,0,0,0,0,0,0.64,0,0.04,0,0,0,0
1,100,"2_2","2","2","2022_9_29_11-59-23_128.jpg",0.04,0,0,0,0.06,0.04,0.04,0,0,0,0.06,0,0.5,0,0.24,0.02,0,0,0
1,100,"2_2","2","2","2022_9_29_11-59-23_0.jpg",0.04,0.04,0,0,0.28,0,0,0.04,0,0,0,0,0.5,0,0.08,0,0,0,0.02
1,100,"2_2","2","2","2022_9_29_11-59-23_360.jpg",0,0,0.02,0,0.12,0,0.08,0.24,0,0,0,0,0.52,0,0,0,0,0,0.02
1,100,"2_2","2","2","2022_9_29_11-59-23_424.jpg",0,0,0.04,0,0.24,0,0.12,0,0,0,0,0,0.58,0,0.02,0,0,0,0
0.99,98,"2_2","2","2","2022_9_29_11-59-23_296.jpg",0.02,0,0.02,0,0.18,0,0.04,0.04,0,0,0.06,0,0.51,0,0.08,0.02,0,0.02,0
1,92,"2_2","2","2","2022_9_29_11-59-23_320.jpg",0.04,0.02,0.07,0.04,0.2,0,0.04,0,0,0,0,0,0.46,0,0.07,0.02,0,0,0.04
1,96,"2_2","2","2","2022_9_29_11-59-23_144.jpg",0.06,0.08,0,0,0.21,0,0,0.15,0,0,0,0,0.19,0,0.31,0,0,0,0
1,100,"2_2","2","2","2022_9_29_11-59-23_136.jpg",0,0,0,0,0.06,0,0.02,0,0,0,0.06,0.02,0.54,0,0.24,0.06,0,0,0
1.01,86,"2_2","2","2","2022_9_29_11-59-23_376.jpg",0,0.05,0,0.02,0.28,0,0.19,0,0,0,0,0,0.47,0,0,0,0,0,0
0.99,92,"2_2","2","2","2022_9_29_11-59-23_72.jpg",0,0,0.02,0,0.78,0,0.04,0.04,0,0,0,0,0,0,0.09,0,0,0,0.02
1,100,"2_2","2","2","2022_9_29_11-59-23_120.jpg",0,0,0.02,0,0.16,0,0,0.02,0,0,0.04,0,0.54,0,0.12,0.08,0,0.02,0
1,92,"2_2","2","2","2022_9_29_11-59-23_56.jpg",0,0,0.13,0,0.37,0,0,0.04,0,0,0,0,0.39,0,0.07,0,0,0,0
0.99,94,"2_2","2","2","2022_9_29_11-59-23_88.jpg",0,0,0,0,0.32,0,0.02,0.4,0,0,0,0,0.15,0,0.06,0,0,0,0.04
1,100,"2_2","2","2","2022_9_29_11-59-23_416.jpg",0.02,0.02,0.08,0.06,0.06,0,0.02,0,0,0,0,0,0.68,0,0.04,0.02,0,0,0
1,98,"2_2","2","2","2022_9_29_11-59-23_96.jpg",0,0.04,0,0,0.1,0,0,0.16,0,0,0,0,0.29,0,0.39,0,0,0,0.02
1,98,"2_2","2","2","2022_9_29_11-59-23_176.jpg",0.06,0,0,0,0.08,0,0.06,0,0,0,0.08,0,0.43,0,0.29,0,0,0,0
1,94,"2_2","2","2","2022_9_29_11-59-23_384.jpg",0,0,0.11,0.04,0.21,0,0.11,0,0,0,0,0,0.49,0,0.04,0,0,0,0
1,84,"2_2","2","2","2022_9_29_11-59-23_32.jpg",0,0,0.07,0,0.43,0,0,0,0,0,0,0,0.5,0,0,0,0,0,0
0.99,92,"2_2","2","2","2022_9_29_11-59-23_80.jpg",0,0,0,0,0.54,0,0,0,0,0,0,0,0.43,0,0.02,0,0,0,0
1,100,"2_2","2","2","2022_9_29_11-59-23_16.jpg",0,0.04,0.08,0.02,0.38,0,0,0,0,0,0,0,0.46,0,0.02,0,0,0,0
0.98,98,"3_1","3","1","2022_9_29_10-12-09_496.jpg",0,0,0.02,0,0.22,0,0.13,0.01,0,0,0.19,0.08,0.08,0,0.13,0.08,0,0,0.04
0.99,94,"3_1","3","1","2022_9_29_10-12-09_736.jpg",0,0,0.07,0,0.41,0,0.18,0,0,0,0,0.01,0.28,0,0.04,0,0,0,0
1,87,"3_1","3","1","2022_9_29_10-12-09_488.jpg",0,0,0,0,0.17,0,0.21,0,0,0.05,0,0.22,0.03,0,0.31,0.01,0,0,0
0.99,95,"3_1","3","1","2022_9_29_10-12-09_552.jpg",0.05,0,0,0,0.16,0,0.16,0.05,0,0,0.02,0.09,0.17,0,0.07,0.22,0,0,0
0.99,99,"3_1","3","1","2022_9_29_10-12-09_160.jpg",0,0,0.16,0,0.14,0,0.34,0,0,0,0,0,0.19,0,0.13,0.03,0,0,0
0.99,96,"3_1","3","1","2022_9_29_10-12-09_56.jpg",0,0,0.02,0,0.14,0,0.09,0,0,0,0,0,0.62,0,0.06,0.05,0,0,0.01
0.99,96,"3_1","3","1","2022_9_29_10-12-09_264.jpg",0,0,0,0,0.3,0,0.45,0,0,0,0,0,0.11,0,0.03,0.1,0,0,0
1,68,"3_1","3","1","2022_9_29_10-12-09_704.jpg",0,0,0.1,0,0.16,0,0.4,0,0,0,0,0,0,0,0.24,0.1,0,0,0
0.99,92,"3_1","3","1","2022_9_29_10-12-09_600.jpg",0,0,0,0,0.25,0,0.18,0.36,0,0,0.13,0,0.01,0,0.05,0.01,0,0,0
0.99,99,"3_1","3","1","2022_9_29_10-12-09_352.jpg",0,0,0,0,0.05,0,0.04,0,0,0,0,0.06,0.48,0,0.29,0.07,0,0,0
1,97,"3_1","3","1","2022_9_29_10-12-09_360.jpg",0,0,0.01,0,0.09,0,0.01,0,0,0,0.02,0.26,0.35,0,0.18,0.08,0,0,0
1,89,"3_1","3","1","2022_9_29_10-12-09_208.jpg",0,0,0.19,0,0.18,0,0.25,0,0,0,0,0,0.35,0,0.03,0,0,0,0
1,100,"3_1","3","1","2022_9_29_10-12-09_280.jpg",0,0,0,0,0.65,0,0.17,0.04,0,0,0,0,0,0,0.05,0.09,0,0,0
1,95,"3_1","3","1","2022_9_29_10-12-09_320.jpg",0,0,0.03,0,0.34,0,0.09,0,0,0,0,0,0.17,0,0.33,0.04,0,0,0
1,100,"3_1","3","1","2022_9_29_10-12-09_464.jpg",0,0.02,0,0,0.32,0,0.16,0,0,0,0.11,0.06,0.04,0,0.29,0,0,0,0
1.01,84,"3_1","3","1","2022_9_29_10-12-09_616.jpg",0,0.1,0,0,0.24,0,0.21,0,0.02,0,0.05,0,0.23,0,0.12,0.04,0,0,0
1,100,"3_1","3","1","2022_9_29_10-12-09_432.jpg",0,0,0,0,0,0,0.06,0,0,0,0,0.86,0,0,0.08,0,0,0,0
1,97,"3_1","3","1","2022_9_29_10-12-09_0.jpg",0.01,0,0.04,0,0.14,0,0.21,0,0,0,0,0,0.57,0,0.03,0,0,0,0
0.99,90,"3_1","3","1","2022_9_29_10-12-09_608.jpg",0.08,0.07,0,0,0.22,0,0.22,0.03,0,0,0.04,0.01,0.09,0,0.14,0.09,0,0,0
0.99,99,"3_1","3","1","2022_9_29_10-12-09_472.jpg",0,0.05,0,0,0.28,0,0.1,0.03,0,0,0.11,0.11,0.06,0,0.17,0.08,0,0,0
0.99,98,"3_1","3","1","2022_9_29_10-12-09_648.jpg",0,0,0,0,0.41,0,0.08,0,0,0,0.01,0,0.21,0,0.16,0.12,0,0,0
1.01,55,"3_1","3","1","2022_9_29_10-12-09_272.jpg",0,0,0,0,0.38,0,0.44,0,0,0,0,0.04,0,0,0,0.15,0,0,0
1,87,"3_1","3","1","2022_9_29_10-12-09_312.jpg",0,0,0.02,0,0.14,0,0.09,0.07,0,0,0,0.02,0.6,0,0,0.06,0,0,0
1,100,"3_1","3","1","2022_9_29_10-12-09_224.jpg",0,0.01,0.13,0,0.2,0,0.47,0,0,0,0,0,0,0,0.12,0.07,0,0,0
1,96,"3_1","3","1","2022_9_29_10-12-09_520.jpg",0,0,0,0.03,0.29,0,0.07,0,0,0,0,0.25,0.17,0,0.19,0,0,0,0
1,100,"3_1","3","1","2022_9_29_10-12-09_656.jpg",0,0,0.18,0,0.43,0,0.18,0,0,0,0,0,0.2,0.01,0,0,0,0,0
1,99,"3_1","3","1","2022_9_29_10-12-09_416.jpg",0,0,0.01,0,0,0,0.04,0,0,0,0,0.89,0,0,0.06,0,0,0,0
1,96,"3_1","3","1","2022_9_29_10-12-09_640.jpg",0,0,0.01,0,0.35,0,0.18,0,0,0,0,0,0.39,0,0.05,0,0.02,0,0
1,100,"3_1","3","1","2022_9_29_10-12-09_152.jpg",0,0,0.18,0,0.1,0,0.34,0,0,0,0,0,0.1,0,0.22,0.05,0,0,0.01
1,100,"3_1","3","1","2022_9_29_10-12-09_384.jpg",0.05,0,0,0,0,0,0.03,0,0,0,0,0.68,0.01,0,0.19,0.03,0,0,0.01
1,100,"3_1","3","1","2022_9_29_10-12-09_576.jpg",0,0,0,0,0.39,0,0.14,0.05,0,0,0.04,0.09,0.08,0,0.16,0.05,0,0,0
1,94,"3_1","3","1","2022_9_29_10-12-09_336.jpg",0,0.01,0,0,0.27,0,0.18,0.02,0,0,0.19,0,0.18,0,0.12,0.03,0,0,0
1.01,92,"3_1","3","1","2022_9_29_10-12-09_504.jpg",0.01,0,0.1,0.02,0.08,0,0.09,0,0,0,0.16,0.12,0.23,0,0.11,0.09,0,0,0
1,100,"3_1","3","1","2022_9_29_10-12-09_216.jpg",0.02,0,0.07,0.01,0.21,0,0.1,0,0,0,0,0,0.51,0,0.01,0.07,0,0,0
1,98,"3_1","3","1","2022_9_29_10-12-09_176.jpg",0,0,0.03,0,0.21,0,0.34,0,0,0,0.03,0,0.3,0,0.05,0.04,0,0,0
0.98,93,"3_1","3","1","2022_9_29_10-12-09_568.jpg",0.05,0.01,0.02,0.01,0.33,0,0.18,0,0,0,0,0,0.31,0,0.02,0.05,0,0,0
0.99,98,"3_1","3","1","2022_9_29_10-12-09_688.jpg",0.01,0,0.03,0.02,0.2,0,0.33,0,0,0,0.1,0.01,0.11,0,0.13,0.02,0,0,0.03
1,100,"3_1","3","1","2022_9_29_10-12-09_104.jpg",0,0,0,0,0.3,0,0.15,0,0,0,0.01,0,0.34,0,0.11,0.08,0,0,0.01
0.99,96,"3_1","3","1","2022_9_29_10-12-09_744.jpg",0,0,0,0,0.57,0,0.1,0,0,0,0,0,0.27,0,0.05,0,0,0,0
1.01,95,"3_1","3","1","2022_9_29_10-12-09_256.jpg",0,0,0,0,0.17,0,0.11,0,0,0,0.15,0,0.52,0,0.02,0.02,0.01,0.01,0
1,97,"3_1","3","1","2022_9_29_10-12-09_240.jpg",0,0,0,0,0.55,0,0.12,0,0,0,0,0.01,0,0,0.22,0.1,0,0,0
0.99,96,"3_1","3","1","2022_9_29_10-12-09_632.jpg",0,0,0.31,0,0.21,0,0.26,0,0,0,0,0.02,0.05,0,0.1,0.04,0,0,0
1,83,"3_1","3","1","2022_9_29_10-12-09_536.jpg",0,0,0,0,0.08,0,0.17,0,0,0,0.01,0.16,0.34,0,0.13,0.11,0,0,0
0.99,96,"3_1","3","1","2022_9_29_10-12-09_328.jpg",0,0,0,0,0.28,0,0.23,0.03,0,0,0.08,0.02,0.12,0,0.15,0.08,0,0,0
1,100,"3_1","3","1","2022_9_29_10-12-09_376.jpg",0,0,0,0,0.06,0,0,0,0,0,0.03,0.6,0.07,0,0.23,0,0,0,0.01
1,97,"3_1","3","1","2022_9_29_10-12-09_112.jpg",0,0,0.04,0,0.46,0,0.2,0,0,0,0,0,0,0,0.26,0.04,0,0,0
0.99,82,"3_1","3","1","2022_9_29_10-12-09_144.jpg",0,0,0,0,0.52,0,0.35,0,0,0,0,0,0,0,0.12,0,0,0,0
1,100,"3_1","3","1","2022_9_29_10-12-09_88.jpg",0,0,0,0,0.34,0,0.22,0,0,0,0,0,0.33,0,0.09,0,0,0,0.02
0.98,84,"3_1","3","1","2022_9_29_10-12-09_296.jpg",0,0.01,0,0.01,0.27,0.01,0.24,0.08,0,0,0.06,0.02,0.21,0,0,0.07,0,0,0
0.99,91,"3_1","3","1","2022_9_29_10-12-09_480.jpg",0,0,0,0,0.31,0,0.16,0,0,0,0.14,0.01,0.16,0,0.12,0.09,0,0,0
1,80,"3_2","3","2","2022_9_29_10-35-25_288.jpg",0,0.03,0.17,0.15,0.17,0,0.15,0,0,0,0,0,0.3,0,0.03,0,0,0,0
1,94,"3_2","3","2","2022_9_29_10-35-25_96.jpg",0,0,0,0,0.23,0,0,0,0,0,0.11,0,0.66,0,0,0,0,0,0
1,100,"3_2","3","2","2022_9_29_10-35-25_200.jpg",0,0,0,0,0.34,0,0.02,0,0,0,0,0,0.46,0,0.1,0.08,0,0,0
1,88,"3_2","3","2","2022_9_29_10-35-25_328.jpg",0.05,0,0.02,0,0.18,0,0.07,0,0,0,0.14,0,0.52,0,0.02,0,0,0,0
1.01,98,"3_2","3","2","2022_9_29_10-35-25_480.jpg",0,0.02,0,0,0.33,0,0.04,0,0,0,0,0.02,0.29,0,0.31,0,0,0,0
0.99,76,"3_2","3","2","2022_9_29_10-35-25_248.jpg",0,0,0.18,0,0.34,0,0.08,0,0,0,0,0,0.18,0,0.13,0.05,0,0.03,0
1,100,"3_2","3","2","2022_9_29_10-35-25_176.jpg",0,0,0,0,0.3,0,0,0,0,0,0,0,0.38,0,0.16,0.14,0,0,0.02
1,94,"3_2","3","2","2022_9_29_10-35-25_80.jpg",0.13,0.02,0,0,0.26,0,0.04,0,0,0,0.02,0,0.51,0,0.02,0,0,0,0
1,94,"3_2","3","2","2022_9_29_10-35-25_352.jpg",0,0.19,0,0,0.21,0,0.04,0,0,0,0,0,0.43,0,0.13,0,0,0,0
1,76,"3_2","3","2","2022_9_29_10-35-25_448.jpg",0,0.05,0,0,0.34,0,0.05,0,0,0,0.08,0.03,0.45,0,0,0,0,0,0
1,100,"3_2","3","2","2022_9_29_10-35-25_240.jpg",0,0,0.02,0,0.42,0,0.08,0,0,0,0,0,0.34,0,0.1,0.04,0,0,0
0.99,98,"3_2","3","2","2022_9_29_10-35-25_16.jpg",0.1,0.14,0,0.1,0,0,0.06,0,0,0,0,0,0.53,0,0.06,0,0,0,0
1,76,"3_2","3","2","2022_9_29_10-35-25_344.jpg",0,0,0.08,0,0.5,0,0.08,0,0,0,0,0,0.13,0,0.18,0.03,0,0,0
1,100,"3_2","3","2","2022_9_29_10-35-25_136.jpg",0.14,0,0.1,0,0.4,0,0.04,0,0,0,0,0,0.3,0,0.02,0,0,0,0
1.01,72,"3_2","3","2","2022_9_29_10-35-25_424.jpg",0,0,0.03,0,0.06,0,0.08,0,0,0,0,0,0.81,0,0.03,0,0,0,0
1.01,84,"3_2","3","2","2022_9_29_10-35-25_232.jpg",0,0,0.1,0,0.14,0,0.17,0,0,0,0,0,0.55,0,0,0.05,0,0,0
1,96,"3_2","3","2","2022_9_29_10-35-25_208.jpg",0,0,0.08,0,0.42,0,0.12,0,0,0,0,0,0.19,0,0.17,0,0,0,0.02
1,100,"3_2","3","2","2022_9_29_10-35-25_192.jpg",0.04,0,0.04,0,0.4,0,0.02,0,0,0,0,0,0.42,0,0,0.08,0,0,0
0.99,98,"3_2","3","2","2022_9_29_10-35-25_376.jpg",0.04,0.18,0.04,0.12,0.31,0,0.02,0,0,0,0.02,0.02,0.08,0,0.16,0,0,0,0
1,92,"3_2","3","2","2022_9_29_10-35-25_432.jpg",0,0,0,0,0.2,0,0.02,0,0,0,0,0,0.76,0,0.02,0,0,0,0
1,100,"3_2","3","2","2022_9_29_10-35-25_416.jpg",0,0,0,0,0.62,0,0.08,0,0,0,0,0,0.3,0,0,0,0,0,0
0.99,90,"3_2","3","2","2022_9_29_10-35-25_64.jpg",0.29,0.02,0,0.04,0.07,0,0,0,0,0,0.04,0,0.51,0,0.02,0,0,0,0
1,100,"3_2","3","2","2022_9_29_10-35-25_120.jpg",0.06,0.1,0,0,0.02,0,0,0,0,0,0,0,0.8,0,0.02,0,0,0,0
1,100,"3_2","3","2","2022_9_29_10-35-25_56.jpg",0.08,0,0,0,0.6,0,0,0,0,0,0,0,0.18,0,0.08,0,0,0,0.06
0.99,98,"3_2","3","2","2022_9_29_10-35-25_32.jpg",0.22,0.08,0.08,0.04,0.12,0,0,0,0,0,0,0,0.1,0,0.35,0,0,0,0
1,98,"3_2","3","2","2022_9_29_10-35-25_400.jpg",0.02,0.06,0.08,0,0.29,0,0.02,0,0,0,0,0,0.37,0,0.16,0,0,0,0
1,100,"3_2","3","2","2022_9_29_10-35-25_72.jpg",0.28,0.18,0.02,0,0,0,0,0,0,0,0.04,0.02,0.4,0,0.06,0,0,0,0
1,100,"3_2","3","2","2022_9_29_10-35-25_128.jpg",0.22,0.16,0.02,0,0.08,0,0.04,0,0,0,0,0,0.44,0,0.04,0,0,0,0
1,90,"3_2","3","2","2022_9_29_10-35-25_464.jpg",0,0,0.02,0,0.36,0,0,0.02,0,0,0.02,0,0.56,0,0.02,0,0,0,0
0.99,84,"3_2","3","2","2022_9_29_10-35-25_456.jpg",0,0,0.1,0,0.21,0,0.05,0,0,0,0.14,0,0.33,0,0.14,0.02,0,0,0
0.99,90,"3_2","3","2","2022_9_29_10-35-25_104.jpg",0,0,0,0,0.27,0,0.04,0,0,0,0,0,0.64,0,0,0,0,0,0.04
0.98,96,"3_2","3","2","2022_9_29_10-35-25_408.jpg",0.1,0.04,0,0,0.33,0,0.04,0,0,0,0,0,0.35,0,0.12,0,0,0,0
1,94,"3_2","3","2","2022_9_29_10-35-25_296.jpg",0.09,0,0.06,0.13,0.21,0,0.21,0,0,0,0,0,0.19,0,0.11,0,0,0,0
1,98,"3_2","3","2","2022_9_29_10-35-25_24.jpg",0.31,0.04,0.02,0.02,0.08,0,0,0,0,0,0,0.02,0.18,0,0.33,0,0,0,0
0.99,96,"3_2","3","2","2022_9_29_10-35-25_264.jpg",0,0.1,0.1,0.04,0.1,0,0.21,0,0,0,0,0.04,0.38,0,0.02,0,0,0,0
0.99,94,"3_2","3","2","2022_9_29_10-35-25_304.jpg",0,0.02,0.04,0.13,0.04,0,0.21,0,0,0,0,0,0.55,0,0,0,0,0,0
0.99,86,"3_2","3","2","2022_9_29_10-35-25_272.jpg",0.02,0.23,0.14,0.02,0,0,0.05,0,0,0,0.09,0.02,0.3,0,0.12,0,0,0,0
1,88,"3_2","3","2","2022_9_29_10-35-25_320.jpg",0,0.02,0.05,0.02,0.11,0,0.23,0,0,0,0,0,0.52,0,0.05,0,0,0,0
0.99,98,"3_2","3","2","2022_9_29_10-35-25_384.jpg",0.02,0.16,0.1,0.14,0.41,0,0,0,0,0,0.08,0,0.06,0,0.02,0,0,0,0
0.99,90,"3_2","3","2","2022_9_29_10-35-25_360.jpg",0.02,0.09,0.04,0,0.16,0,0.02,0,0,0,0,0,0.51,0,0.09,0.04,0,0,0.02
1,100,"3_2","3","2","2022_9_29_10-35-25_0.jpg",0.32,0.08,0,0.14,0.04,0,0.04,0,0,0,0,0,0.36,0,0.02,0,0,0,0
1,96,"3_2","3","2","2022_9_29_10-35-25_216.jpg",0,0,0.02,0,0.15,0,0.23,0,0,0,0,0,0.48,0,0.04,0,0,0.08,0
1.01,94,"3_2","3","2","2022_9_29_10-35-25_168.jpg",0,0,0,0,0.28,0,0,0.09,0,0,0.09,0.04,0.43,0,0.04,0.02,0,0,0.02
1,94,"3_2","3","2","2022_9_29_10-35-25_472.jpg",0,0,0.04,0,0.13,0,0.06,0,0,0,0.21,0,0.43,0,0.13,0,0,0,0
1,100,"3_2","3","2","2022_9_29_10-35-25_336.jpg",0,0,0,0,0.26,0,0,0,0,0,0,0,0.7,0,0.04,0,0,0,0
1,100,"3_2","3","2","2022_9_29_10-35-25_88.jpg",0.04,0,0,0,0.06,0,0,0,0,0,0,0,0.9,0,0,0,0,0,0
1,100,"3_2","3","2","2022_9_29_10-35-25_112.jpg",0,0,0,0,0.1,0,0.02,0,0,0,0,0,0.84,0,0.04,0,0,0,0
0.99,90,"3_2","3","2","2022_9_29_10-35-25_256.jpg",0,0,0.02,0,0.11,0,0.4,0,0,0,0,0,0.44,0,0.02,0,0,0,0
0.99,96,"3_2","3","2","2022_9_29_10-35-25_280.jpg",0,0.04,0.02,0.04,0.1,0,0.21,0,0,0,0,0,0.54,0,0.04,0,0,0,0
1,98,"3_2","3","2","2022_9_29_10-35-25_224.jpg",0,0,0,0,0.33,0,0.12,0,0,0,0,0,0.45,0,0,0.1,0,0,0
1,96,"4_1","4","1","2022_10_10_09-46-57_48.jpg",0.16,0.25,0.04,0.04,0.18,0,0.08,0.01,0,0,0,0,0.06,0,0.18,0,0,0,0
0.99,98,"4_1","4","1","2022_10_10_09-46-57_336.jpg",0.24,0.14,0,0,0.07,0,0.08,0,0,0,0,0.01,0.41,0,0.04,0,0,0,0
0.99,96,"4_1","4","1","2022_10_10_09-46-57_264.jpg",0.05,0.31,0.02,0.28,0,0,0.11,0,0,0,0,0,0,0,0.22,0,0,0,0
1,100,"4_1","4","1","2022_10_10_09-46-57_384.jpg",0.26,0.17,0,0,0,0,0,0.01,0,0,0.01,0.03,0.45,0,0.07,0,0,0,0
1,73,"4_1","4","1","2022_10_10_09-46-57_136.jpg",0.16,0.32,0.03,0.14,0.11,0,0.14,0,0,0,0,0.05,0,0,0.05,0,0,0,0
1,100,"4_1","4","1","2022_10_10_09-46-57_272.jpg",0.09,0.29,0.1,0.16,0.07,0,0.1,0,0,0,0.02,0,0.15,0,0.02,0,0,0,0
0.99,90,"4_1","4","1","2022_10_10_09-46-57_232.jpg",0.1,0.34,0,0.01,0,0,0.02,0,0,0,0,0,0.51,0,0.01,0,0,0,0
1,97,"4_1","4","1","2022_10_10_09-46-57_432.jpg",0.12,0.24,0,0,0.09,0,0.01,0,0,0,0,0.01,0.53,0,0,0,0,0,0
1,95,"4_1","4","1","2022_10_10_09-46-57_64.jpg",0.22,0.03,0.02,0.08,0,0,0.13,0.01,0,0,0,0,0.37,0,0.13,0.01,0,0,0
0.99,96,"4_1","4","1","2022_10_10_09-46-57_144.jpg",0.08,0.24,0.04,0.21,0,0,0.12,0,0,0,0,0.01,0.19,0,0.1,0,0,0,0
0.99,97,"4_1","4","1","2022_10_10_09-46-57_368.jpg",0.34,0.15,0.04,0.01,0.1,0,0.24,0,0,0,0,0,0.06,0,0.05,0,0,0,0
1,100,"4_1","4","1","2022_10_10_09-46-57_208.jpg",0.21,0.17,0.02,0.5,0,0,0,0,0,0,0.04,0.04,0,0,0.02,0,0,0,0
0.99,99,"4_1","4","1","2022_10_10_09-46-57_40.jpg",0.09,0.16,0.02,0.26,0,0,0.07,0,0,0,0,0.02,0.33,0,0.04,0,0,0,0
1,100,"4_1","4","1","2022_10_10_09-46-57_448.jpg",0.11,0.19,0,0.01,0,0,0.22,0,0,0,0.02,0,0.45,0,0,0,0,0,0
0.99,96,"4_1","4","1","2022_10_10_09-46-57_344.jpg",0,0.04,0.02,0,0.21,0,0.08,0,0,0,0,0,0.62,0,0.02,0,0,0,0
1,100,"4_1","4","1","2022_10_10_09-46-57_56.jpg",0.1,0.05,0,0.06,0.13,0,0.07,0,0,0,0,0,0.53,0,0.06,0,0,0,0
1,100,"4_1","4","1","2022_10_10_09-46-57_16.jpg",0,0.1,0.02,0.28,0.02,0,0.05,0.02,0,0,0,0,0.47,0,0.04,0,0,0,0
1,100,"4_1","4","1","2022_10_10_09-46-57_416.jpg",0.14,0.16,0,0,0,0,0,0,0,0,0.01,0,0.69,0,0,0,0,0,0
0.99,95,"4_1","4","1","2022_10_10_09-46-57_288.jpg",0.03,0.19,0.08,0.18,0,0,0.08,0,0,0,0,0,0.14,0,0.29,0,0,0,0
0.99,99,"4_1","4","1","2022_10_10_09-46-57_256.jpg",0.16,0.27,0.01,0.25,0,0,0.05,0,0,0,0,0.08,0.1,0,0.07,0,0,0,0
1,98,"4_1","4","1","2022_10_10_09-46-57_168.jpg",0.04,0.3,0.05,0.43,0,0,0.14,0,0,0,0,0.02,0,0,0.02,0,0,0,0
1,100,"4_1","4","1","2022_10_10_09-46-57_280.jpg",0.02,0.13,0.1,0.11,0.26,0,0.04,0,0,0,0,0,0.2,0,0.14,0,0,0,0
1,100,"4_1","4","1","2022_10_10_09-46-57_464.jpg",0.02,0.09,0,0,0,0,0.28,0,0,0,0,0,0.61,0,0,0,0,0,0
1,100,"4_1","4","1","2022_10_10_09-46-57_392.jpg",0.02,0.16,0,0,0,0,0.29,0,0,0,0,0,0.53,0,0,0,0,0,0
1,100,"4_1","4","1","2022_10_10_09-46-57_8.jpg",0.08,0.14,0.08,0.13,0.13,0,0.01,0,0,0,0,0,0.42,0,0.01,0,0,0,0
1,100,"4_1","4","1","2022_10_10_09-46-57_400.jpg",0.07,0.59,0,0.09,0,0,0.02,0,0,0,0.01,0.03,0.01,0,0.18,0,0,0,0
0.99,99,"4_1","4","1","2022_10_10_09-46-57_216.jpg",0.18,0.38,0,0.26,0,0,0.07,0,0,0,0.06,0.01,0,0,0.03,0,0,0,0
1,88,"4_1","4","1","2022_10_10_09-46-57_0.jpg",0.1,0.08,0.06,0.08,0.1,0,0.06,0,0,0,0.01,0,0.48,0,0.03,0,0,0,0
1,100,"4_1","4","1","2022_10_10_09-46-57_72.jpg",0.12,0.1,0.13,0.22,0.12,0,0.08,0,0,0,0,0,0,0,0.23,0,0,0,0
1,99,"4_1","4","1","2022_10_10_09-46-57_120.jpg",0.07,0.21,0,0.04,0.02,0,0.06,0,0,0,0,0,0.55,0,0.05,0,0,0,0
1,100,"4_1","4","1","2022_10_10_09-46-57_424.jpg",0.08,0.18,0.02,0.01,0.13,0,0.12,0,0,0,0,0.01,0.36,0,0.06,0,0,0.01,0.02
1,100,"4_1","4","1","2022_10_10_09-46-57_312.jpg",0.1,0.28,0.03,0.04,0,0,0.06,0,0,0,0.03,0.05,0.4,0,0.01,0,0,0,0
1,100,"4_1","4","1","2022_10_10_09-46-57_184.jpg",0.33,0.25,0.05,0.12,0.01,0,0.11,0,0,0,0.02,0.03,0,0,0.08,0,0,0,0
1,100,"4_1","4","1","2022_10_10_09-46-57_104.jpg",0.07,0.16,0.03,0.06,0,0,0.06,0,0,0,0,0.01,0.56,0,0.05,0,0,0,0
1,100,"4_1","4","1","2022_10_10_09-46-57_160.jpg",0.01,0.41,0,0.08,0,0,0.5,0,0,0,0,0,0,0,0,0,0,0,0
0.99,96,"4_1","4","1","2022_10_10_09-46-57_304.jpg",0.02,0.15,0.07,0.35,0.03,0,0.21,0,0,0,0,0.02,0.07,0,0.06,0.01,0,0,0
1,100,"4_1","4","1","2022_10_10_09-46-57_480.jpg",0.04,0.3,0,0,0,0,0.21,0,0,0,0.01,0,0.44,0,0,0,0,0,0
0.99,98,"4_1","4","1","2022_10_10_09-46-57_152.jpg",0.08,0.19,0.02,0.35,0,0,0.22,0,0,0,0,0.04,0,0,0.09,0,0,0,0
1,97,"4_1","4","1","2022_10_10_09-46-57_408.jpg",0.23,0.29,0.01,0,0,0,0.02,0,0,0,0.02,0.01,0.41,0,0.01,0,0,0,0
1,100,"4_1","4","1","2022_10_10_09-46-57_496.jpg",0.12,0.26,0.01,0.05,0,0,0.05,0,0,0,0.06,0,0.42,0,0.03,0,0,0,0
1,100,"4_1","4","1","2022_10_10_09-46-57_360.jpg",0.15,0.04,0.07,0.01,0.18,0,0.08,0,0,0,0,0.02,0.42,0,0.01,0,0,0.01,0.01
1,100,"4_1","4","1","2022_10_10_09-46-57_176.jpg",0.1,0.34,0.05,0.36,0,0,0.12,0,0,0,0.01,0,0,0,0.01,0.01,0,0,0
1,100,"4_1","4","1","2022_10_10_09-46-57_488.jpg",0.09,0.3,0,0,0,0,0.08,0,0,0,0,0,0.53,0,0,0,0,0,0
0.99,92,"4_1","4","1","2022_10_10_09-46-57_296.jpg",0.03,0.23,0.02,0.3,0,0,0.23,0,0,0,0,0.04,0,0,0.14,0,0,0,0
1,99,"4_1","4","1","2022_10_10_09-46-57_352.jpg",0.03,0,0.03,0,0.02,0,0.08,0,0,0,0,0,0.79,0,0.05,0,0,0,0
1,96,"4_1","4","1","2022_10_10_09-46-57_96.jpg",0.1,0.32,0.02,0.16,0.04,0,0.14,0,0,0,0,0,0.19,0,0.03,0,0,0,0
0.99,94,"4_1","4","1","2022_10_10_09-46-57_112.jpg",0.11,0.28,0,0.06,0.04,0,0.04,0,0,0,0,0,0.41,0,0.05,0,0,0,0
1,92,"4_1","4","1","2022_10_10_09-46-57_328.jpg",0.1,0.24,0.04,0.03,0,0,0.1,0,0,0,0,0.01,0.46,0,0.02,0,0,0,0
1,100,"4_1","4","1","2022_10_10_09-46-57_376.jpg",0.14,0.15,0.02,0,0,0,0.07,0,0,0,0,0,0.6,0,0.02,0,0,0,0
1,100,"4_1","4","1","2022_10_10_09-46-57_80.jpg",0.1,0.11,0.01,0.35,0.05,0,0.08,0,0,0,0,0,0.11,0,0.18,0.01,0,0,0
1,100,"4_2","4","2","2022_10_10_10-10-25_200.jpg",0,0,0,0.02,0.24,0,0,0,0,0,0.04,0,0.52,0,0.18,0,0,0,0
1,100,"4_2","4","2","2022_10_10_10-10-25_56.jpg",0.04,0.06,0,0.02,0.2,0,0,0,0,0,0.12,0,0.52,0,0.04,0,0,0,0
1,100,"4_2","4","2","2022_10_10_10-10-25_80.jpg",0,0.1,0,0,0.12,0,0,0,0,0,0.02,0,0.72,0,0.04,0,0,0,0
1,100,"4_2","4","2","2022_10_10_10-10-25_128.jpg",0.02,0.26,0,0.04,0,0,0.02,0.26,0,0,0,0,0.26,0,0.14,0,0,0,0
1,100,"4_2","4","2","2022_10_10_10-10-25_192.jpg",0.02,0,0,0,0.04,0,0,0,0,0,0.1,0,0.82,0,0,0.02,0,0,0
1,96,"4_2","4","2","2022_10_10_10-10-25_320.jpg",0,0,0,0,0.46,0,0.02,0,0,0,0,0.02,0.48,0,0,0,0,0,0.02
1,100,"4_2","4","2","2022_10_10_10-10-25_64.jpg",0.08,0.04,0.02,0,0,0,0.02,0,0,0,0.04,0,0.8,0,0,0,0,0,0
1,100,"4_2","4","2","2022_10_10_10-10-25_392.jpg",0.02,0.24,0,0.02,0.1,0,0,0.02,0,0,0.02,0,0.48,0,0.08,0.02,0,0,0
0.99,92,"4_2","4","2","2022_10_10_10-10-25_168.jpg",0.02,0.2,0.04,0,0.37,0,0.02,0.04,0,0,0,0,0.13,0,0.13,0.04,0,0,0
1.01,84,"4_2","4","2","2022_10_10_10-10-25_352.jpg",0,0,0,0,0.24,0,0.05,0,0,0,0.14,0,0.48,0,0.1,0,0,0,0
1,100,"4_2","4","2","2022_10_10_10-10-25_312.jpg",0,0.02,0,0,0.1,0,0.02,0,0,0,0,0,0.84,0,0.02,0,0,0,0
0.98,96,"4_2","4","2","2022_10_10_10-10-25_216.jpg",0.12,0.06,0,0.04,0.12,0,0.02,0,0,0,0,0,0.58,0,0.02,0,0.02,0,0
0.99,98,"4_2","4","2","2022_10_10_10-10-25_176.jpg",0.02,0.08,0.14,0.04,0.33,0,0.04,0.1,0,0,0.02,0,0.12,0,0.08,0,0,0,0.02
0.99,98,"4_2","4","2","2022_10_10_10-10-25_432.jpg",0.04,0.08,0,0.04,0.04,0,0.02,0.08,0,0,0,0,0.61,0,0.06,0,0,0,0.02
1,100,"4_2","4","2","2022_10_10_10-10-25_472.jpg",0,0.02,0,0,0.18,0,0.02,0,0,0,0.06,0,0.7,0,0,0.02,0,0,0
1,92,"4_2","4","2","2022_10_10_10-10-25_288.jpg",0.09,0.02,0,0,0.07,0,0.22,0,0,0,0.02,0.02,0.52,0,0.04,0,0,0,0
1,100,"4_2","4","2","2022_10_10_10-10-25_232.jpg",0.02,0,0.12,0,0.18,0,0.06,0,0,0,0,0.02,0.54,0,0.06,0,0,0,0
1,100,"4_2","4","2","2022_10_10_10-10-25_280.jpg",0,0.02,0,0,0.64,0,0.04,0,0,0,0.04,0,0.12,0,0.14,0,0,0,0
1,88,"4_2","4","2","2022_10_10_10-10-25_272.jpg",0.02,0.07,0,0,0.14,0,0.07,0.07,0,0,0.02,0,0.59,0,0,0.02,0,0,0
0.99,96,"4_2","4","2","2022_10_10_10-10-25_88.jpg",0.04,0.08,0,0.02,0.1,0,0,0.02,0,0,0,0,0.69,0,0.02,0.02,0,0,0
1,98,"4_2","4","2","2022_10_10_10-10-25_112.jpg",0.04,0,0,0,0.37,0,0.08,0.02,0,0,0,0,0.45,0,0.04,0,0,0,0
1,100,"4_2","4","2","2022_10_10_10-10-25_376.jpg",0.06,0.08,0,0,0.06,0,0.04,0.02,0,0,0.06,0,0.66,0,0.02,0,0,0,0
1,100,"4_2","4","2","2022_10_10_10-10-25_528.jpg",0.04,0,0.02,0,0.2,0,0.04,0.1,0,0,0,0,0.52,0,0.08,0,0,0,0
1,90,"4_2","4","2","2022_10_10_10-10-25_224.jpg",0.07,0,0,0,0.27,0,0.02,0,0,0,0,0,0.62,0,0.02,0,0,0,0
1,98,"4_2","4","2","2022_10_10_10-10-25_536.jpg",0,0,0.02,0,0.04,0,0,0,0,0,0,0,0.94,0,0,0,0,0,0
0.97,96,"4_2","4","2","2022_10_10_10-10-25_400.jpg",0.06,0.1,0.08,0.1,0.25,0,0,0,0,0,0.08,0.04,0.12,0,0.12,0.02,0,0,0
1,92,"4_2","4","2","2022_10_10_10-10-25_248.jpg",0,0,0.11,0,0.24,0,0,0,0,0,0.07,0,0.52,0,0.04,0,0,0.02,0
1,98,"4_2","4","2","2022_10_10_10-10-25_456.jpg",0,0,0,0,0.04,0,0,0.02,0,0,0,0,0.9,0,0,0,0,0,0.04
0.98,98,"4_2","4","2","2022_10_10_10-10-25_496.jpg",0.06,0.08,0.06,0,0.1,0,0.02,0.2,0,0,0.02,0,0.2,0,0.24,0,0,0,0
1,100,"4_2","4","2","2022_10_10_10-10-25_40.jpg",0.06,0.24,0.04,0.1,0.02,0,0,0.02,0,0,0,0,0.52,0,0,0,0,0,0
0.99,96,"4_2","4","2","2022_10_10_10-10-25_8.jpg",0.08,0.23,0,0,0,0,0.02,0,0,0,0,0,0.58,0,0.08,0,0,0,0
1,100,"4_2","4","2","2022_10_10_10-10-25_296.jpg",0.08,0.02,0.02,0,0.2,0,0.04,0,0,0,0.12,0.06,0.4,0,0.06,0,0,0,0
1,100,"4_2","4","2","2022_10_10_10-10-25_104.jpg",0.04,0,0,0,0.38,0,0,0,0,0,0,0,0.52,0,0.06,0,0,0,0
1,100,"4_2","4","2","2022_10_10_10-10-25_120.jpg",0.12,0.26,0.04,0,0.16,0,0,0.02,0,0,0,0,0.26,0,0.12,0.02,0,0,0
1,100,"4_2","4","2","2022_10_10_10-10-25_184.jpg",0,0,0,0.02,0,0,0,0,0,0,0,0,0.94,0,0,0.04,0,0,0
0.99,98,"4_2","4","2","2022_10_10_10-10-25_416.jpg",0,0,0,0,0.22,0,0,0.22,0,0,0,0,0.53,0,0.02,0,0,0,0
1,100,"4_2","4","2","2022_10_10_10-10-25_32.jpg",0.04,0.28,0.08,0.08,0,0,0.02,0,0,0,0,0,0.48,0,0,0.02,0,0,0
1,96,"4_2","4","2","2022_10_10_10-10-25_16.jpg",0.04,0.17,0,0.08,0,0,0.04,0,0,0,0.02,0,0.5,0,0.15,0,0,0,0
1,96,"4_2","4","2","2022_10_10_10-10-25_464.jpg",0,0,0.02,0,0.17,0,0,0.08,0,0,0.04,0.02,0.67,0,0,0,0,0,0
1,100,"4_2","4","2","2022_10_10_10-10-25_512.jpg",0,0,0,0,0.06,0,0.06,0.12,0,0,0.04,0,0.6,0,0.12,0,0,0,0
1,100,"4_2","4","2","2022_10_10_10-10-25_48.jpg",0.12,0.12,0.04,0.08,0.04,0,0,0,0,0,0.04,0,0.52,0,0.04,0,0,0,0
1,100,"4_2","4","2","2022_10_10_10-10-25_96.jpg",0,0.06,0,0,0.02,0,0,0,0,0,0,0,0.92,0,0,0,0,0,0
1,94,"4_2","4","2","2022_10_10_10-10-25_240.jpg",0.02,0,0.02,0.02,0.13,0,0,0,0,0,0,0,0.79,0,0.02,0,0,0,0
1,88,"4_2","4","2","2022_10_10_10-10-25_336.jpg",0,0,0,0,0.36,0,0,0,0,0,0.02,0,0.48,0,0.14,0,0,0,0
0.99,78,"4_2","4","2","2022_10_10_10-10-25_264.jpg",0,0,0.05,0,0.05,0,0.1,0,0,0,0,0,0.74,0,0.05,0,0,0,0
0.99,98,"4_2","4","2","2022_10_10_10-10-25_384.jpg",0,0.18,0.02,0.08,0.18,0,0,0,0,0,0.06,0,0.41,0,0.02,0,0,0,0.04
1,100,"4_2","4","2","2022_10_10_10-10-25_144.jpg",0.02,0,0,0,0.34,0,0.06,0,0,0,0,0,0.46,0,0.06,0.04,0,0,0.02
1,100,"4_2","4","2","2022_10_10_10-10-25_72.jpg",0,0,0,0,0.08,0,0.06,0.04,0,0,0.04,0,0.74,0,0.04,0,0,0,0
1,100,"4_2","4","2","2022_10_10_10-10-25_136.jpg",0.04,0.1,0,0.04,0.02,0,0,0,0,0,0,0,0.76,0,0.04,0,0,0,0
1,94,"4_2","4","2","2022_10_10_10-10-25_328.jpg",0,0,0,0,0.38,0,0,0,0,0,0,0,0.6,0,0,0.02,0,0,0
1,80,"5_1","5","1","2022_9_26_13-11-07_736.jpg",0,0,0,0,0.03,0,0.01,0.21,0,0,0.01,0,0.45,0,0.29,0,0,0,0
1,60,"5_1","5","1","2022_9_26_13-11-07_624.jpg",0,0,0.07,0.03,0.1,0,0.28,0,0,0,0,0.1,0.17,0,0.25,0,0,0,0
0.98,82,"5_1","5","1","2022_9_26_13-11-07_168.jpg",0.04,0.02,0.2,0.06,0.02,0,0.29,0,0,0,0.01,0.01,0,0.02,0.3,0,0.01,0,0
1,100,"5_1","5","1","2022_9_26_13-11-07_0.jpg",0.03,0.2,0.01,0,0,0,0.22,0,0,0.02,0.48,0,0,0,0.04,0,0,0,0
1,98,"5_1","5","1","2022_9_26_13-11-07_80.jpg",0,0.12,0.02,0,0,0,0.08,0,0,0,0.36,0,0,0,0.39,0,0.03,0,0
1,84,"5_1","5","1","2022_9_26_13-11-07_512.jpg",0,0.05,0,0,0,0,0.17,0.04,0,0,0.4,0,0.27,0,0.06,0,0,0,0.01
1.01,85,"5_1","5","1","2022_9_26_13-11-07_712.jpg",0.02,0,0.01,0.04,0.06,0,0.19,0,0,0,0.05,0.05,0.11,0,0.48,0,0,0,0
1,99,"5_1","5","1","2022_9_26_13-11-07_48.jpg",0,0.13,0,0,0,0,0.08,0,0,0.01,0.51,0.03,0,0,0.23,0,0.01,0,0
0.99,98,"5_1","5","1","2022_9_26_13-11-07_16.jpg",0.03,0.14,0.04,0.06,0,0,0.03,0.01,0,0,0,0.01,0.52,0,0.15,0,0,0,0
0.98,83,"5_1","5","1","2022_9_26_13-11-07_744.jpg",0.02,0,0,0,0.01,0,0.28,0.13,0,0,0.02,0,0.31,0,0.18,0.02,0,0.01,0
1,97,"5_1","5","1","2022_9_26_13-11-07_344.jpg",0.11,0.01,0.12,0.51,0,0,0.2,0,0,0,0,0.01,0,0,0.02,0,0,0,0.02
0.99,73,"5_1","5","1","2022_9_26_13-11-07_696.jpg",0.01,0.04,0.05,0.14,0,0,0.12,0,0,0,0,0.03,0,0,0.55,0,0,0,0.05
1,94,"5_1","5","1","2022_9_26_13-11-07_424.jpg",0.01,0.03,0.03,0.18,0.04,0,0.02,0.09,0,0,0.1,0,0.4,0,0.1,0,0,0,0
1.02,70,"5_1","5","1","2022_9_26_13-11-07_536.jpg",0,0,0.09,0,0,0,0.06,0,0,0,0.09,0,0.29,0,0.49,0,0,0,0
1,100,"5_1","5","1","2022_9_26_13-11-07_360.jpg",0.02,0,0.02,0.49,0,0,0.43,0,0,0,0.01,0,0,0,0.03,0,0,0,0
1.01,80,"5_1","5","1","2022_9_26_13-11-07_240.jpg",0.01,0.03,0,0,0.05,0,0.2,0.03,0,0,0.09,0,0.41,0,0.19,0,0,0,0
0.99,96,"5_1","5","1","2022_9_26_13-11-07_224.jpg",0.01,0,0,0.01,0.08,0,0.14,0.1,0.01,0,0.16,0,0.12,0,0.36,0,0,0,0
0.98,91,"5_1","5","1","2022_9_26_13-11-07_328.jpg",0,0.03,0.04,0.48,0,0,0.01,0,0,0,0.22,0.05,0.01,0,0.14,0,0,0,0
1,93,"5_1","5","1","2022_9_26_13-11-07_312.jpg",0,0.01,0.11,0.26,0,0,0.06,0,0,0,0.11,0.02,0.23,0,0.18,0,0,0.02,0
1,99,"5_1","5","1","2022_9_26_13-11-07_496.jpg",0,0.01,0,0,0,0,0.01,0.02,0,0,0.06,0,0.36,0,0.54,0,0,0,0
1,85,"5_1","5","1","2022_9_26_13-11-07_288.jpg",0.01,0.12,0.06,0.18,0.01,0,0.19,0.13,0,0,0,0,0.16,0,0.14,0,0,0,0
1,55,"5_1","5","1","2022_9_26_13-11-07_152.jpg",0.04,0.13,0.04,0,0,0,0.2,0,0,0,0.16,0,0.05,0,0.38,0,0,0,0
1,74,"5_1","5","1","2022_9_26_13-11-07_720.jpg",0.03,0.01,0,0,0.05,0,0.18,0,0,0,0.09,0.14,0.31,0,0.19,0,0,0,0
1,56,"5_1","5","1","2022_9_26_13-11-07_648.jpg",0,0.02,0,0,0,0,0.07,0,0,0,0.55,0.2,0,0,0.16,0,0,0,0
1,90,"5_1","5","1","2022_9_26_13-11-07_632.jpg",0,0,0.01,0,0,0,0.26,0,0,0,0.32,0.02,0.16,0,0.23,0,0,0,0
1,94,"5_1","5","1","2022_9_26_13-11-07_464.jpg",0,0.04,0.09,0.14,0.03,0,0.09,0.01,0,0,0.39,0,0.03,0,0.17,0,0,0,0.01
1,49,"5_1","5","1","2022_9_26_13-11-07_96.jpg",0,0.04,0,0,0,0.02,0.35,0,0,0.06,0,0,0,0,0.51,0,0.02,0,0
1.01,85,"5_1","5","1","2022_9_26_13-11-07_216.jpg",0.04,0.26,0,0.04,0.11,0,0.12,0,0,0,0.01,0.02,0.2,0,0.19,0.01,0,0,0.01
1,90,"5_1","5","1","2022_9_26_13-11-07_472.jpg",0.03,0.07,0.07,0.19,0.01,0,0.03,0,0,0,0.17,0,0.13,0,0.29,0,0.01,0,0
1,94,"5_1","5","1","2022_9_26_13-11-07_392.jpg",0.01,0.02,0,0.03,0.03,0,0.12,0.03,0,0,0.46,0,0.19,0,0.11,0,0,0,0
1,94,"5_1","5","1","2022_9_26_13-11-07_24.jpg",0,0.29,0.05,0.16,0.06,0,0.09,0,0,0,0.06,0.02,0,0,0.27,0,0,0,0
1,95,"5_1","5","1","2022_9_26_13-11-07_272.jpg",0.06,0.11,0.07,0.2,0.01,0,0.27,0,0,0,0.14,0,0.14,0,0,0,0,0,0
0.99,95,"5_1","5","1","2022_9_26_13-11-07_480.jpg",0,0.02,0.07,0.07,0,0,0.09,0.04,0,0,0.02,0,0.54,0,0.14,0,0,0,0
1.01,84,"5_1","5","1","2022_9_26_13-11-07_680.jpg",0,0.01,0.05,0.23,0,0,0.18,0,0,0,0.05,0,0.3,0,0.18,0,0.01,0,0
0.99,93,"5_1","5","1","2022_9_26_13-11-07_488.jpg",0,0.02,0.15,0.03,0.01,0,0.09,0,0,0,0.12,0,0.33,0.06,0.18,0,0,0,0
1.01,94,"5_1","5","1","2022_9_26_13-11-07_264.jpg",0.03,0.1,0.14,0.26,0.03,0,0.28,0,0,0,0,0.01,0,0,0.16,0,0,0,0
0.99,96,"5_1","5","1","2022_9_26_13-11-07_608.jpg",0,0,0.12,0,0,0,0,0,0,0,0,0,0.84,0,0.03,0,0,0,0
0.99,94,"5_1","5","1","2022_9_26_13-11-07_192.jpg",0,0.01,0.04,0.01,0,0,0.18,0.03,0,0,0.03,0.01,0.03,0,0.56,0,0.09,0,0
1,100,"5_1","5","1","2022_9_26_13-11-07_56.jpg",0,0,0,0,0,0,0.19,0,0,0,0.79,0,0,0,0,0,0.02,0,0
1,86,"5_1","5","1","2022_9_26_13-11-07_760.jpg",0,0,0,0,0.22,0,0.05,0.1,0,0,0.02,0.05,0.06,0,0.5,0,0,0,0
1.01,70,"5_1","5","1","2022_9_26_13-11-07_576.jpg",0,0,0,0.09,0.06,0,0.09,0,0.01,0,0.29,0.14,0.01,0,0.29,0,0.03,0,0
0.99,99,"5_1","5","1","2022_9_26_13-11-07_752.jpg",0.01,0.02,0.03,0,0.05,0,0.27,0.1,0,0,0.08,0.01,0.13,0,0.29,0,0,0,0
1,86,"5_1","5","1","2022_9_26_13-11-07_656.jpg",0,0.07,0.02,0.15,0.08,0,0.2,0.07,0,0,0,0.26,0,0,0.13,0.01,0,0,0.01
0.99,99,"5_1","5","1","2022_9_26_13-11-07_728.jpg",0,0,0,0,0.13,0,0.14,0.11,0,0,0.01,0.03,0.21,0,0.31,0.05,0,0,0
1,79,"5_1","5","1","2022_9_26_13-11-07_320.jpg",0,0.01,0.04,0.48,0,0,0.04,0,0,0,0.2,0.01,0.06,0,0.13,0,0.03,0,0
1,97,"5_1","5","1","2022_9_26_13-11-07_416.jpg",0,0,0.02,0,0.11,0,0.14,0.02,0,0,0.22,0,0.22,0,0.23,0,0,0,0.04
1,100,"5_1","5","1","2022_9_26_13-11-07_112.jpg",0,0,0,0,0,0,0.17,0,0,0,0.63,0,0,0,0.2,0,0,0,0
1,100,"5_1","5","1","2022_9_26_13-11-07_72.jpg",0.02,0.2,0.03,0.02,0.03,0,0.12,0.08,0,0,0.04,0.07,0,0,0.37,0,0,0,0.02
0.99,95,"5_1","5","1","2022_9_26_13-11-07_520.jpg",0,0.03,0.01,0,0,0,0.09,0.02,0,0,0.44,0.01,0.32,0,0.07,0,0,0,0
1,93,"5_1","5","1","2022_9_26_13-11-07_144.jpg",0.03,0,0,0,0,0,0.2,0,0,0.01,0.09,0,0.29,0,0.38,0,0,0,0
1,78,"5_2","5","2","2022_9_26_13-33-08_184.jpg",0,0,0.26,0.15,0,0,0.38,0,0,0,0,0.03,0,0,0.18,0,0,0,0
1.01,92,"5_2","5","2","2022_9_26_13-33-08_504.jpg",0,0.02,0.04,0.57,0,0,0.2,0,0,0,0.07,0,0,0,0.11,0,0,0,0
1,100,"5_2","5","2","2022_9_26_13-33-08_360.jpg",0,0.04,0.04,0.18,0.04,0,0.04,0,0,0,0.04,0,0.5,0,0.12,0,0,0,0
0.99,94,"5_2","5","2","2022_9_26_13-33-08_368.jpg",0,0,0.23,0.11,0,0,0.04,0.19,0,0,0,0,0.21,0,0.21,0,0,0,0
1,88,"5_2","5","2","2022_9_26_13-33-08_280.jpg",0,0.05,0.32,0.45,0,0,0,0,0,0,0,0,0,0,0.18,0,0,0,0
1,100,"5_2","5","2","2022_9_26_13-33-08_120.jpg",0.04,0.28,0.02,0.14,0,0,0.02,0,0,0,0.1,0,0.33,0,0.06,0,0,0.01,0
1,100,"5_2","5","2","2022_9_26_13-33-08_432.jpg",0.06,0.1,0.08,0.3,0.04,0,0.02,0.04,0,0,0.16,0,0.16,0,0.04,0,0,0,0
1,100,"5_2","5","2","2022_9_26_13-33-08_544.jpg",0,0.02,0.3,0.49,0,0,0.13,0,0,0,0.01,0.01,0,0,0.04,0,0,0,0
1,87,"5_2","5","2","2022_9_26_13-33-08_112.jpg",0.02,0.3,0,0.03,0,0,0.2,0,0,0,0,0,0.37,0,0.08,0,0,0,0
1,100,"5_2","5","2","2022_9_26_13-33-08_392.jpg",0.06,0,0.18,0.36,0,0,0.02,0,0,0,0,0,0.14,0,0.24,0,0,0,0
1,100,"5_2","5","2","2022_9_26_13-33-08_224.jpg",0,0.02,0.18,0.7,0.02,0,0.02,0,0,0,0.02,0,0,0,0.04,0,0,0,0
1,86,"5_2","5","2","2022_9_26_13-33-08_352.jpg",0,0.02,0.05,0.05,0.02,0,0.05,0,0,0,0,0,0.53,0,0.28,0,0,0,0
1.01,88,"5_2","5","2","2022_9_26_13-33-08_216.jpg",0,0.02,0.07,0.41,0,0,0.25,0,0,0,0,0.07,0.05,0,0.14,0,0,0,0
1,94,"5_2","5","2","2022_9_26_13-33-08_552.jpg",0.02,0.06,0,0.64,0,0,0.11,0,0,0,0.09,0.04,0,0,0.02,0,0,0,0.02
1.01,88,"5_2","5","2","2022_9_26_13-33-08_176.jpg",0,0,0.07,0.36,0,0,0.39,0,0,0,0,0,0.05,0,0.14,0,0,0,0
1,92,"5_2","5","2","2022_9_26_13-33-08_496.jpg",0,0.11,0.02,0.35,0,0,0.28,0,0,0,0.07,0,0.13,0,0.04,0,0,0,0
1.01,78,"5_2","5","2","2022_9_26_13-33-08_488.jpg",0,0,0,0,0,0,0.31,0,0,0,0.05,0.03,0.49,0,0.13,0,0,0,0
1,91,"5_2","5","2","2022_9_26_13-33-08_24.jpg",0.07,0.3,0.01,0.16,0,0,0.19,0,0,0,0.1,0.01,0.13,0,0.03,0,0,0,0
1,100,"5_2","5","2","2022_9_26_13-33-08_312.jpg",0.14,0.06,0.14,0.64,0,0,0,0,0,0,0,0,0,0,0.02,0,0,0,0
1,88,"5_2","5","2","2022_9_26_13-33-08_408.jpg",0,0.14,0.09,0.23,0.02,0,0.02,0,0,0,0.11,0,0.05,0,0.34,0,0,0,0
0.98,84,"5_2","5","2","2022_9_26_13-33-08_600.jpg",0.14,0.21,0,0.26,0,0,0.12,0,0,0,0.21,0.02,0,0,0.02,0,0,0,0
0.99,98,"5_2","5","2","2022_9_26_13-33-08_560.jpg",0.04,0.16,0,0.61,0,0,0.04,0,0,0,0.12,0,0,0,0.02,0,0,0,0
1.01,94,"5_2","5","2","2022_9_26_13-33-08_168.jpg",0,0.06,0.13,0.13,0,0,0,0,0,0,0.26,0,0.15,0,0.28,0,0,0,0
0.99,94,"5_2","5","2","2022_9_26_13-33-08_448.jpg",0.04,0.02,0,0.17,0,0,0.04,0.06,0,0,0,0,0.6,0,0.06,0,0,0,0
1,96,"5_2","5","2","2022_9_26_13-33-08_456.jpg",0,0.02,0.04,0.19,0.1,0,0.17,0.02,0,0,0,0,0.15,0,0.31,0,0,0,0
1,96,"5_2","5","2","2022_9_26_13-33-08_56.jpg",0.02,0.31,0,0.04,0,0,0.17,0,0,0,0.45,0,0,0,0.01,0,0,0,0
1,100,"5_2","5","2","2022_9_26_13-33-08_256.jpg",0.01,0,0.04,0.41,0,0,0.54,0,0,0,0,0,0,0,0,0,0,0,0
1.01,98,"5_2","5","2","2022_9_26_13-33-08_128.jpg",0,0.26,0,0.38,0,0,0.33,0,0,0,0.03,0,0,0,0.01,0,0,0,0
1,100,"5_2","5","2","2022_9_26_13-33-08_344.jpg",0.02,0.14,0,0.02,0,0,0,0,0,0,0.12,0,0.34,0,0.36,0,0,0,0
1,88,"5_2","5","2","2022_9_26_13-33-08_480.jpg",0.02,0.02,0.05,0.36,0,0,0.3,0,0,0,0,0,0.2,0,0.05,0,0,0,0
1,99,"5_2","5","2","2022_9_26_13-33-08_96.jpg",0.01,0.2,0,0,0.1,0,0.1,0,0,0,0,0,0.57,0,0,0,0.02,0,0
0.99,88,"5_2","5","2","2022_9_26_13-33-08_208.jpg",0,0,0.11,0.3,0,0,0.25,0,0,0,0,0.02,0.09,0,0.2,0.02,0,0,0
1,100,"5_2","5","2","2022_9_26_13-33-08_304.jpg",0.04,0,0.09,0.45,0,0,0.09,0,0,0,0,0,0.29,0,0.04,0,0,0,0
0.99,98,"5_2","5","2","2022_9_26_13-33-08_328.jpg",0.02,0,0.21,0.36,0.05,0,0.18,0,0,0,0,0.02,0.08,0,0.05,0,0,0.02,0
1.02,78,"5_2","5","2","2022_9_26_13-33-08_288.jpg",0,0.08,0.18,0.67,0.03,0,0.03,0,0,0,0,0,0,0,0.03,0,0,0,0
1,100,"5_2","5","2","2022_9_26_13-33-08_568.jpg",0.02,0.08,0.04,0.46,0,0,0.06,0,0,0,0.16,0.02,0.14,0,0.02,0,0,0,0
1,100,"5_2","5","2","2022_9_26_13-33-08_424.jpg",0,0.16,0.02,0.22,0,0,0,0.04,0,0,0.02,0,0.28,0,0.22,0,0,0,0.04
1.01,92,"5_2","5","2","2022_9_26_13-33-08_16.jpg",0.08,0.45,0,0.17,0,0,0.09,0,0,0,0.1,0,0,0,0.09,0,0.03,0,0
0.99,98,"5_2","5","2","2022_9_26_13-33-08_72.jpg",0.15,0.38,0,0.02,0,0,0.22,0,0,0,0.15,0,0,0,0.05,0,0.02,0,0
0.99,99,"5_2","5","2","2022_9_26_13-33-08_64.jpg",0.26,0.49,0,0.02,0,0,0.19,0,0,0,0,0,0,0,0.03,0,0,0,0
1,100,"5_2","5","2","2022_9_26_13-33-08_80.jpg",0.06,0.37,0.01,0,0,0,0,0,0,0,0,0,0.16,0,0.38,0,0.02,0,0
0.99,95,"5_2","5","2","2022_9_26_13-33-08_536.jpg",0.01,0.01,0.2,0.62,0,0,0.08,0,0,0,0.01,0,0,0,0.02,0,0,0,0.04
1,100,"5_2","5","2","2022_9_26_13-33-08_320.jpg",0.06,0.08,0.16,0.56,0,0,0.02,0,0,0,0,0.02,0,0,0.1,0,0,0,0
1,86,"5_2","5","2","2022_9_26_13-33-08_472.jpg",0,0.05,0,0.16,0,0,0.42,0,0,0,0.16,0,0.14,0,0.07,0,0,0,0
0.99,94,"5_2","5","2","2022_9_26_13-33-08_240.jpg",0,0,0.23,0.68,0.06,0,0,0,0,0,0,0,0,0,0.02,0,0,0,0
1,100,"5_2","5","2","2022_9_26_13-33-08_136.jpg",0,0.3,0.02,0.56,0,0,0.1,0,0,0,0,0.02,0,0,0,0,0,0,0
1,100,"5_2","5","2","2022_9_26_13-33-08_272.jpg",0,0,0.05,0.91,0,0,0.04,0,0,0,0,0,0,0,0,0,0,0,0
1,88,"5_2","5","2","2022_9_26_13-33-08_144.jpg",0,0.27,0.09,0.45,0,0,0.14,0,0,0,0,0,0,0,0,0,0,0,0.05
0.99,92,"5_2","5","2","2022_9_26_13-33-08_8.jpg",0.17,0.3,0,0.01,0,0,0.1,0,0,0,0,0.02,0.36,0,0.03,0,0,0,0
0.99,98,"5_2","5","2","2022_9_26_13-33-08_592.jpg",0.16,0.14,0.1,0.47,0,0,0.06,0,0,0,0.02,0.02,0,0,0,0,0,0,0.02
1,100,"6_1","6","1","2022_8_15_09-59-38_112.jpg",0.15,0.12,0.01,0.04,0,0,0.05,0,0,0,0.6,0.02,0,0,0.01,0,0,0,0
1,99,"6_1","6","1","2022_8_15_09-59-38_208.jpg",0.02,0.01,0.05,0.09,0,0,0.02,0,0,0.06,0.72,0.03,0,0,0,0,0,0,0
1,100,"6_1","6","1","2022_8_15_09-59-38_192.jpg",0.08,0.02,0.05,0.08,0.04,0,0.01,0,0,0.11,0.56,0.02,0,0,0.03,0,0,0,0
1,100,"6_1","6","1","2022_8_15_09-59-38_416.jpg",0,0,0,0,0.11,0,0.18,0,0,0.32,0.02,0.11,0,0,0.24,0.02,0,0,0
1,74,"6_1","6","1","2022_8_15_09-59-38_584.jpg",0,0.03,0,0,0,0,0.05,0,0,0.26,0,0.54,0,0,0.12,0,0,0,0
1,100,"6_1","6","1","2022_8_15_09-59-38_656.jpg",0,0,0.02,0,0,0,0.12,0,0,0.34,0.25,0.2,0,0,0.05,0.02,0,0,0
1,97,"6_1","6","1","2022_8_15_09-59-38_576.jpg",0.01,0.01,0,0.01,0,0,0.15,0,0,0.1,0,0.51,0.02,0,0.19,0,0,0,0
1,53,"6_1","6","1","2022_8_15_09-59-38_592.jpg",0,0,0,0,0,0,0.19,0,0,0.15,0,0.53,0,0,0.13,0,0,0,0
1,100,"6_1","6","1","2022_8_15_09-59-38_272.jpg",0.03,0.03,0.01,0.02,0,0,0.01,0,0,0.16,0.57,0.07,0,0,0.1,0,0,0,0
1,100,"6_1","6","1","2022_8_15_09-59-38_312.jpg",0.01,0.08,0.01,0.01,0,0,0.02,0,0,0.17,0.25,0.32,0,0,0.13,0,0,0,0
1,100,"6_1","6","1","2022_8_15_09-59-38_528.jpg",0,0,0,0,0,0,0.14,0,0,0.11,0.1,0.35,0,0,0.3,0,0,0,0
1,100,"6_1","6","1","2022_8_15_09-59-38_648.jpg",0,0,0.02,0.01,0,0,0.14,0,0,0.55,0.1,0.14,0,0,0.04,0,0,0,0
1,100,"6_1","6","1","2022_8_15_09-59-38_8.jpg",0.01,0.13,0.04,0.73,0,0,0,0,0,0,0,0.03,0,0,0.06,0,0,0,0
1,100,"6_1","6","1","2022_8_15_09-59-38_488.jpg",0,0,0.01,0,0,0,0.16,0,0,0.12,0,0.58,0,0,0.13,0,0,0,0
1,90,"6_1","6","1","2022_8_15_09-59-38_680.jpg",0.01,0.01,0,0,0,0,0.23,0,0,0.47,0.02,0.18,0,0,0.08,0,0,0,0
1,100,"6_1","6","1","2022_8_15_09-59-38_544.jpg",0,0,0.04,0.05,0.01,0,0.22,0,0,0.14,0.08,0.33,0,0,0.13,0,0,0,0
1,100,"6_1","6","1","2022_8_15_09-59-38_504.jpg",0,0.01,0.03,0.08,0,0,0.17,0,0,0.21,0.15,0.31,0,0,0.04,0,0,0,0
1.01,57,"6_1","6","1","2022_8_15_09-59-38_360.jpg",0,0,0,0,0.04,0,0.21,0,0,0.14,0.35,0.16,0,0,0,0.02,0,0,0.09
1,100,"6_1","6","1","2022_8_15_09-59-38_432.jpg",0,0,0,0,0,0,0.08,0,0,0.35,0.26,0.25,0,0,0.06,0,0,0,0
1,100,"6_1","6","1","2022_8_15_09-59-38_120.jpg",0.04,0.11,0.03,0.01,0,0,0.01,0,0,0,0.79,0.01,0,0,0,0,0,0,0
1,100,"6_1","6","1","2022_8_15_09-59-38_88.jpg",0.25,0.23,0.07,0.02,0,0,0.13,0,0,0,0.02,0.03,0,0,0.25,0,0,0,0
1.01,62,"6_1","6","1","2022_8_15_09-59-38_608.jpg",0,0.02,0.02,0,0,0,0.44,0,0,0.03,0,0.34,0,0,0.16,0,0,0,0
0.99,98,"6_1","6","1","2022_8_15_09-59-38_0.jpg",0.01,0.1,0.03,0.71,0,0,0.02,0,0,0,0,0.03,0,0,0.09,0,0,0,0
1,100,"6_1","6","1","2022_8_15_09-59-38_560.jpg",0,0.01,0,0,0,0,0.13,0,0,0,0,0.68,0,0,0.18,0,0,0,0
1,100,"6_1","6","1","2022_8_15_09-59-38_176.jpg",0.02,0.06,0.02,0.01,0,0,0.03,0,0,0.06,0.74,0,0,0.02,0.04,0,0,0,0
0.99,99,"6_1","6","1","2022_8_15_09-59-38_664.jpg",0,0.01,0.05,0.07,0,0,0.12,0,0,0.25,0.25,0.18,0,0,0.06,0,0,0,0
1,100,"6_1","6","1","2022_8_15_09-59-38_336.jpg",0,0.03,0.1,0.05,0,0,0.11,0,0,0.13,0.4,0.04,0,0,0.14,0,0,0,0
1,100,"6_1","6","1","2022_8_15_09-59-38_616.jpg",0,0.01,0,0,0,0,0.05,0.02,0,0.08,0.2,0.4,0,0,0.24,0,0,0,0
1,100,"6_1","6","1","2022_8_15_09-59-38_280.jpg",0.02,0.04,0.05,0.01,0.06,0,0.06,0,0.01,0.01,0.57,0.13,0,0,0.04,0,0,0,0
1,100,"6_1","6","1","2022_8_15_09-59-38_624.jpg",0,0,0.02,0,0,0,0.16,0,0,0.2,0.15,0.34,0,0,0.13,0,0,0,0
0.99,97,"6_1","6","1","2022_8_15_09-59-38_392.jpg",0,0.01,0.04,0,0,0,0.11,0,0,0.27,0.26,0.13,0,0,0.15,0.02,0,0,0
1,100,"6_1","6","1","2022_8_15_09-59-38_352.jpg",0,0.01,0.15,0.04,0,0,0.04,0,0,0.23,0.31,0.09,0,0,0.13,0,0,0,0
1,100,"6_1","6","1","2022_8_15_09-59-38_424.jpg",0,0,0.01,0,0,0,0.24,0,0,0.41,0.02,0.11,0,0,0.2,0.01,0,0,0
1,100,"6_1","6","1","2022_8_15_09-59-38_464.jpg",0,0,0,0,0.01,0,0.13,0,0,0.15,0.28,0.28,0,0.03,0.12,0,0,0,0
1,100,"6_1","6","1","2022_8_15_09-59-38_96.jpg",0.04,0.06,0.04,0.02,0,0,0.03,0,0,0,0.77,0.01,0,0,0.01,0,0,0,0.02
1,100,"6_1","6","1","2022_8_15_09-59-38_248.jpg",0,0.03,0.06,0.03,0.02,0,0.03,0,0,0.08,0.54,0.04,0,0,0.17,0,0,0,0
1,100,"6_1","6","1","2022_8_15_09-59-38_48.jpg",0.26,0.26,0.03,0.05,0,0,0.11,0,0,0,0,0.07,0,0,0.22,0,0,0,0
1,100,"6_1","6","1","2022_8_15_09-59-38_480.jpg",0,0,0.01,0,0,0,0.24,0,0,0.07,0,0.51,0,0,0.17,0,0,0,0
1,100,"6_1","6","1","2022_8_15_09-59-38_256.jpg",0,0.05,0,0,0,0,0.02,0,0,0.27,0.44,0.06,0,0,0.16,0,0,0,0
1,100,"6_1","6","1","2022_8_15_09-59-38_168.jpg",0.07,0.01,0,0,0,0,0.01,0,0,0,0.9,0,0,0,0,0,0,0,0.01
1,99,"6_1","6","1","2022_8_15_09-59-38_704.jpg",0,0,0.01,0,0.03,0,0.08,0,0,0.07,0,0.6,0,0,0.21,0,0,0,0
1,100,"6_1","6","1","2022_8_15_09-59-38_640.jpg",0,0.04,0.03,0.13,0,0,0.1,0,0,0.08,0.17,0.32,0,0,0.13,0,0,0,0
1.01,91,"6_1","6","1","2022_8_15_09-59-38_552.jpg",0,0,0,0,0,0,0.09,0,0,0.13,0.09,0.51,0,0,0.19,0,0,0,0
0.98,97,"6_1","6","1","2022_8_15_09-59-38_224.jpg",0,0,0.08,0,0.04,0,0.1,0,0,0.03,0.48,0.04,0,0.14,0.04,0.03,0,0,0
1,100,"6_1","6","1","2022_8_15_09-59-38_632.jpg",0,0,0.01,0.01,0,0,0.17,0,0,0.13,0.24,0.17,0,0,0.27,0,0,0,0
1,99,"6_1","6","1","2022_8_15_09-59-38_152.jpg",0,0.1,0,0.1,0,0,0.12,0,0,0,0.68,0,0,0,0,0,0,0,0
1,100,"6_1","6","1","2022_8_15_09-59-38_368.jpg",0,0,0.02,0,0.04,0,0.11,0,0,0.09,0.17,0.41,0,0,0.13,0.03,0,0,0
1,100,"6_1","6","1","2022_8_15_09-59-38_736.jpg",0,0.02,0,0,0,0,0.12,0,0,0.21,0,0.22,0,0,0.43,0,0,0,0
1,99,"6_1","6","1","2022_8_15_09-59-38_568.jpg",0,0,0,0,0,0,0.17,0,0,0,0,0.68,0,0,0.15,0,0,0,0
1,100,"6_1","6","1","2022_8_15_09-59-38_304.jpg",0,0.04,0,0,0,0,0.04,0,0,0.07,0.57,0.15,0,0.02,0.09,0,0,0,0.02
1,99,"6_2","6","2","2022_8_15_10-21-13_360.jpg",0.08,0.1,0,0.08,0,0,0.04,0,0,0,0.65,0,0,0,0.05,0,0,0,0
1,100,"6_2","6","2","2022_8_15_10-21-13_112.jpg",0.01,0.05,0,0.08,0,0,0.06,0,0,0,0.79,0,0,0,0.01,0,0,0,0
0.99,99,"6_2","6","2","2022_8_15_10-21-13_224.jpg",0,0,0.01,0,0.01,0,0.14,0,0,0.09,0.37,0.25,0,0,0.12,0,0,0,0
1,100,"6_2","6","2","2022_8_15_10-21-13_96.jpg",0.02,0.03,0.03,0.07,0,0,0.02,0,0,0,0.82,0,0,0,0.01,0,0,0,0
0.99,96,"6_2","6","2","2022_8_15_10-21-13_184.jpg",0.03,0.02,0.02,0.02,0.01,0,0.29,0,0,0.08,0.39,0.04,0,0,0.09,0,0,0,0
0.99,98,"6_2","6","2","2022_8_15_10-21-13_200.jpg",0.01,0.03,0.04,0.03,0,0,0.17,0,0,0.12,0.47,0.06,0,0,0.06,0,0,0,0
1,100,"6_2","6","2","2022_8_15_10-21-13_344.jpg",0.02,0.12,0,0.02,0,0,0.06,0,0,0,0.61,0,0.05,0,0.12,0,0,0,0
0.99,98,"6_2","6","2","2022_8_15_10-21-13_176.jpg",0.09,0.03,0.09,0,0,0,0.22,0,0,0.06,0.34,0.06,0,0,0.1,0,0,0,0
1,100,"6_2","6","2","2022_8_15_10-21-13_424.jpg",0,0.01,0,0,0,0,0.05,0,0,0.01,0.51,0.12,0,0,0.3,0,0,0,0
1,100,"6_2","6","2","2022_8_15_10-21-13_192.jpg",0,0.03,0.02,0,0.02,0,0.17,0,0,0.09,0.28,0.16,0,0.18,0.05,0,0,0,0
1,100,"6_2","6","2","2022_8_15_10-21-13_336.jpg",0.01,0.02,0,0.02,0,0,0.01,0,0,0,0.62,0.07,0.13,0,0.12,0,0,0,0
1,100,"6_2","6","2","2022_8_15_10-21-13_88.jpg",0.03,0.07,0,0.08,0,0,0.04,0,0,0,0.78,0,0,0,0,0,0,0,0
0.99,99,"6_2","6","2","2022_8_15_10-21-13_440.jpg",0.02,0.07,0.01,0.02,0,0,0.22,0,0,0.03,0.2,0.14,0,0,0.28,0,0,0,0
1,100,"6_2","6","2","2022_8_15_10-21-13_264.jpg",0.01,0.01,0.04,0.05,0,0,0.06,0,0,0.1,0.45,0.04,0,0,0.23,0.01,0,0,0
0.99,98,"6_2","6","2","2022_8_15_10-21-13_400.jpg",0.01,0.05,0,0.04,0.03,0,0.02,0,0,0,0.39,0.22,0.15,0,0.08,0,0,0,0
0.99,99,"6_2","6","2","2022_8_15_10-21-13_256.jpg",0,0.01,0.01,0.02,0.02,0,0.08,0,0,0.11,0.37,0.3,0,0,0.07,0,0,0,0
1,100,"6_2","6","2","2022_8_15_10-21-13_160.jpg",0.07,0.03,0,0.03,0,0,0.2,0,0,0,0.65,0.02,0,0,0,0,0,0,0
1,100,"6_2","6","2","2022_8_15_10-21-13_216.jpg",0,0,0.07,0.02,0,0,0.17,0,0,0.09,0.26,0.22,0,0,0.17,0,0,0,0
1,100,"6_2","6","2","2022_8_15_10-21-13_80.jpg",0.03,0.22,0.08,0.06,0,0,0.06,0,0,0,0.55,0,0,0,0,0,0,0,0
1,100,"6_2","6","2","2022_8_15_10-21-13_104.jpg",0.04,0.01,0,0.08,0,0,0.09,0,0,0,0.78,0,0,0,0,0,0,0,0
1,100,"6_2","6","2","2022_8_15_10-21-13_328.jpg",0.05,0.1,0,0.02,0,0,0.1,0,0,0,0.41,0.06,0.06,0,0.2,0,0,0,0
1,100,"6_2","6","2","2022_8_15_10-21-13_72.jpg",0.04,0.06,0,0,0,0,0.01,0,0,0,0.89,0,0,0,0,0,0,0,0
1,100,"6_2","6","2","2022_8_15_10-21-13_232.jpg",0,0,0.03,0,0.01,0,0.11,0,0,0.1,0.09,0.29,0,0,0.37,0,0,0,0
1,100,"6_2","6","2","2022_8_15_10-21-13_312.jpg",0,0.02,0,0,0,0,0.13,0,0,0,0.12,0.17,0,0,0.56,0,0,0,0
1,100,"6_2","6","2","2022_8_15_10-21-13_24.jpg",0.16,0.31,0.04,0.07,0,0,0.16,0,0,0,0.01,0.2,0.03,0,0.02,0,0,0,0
1,99,"6_2","6","2","2022_8_15_10-21-13_40.jpg",0.05,0.18,0.02,0.05,0,0,0.11,0,0,0,0.59,0,0,0,0,0,0,0,0
1,100,"6_2","6","2","2022_8_15_10-21-13_432.jpg",0.03,0.01,0.02,0,0,0,0.16,0,0,0.06,0,0.11,0,0,0.61,0,0,0,0
1,100,"6_2","6","2","2022_8_15_10-21-13_208.jpg",0,0.01,0.02,0.01,0,0,0.23,0,0,0.26,0.26,0.06,0,0,0.14,0,0,0,0.01
1,100,"6_2","6","2","2022_8_15_10-21-13_0.jpg",0.09,0.4,0.03,0.11,0,0,0.18,0,0,0,0,0.15,0,0,0.04,0,0,0,0
1,100,"6_2","6","2","2022_8_15_10-21-13_408.jpg",0.06,0.05,0.02,0.03,0,0,0.1,0,0,0,0.63,0.06,0,0,0.05,0,0,0,0
1,100,"6_2","6","2","2022_8_15_10-21-13_320.jpg",0.02,0.12,0.03,0.01,0,0,0.12,0,0,0,0.04,0.37,0,0,0.29,0,0,0,0
1,100,"6_2","6","2","2022_8_15_10-21-13_248.jpg",0,0,0.03,0,0.01,0,0.12,0,0,0.24,0.3,0.17,0,0,0.12,0,0,0,0.01
1,100,"6_2","6","2","2022_8_15_10-21-13_152.jpg",0.07,0,0.01,0.05,0,0,0.08,0,0,0,0.75,0.03,0,0,0.01,0,0,0,0
1,100,"6_2","6","2","2022_8_15_10-21-13_64.jpg",0.02,0.05,0,0,0,0,0.03,0,0,0,0.9,0,0,0,0,0,0,0,0
1,100,"6_2","6","2","2022_8_15_10-21-13_384.jpg",0.01,0.08,0,0.02,0,0,0.17,0,0,0,0.68,0,0,0,0.04,0,0,0,0
1,98,"6_2","6","2","2022_8_15_10-21-13_272.jpg",0,0.01,0.03,0.01,0,0,0.13,0,0,0.27,0.29,0.08,0,0.08,0.04,0.06,0,0,0
1,99,"6_2","6","2","2022_8_15_10-21-13_128.jpg",0.08,0.12,0.01,0.11,0,0,0.05,0,0,0,0.59,0,0,0,0.04,0,0,0,0
1,100,"6_2","6","2","2022_8_15_10-21-13_120.jpg",0.12,0.04,0.01,0.09,0,0,0.01,0,0,0.01,0.7,0.02,0,0,0,0,0,0,0
1,100,"6_2","6","2","2022_8_15_10-21-13_352.jpg",0.01,0.13,0,0.03,0,0,0.01,0,0,0,0.58,0.08,0,0,0.16,0,0,0,0
1,100,"6_2","6","2","2022_8_15_10-21-13_8.jpg",0.11,0.37,0.03,0.17,0,0,0.23,0,0,0,0,0.05,0,0,0.02,0,0,0,0.02
1,92,"6_2","6","2","2022_8_15_10-21-13_288.jpg",0,0.01,0,0.01,0,0,0.21,0.02,0,0,0.35,0.23,0,0,0.16,0.01,0,0,0
1.01,63,"6_2","6","2","2022_8_15_10-21-13_296.jpg",0.02,0.02,0.03,0.13,0,0,0.08,0,0,0.03,0.33,0.06,0,0,0.29,0.02,0,0,0
1,100,"6_2","6","2","2022_8_15_10-21-13_168.jpg",0.08,0.02,0.02,0,0,0,0.12,0,0,0,0.75,0.01,0,0,0,0,0,0,0
1,100,"6_2","6","2","2022_8_15_10-21-13_144.jpg",0.11,0.15,0.04,0.02,0,0,0.09,0,0,0,0.59,0,0,0,0,0,0,0,0
1,100,"6_2","6","2","2022_8_15_10-21-13_56.jpg",0.09,0.2,0.05,0.08,0,0,0.11,0,0,0,0.42,0,0,0,0.05,0,0,0,0
0.99,92,"6_2","6","2","2022_8_15_10-21-13_280.jpg",0,0,0.02,0.05,0,0,0.24,0,0,0.16,0.1,0.29,0,0,0.13,0,0,0,0
1,100,"6_2","6","2","2022_8_15_10-21-13_240.jpg",0,0,0.08,0,0.01,0,0.16,0,0,0.01,0.19,0.17,0,0,0.38,0,0,0,0
1,100,"6_2","6","2","2022_8_15_10-21-13_368.jpg",0.06,0.08,0,0.06,0.01,0,0.09,0,0,0.03,0.44,0.02,0.2,0,0.01,0,0,0,0
1,100,"6_2","6","2","2022_8_15_10-21-13_32.jpg",0.24,0.23,0.04,0.02,0,0,0.11,0,0,0,0.36,0,0,0,0,0,0,0,0
1,100,"6_2","6","2","2022_8_15_10-21-13_376.jpg",0.03,0.07,0.01,0.07,0,0,0.01,0,0,0,0.77,0.01,0,0,0.03,0,0,0,0
0.99,97,"7_1","7","1","2022_8_15_11-59-18_72.jpg",0.05,0.01,0.03,0.02,0,0,0.11,0.02,0,0,0.62,0.03,0,0,0.04,0,0.06,0,0
1,100,"7_1","7","1","2022_8_15_11-59-18_288.jpg",0.02,0,0,0,0,0,0.09,0,0,0,0.89,0,0,0,0,0,0,0,0
0.99,99,"7_1","7","1","2022_8_15_11-59-18_232.jpg",0,0.08,0,0,0,0,0.01,0,0,0,0.48,0.01,0.41,0,0,0,0,0,0
0.99,99,"7_1","7","1","2022_8_15_11-59-18_512.jpg",0.04,0.24,0.18,0.06,0,0,0.09,0,0,0,0.21,0.01,0,0,0.14,0,0,0,0.02
1,100,"7_1","7","1","2022_8_15_11-59-18_536.jpg",0,0.01,0.01,0.02,0,0,0.01,0,0,0,0.92,0.02,0,0,0,0,0,0,0.01
0.99,85,"7_1","7","1","2022_8_15_11-59-18_24.jpg",0.58,0.04,0.02,0.02,0,0,0.15,0.02,0,0,0,0.09,0,0,0.07,0,0,0,0
0.99,98,"7_1","7","1","2022_8_15_11-59-18_496.jpg",0.01,0.03,0.23,0.05,0,0,0.07,0,0,0,0.53,0.04,0,0,0.03,0,0,0,0
0.99,97,"7_1","7","1","2022_8_15_11-59-18_32.jpg",0.35,0.06,0,0.01,0,0,0.06,0.02,0,0,0.34,0.08,0,0,0.06,0,0.01,0,0
1,100,"7_1","7","1","2022_8_15_11-59-18_304.jpg",0,0.16,0.14,0.02,0,0,0.11,0,0,0,0.5,0.01,0.06,0,0,0,0,0,0
1,93,"7_1","7","1","2022_8_15_11-59-18_544.jpg",0,0.23,0.05,0.08,0,0,0.06,0,0,0,0.23,0.01,0.28,0,0.06,0,0,0,0
1,90,"7_1","7","1","2022_8_15_11-59-18_8.jpg",0.66,0,0,0,0,0.01,0.09,0.18,0.01,0,0.04,0,0,0,0.01,0,0,0,0
0.99,88,"7_1","7","1","2022_8_15_11-59-18_88.jpg",0.03,0.01,0,0,0,0,0.12,0.03,0,0,0.64,0.08,0,0,0.06,0,0.02,0,0
0.99,95,"7_1","7","1","2022_8_15_11-59-18_56.jpg",0.13,0.05,0.04,0,0,0,0.08,0,0,0,0.6,0.06,0,0,0.03,0,0,0,0
0.99,86,"7_1","7","1","2022_8_15_11-59-18_80.jpg",0.13,0.03,0.03,0.02,0,0,0.08,0,0,0,0.63,0,0.06,0,0.01,0,0,0,0
1,100,"7_1","7","1","2022_8_15_11-59-18_160.jpg",0,0,0.04,0.67,0,0,0.22,0,0,0,0.02,0,0,0,0.05,0,0,0,0
1,99,"7_1","7","1","2022_8_15_11-59-18_16.jpg",0.51,0,0.01,0,0,0,0.26,0,0,0,0.11,0.04,0,0,0.07,0,0,0,0
0.99,94,"7_1","7","1","2022_8_15_11-59-18_64.jpg",0.03,0.01,0,0,0,0,0.07,0,0,0,0.85,0.01,0,0,0.02,0,0,0,0
1,100,"7_1","7","1","2022_8_15_11-59-18_352.jpg",0.01,0.13,0.05,0.25,0,0,0.02,0,0,0,0.33,0.01,0.17,0,0.03,0,0,0,0
1,100,"7_1","7","1","2022_8_15_11-59-18_320.jpg",0.02,0.19,0.01,0,0,0,0.09,0,0,0,0.06,0.01,0.61,0,0.01,0,0,0,0
1,94,"7_1","7","1","2022_8_15_11-59-18_368.jpg",0.01,0.13,0.01,0.21,0,0,0.05,0,0,0,0.09,0,0.48,0,0.02,0,0,0,0
1,76,"7_1","7","1","2022_8_15_11-59-18_48.jpg",0.26,0.13,0.03,0.01,0,0,0.29,0.03,0,0,0.04,0.12,0,0,0.09,0,0,0,0
1,100,"7_1","7","1","2022_8_15_11-59-18_264.jpg",0,0.1,0.05,0,0,0,0.02,0.01,0.01,0,0.71,0.03,0,0,0.07,0,0,0,0
1,100,"7_1","7","1","2022_8_15_11-59-18_128.jpg",0,0,0,0,0,0,0.06,0,0,0,0.94,0,0,0,0,0,0,0,0
1,100,"7_1","7","1","2022_8_15_11-59-18_280.jpg",0,0.09,0,0,0,0,0.07,0,0,0,0.48,0.01,0.32,0,0.02,0.01,0,0,0
1,99,"7_1","7","1","2022_8_15_11-59-18_344.jpg",0,0.02,0.11,0.01,0,0,0.02,0,0,0,0.8,0.04,0,0,0,0,0,0,0
0.99,98,"7_1","7","1","2022_8_15_11-59-18_120.jpg",0.03,0.06,0.07,0.03,0,0,0.06,0.01,0,0,0.66,0.05,0,0,0.02,0,0,0,0
1,99,"7_1","7","1","2022_8_15_11-59-18_448.jpg",0.05,0.16,0,0.08,0,0,0.08,0.01,0,0,0.56,0,0.04,0,0.02,0,0,0,0
1,100,"7_1","7","1","2022_8_15_11-59-18_408.jpg",0.06,0.42,0.02,0.36,0,0,0.02,0,0.01,0,0.05,0.03,0,0,0.03,0,0,0,0
1,94,"7_1","7","1","2022_8_15_11-59-18_240.jpg",0.06,0.13,0.16,0.11,0,0,0.13,0,0,0,0.31,0.06,0,0,0.04,0,0,0,0
1,95,"7_1","7","1","2022_8_15_11-59-18_104.jpg",0.42,0.09,0.05,0,0,0,0.11,0,0,0,0.14,0.08,0,0,0.11,0,0,0,0
1,100,"7_1","7","1","2022_8_15_11-59-18_504.jpg",0.02,0.02,0,0,0,0,0.01,0,0,0,0.74,0,0.2,0,0.01,0,0,0,0
1,99,"7_1","7","1","2022_8_15_11-59-18_400.jpg",0.02,0.32,0,0.07,0,0,0.01,0,0,0,0.58,0,0,0,0,0,0,0,0
1,93,"7_1","7","1","2022_8_15_11-59-18_336.jpg",0.03,0.39,0.05,0.02,0,0,0.08,0,0,0,0.4,0,0.01,0,0.02,0,0,0,0
0.99,91,"7_1","7","1","2022_8_15_11-59-18_456.jpg",0.1,0.27,0.03,0.23,0,0,0.12,0,0,0,0.24,0,0,0,0,0,0,0,0
1,100,"7_1","7","1","2022_8_15_11-59-18_224.jpg",0.02,0.2,0.03,0.03,0,0,0.12,0.01,0,0,0.55,0.02,0,0,0.02,0,0,0,0
1,100,"7_1","7","1","2022_8_15_11-59-18_272.jpg",0.02,0.23,0.13,0.04,0,0,0.02,0.01,0,0,0.49,0,0,0,0.06,0,0,0,0
1,99,"7_1","7","1","2022_8_15_11-59-18_480.jpg",0,0.2,0,0.02,0,0,0.03,0,0,0,0.74,0,0,0,0,0,0,0,0.01
0.99,96,"7_1","7","1","2022_8_15_11-59-18_256.jpg",0,0.05,0.03,0,0,0,0.03,0,0,0,0.85,0.02,0,0,0.01,0,0,0,0
1,100,"7_1","7","1","2022_8_15_11-59-18_0.jpg",0.34,0,0,0,0,0,0.42,0.1,0,0,0.09,0.02,0,0,0.03,0,0,0,0
0.99,85,"7_1","7","1","2022_8_15_11-59-18_40.jpg",0.28,0.02,0.07,0,0,0,0.16,0.12,0,0,0,0.15,0,0,0.18,0,0,0.01,0
1,100,"7_1","7","1","2022_8_15_11-59-18_464.jpg",0.13,0.14,0,0.08,0,0,0.08,0,0,0,0.3,0.05,0.02,0,0.19,0,0,0,0.01
1,100,"7_1","7","1","2022_8_15_11-59-18_424.jpg",0.11,0.5,0.04,0.13,0,0,0.03,0,0,0,0.01,0.05,0,0,0.13,0,0,0,0
0.99,97,"7_1","7","1","2022_8_15_11-59-18_488.jpg",0.01,0.07,0.27,0.07,0,0,0.07,0,0,0,0.33,0.05,0.12,0,0,0,0,0,0
0.99,97,"7_1","7","1","2022_8_15_11-59-18_328.jpg",0.01,0.09,0.02,0.01,0,0,0.05,0,0,0,0.78,0.02,0,0,0.01,0,0,0,0
1,100,"7_1","7","1","2022_8_15_11-59-18_192.jpg",0.01,0.23,0.05,0.42,0.04,0,0.1,0.03,0,0,0,0.03,0,0,0.09,0,0,0,0
0.99,99,"7_1","7","1","2022_8_15_11-59-18_528.jpg",0.12,0.01,0.01,0.3,0,0,0.01,0,0.01,0,0.08,0.01,0.08,0,0.36,0,0,0,0
1,100,"7_1","7","1","2022_8_15_11-59-18_168.jpg",0,0,0.1,0.61,0,0,0.19,0,0,0,0,0.04,0,0,0.06,0,0,0,0
1,100,"7_1","7","1","2022_8_15_11-59-18_112.jpg",0.11,0.07,0.33,0.01,0,0.03,0.1,0.01,0,0,0,0.08,0,0,0.25,0,0,0,0.01
1,60,"7_1","7","1","2022_8_15_11-59-18_376.jpg",0,0.18,0.07,0.23,0,0,0.17,0,0,0,0.03,0.07,0.23,0,0.02,0,0,0,0
0.99,98,"7_1","7","1","2022_8_15_11-59-18_312.jpg",0.01,0.05,0.04,0.09,0,0,0.08,0,0,0,0.49,0,0.11,0,0.11,0,0.01,0,0
1,98,"7_2","7","2","2022_8_15_12-19-36_704.jpg",0,0.04,0.02,0.49,0,0,0.04,0,0,0,0.27,0.06,0,0,0.02,0,0,0,0.06
1.01,70,"7_2","7","2","2022_8_15_12-19-36_184.jpg",0.03,0.06,0,0,0,0,0.06,0,0,0,0.43,0,0,0,0.34,0.09,0,0,0
1,100,"7_2","7","2","2022_8_15_12-19-36_432.jpg",0.02,0.12,0,0.04,0,0,0.02,0,0,0.2,0.12,0,0.08,0,0.4,0,0,0,0
1,86,"7_2","7","2","2022_8_15_12-19-36_504.jpg",0.07,0.12,0,0,0,0,0.09,0,0,0,0.3,0.02,0.19,0,0.21,0,0,0,0
1,96,"7_2","7","2","2022_8_15_12-19-36_64.jpg",0.04,0.02,0.27,0.17,0,0,0,0,0,0,0.17,0.04,0,0,0.29,0,0,0,0
1,100,"7_2","7","2","2022_8_15_12-19-36_160.jpg",0.22,0.22,0.08,0.04,0,0,0,0,0,0,0.4,0,0.04,0,0,0,0,0,0
1,100,"7_2","7","2","2022_8_15_12-19-36_40.jpg",0,0,0,0,0,0,0,0,0,0,0.98,0,0,0,0.02,0,0,0,0
1,100,"7_2","7","2","2022_8_15_12-19-36_472.jpg",0,0,0.02,0,0.12,0,0.02,0,0,0.02,0.26,0,0.08,0,0.48,0,0,0,0
1,100,"7_2","7","2","2022_8_15_12-19-36_248.jpg",0,0,0.02,0.06,0,0,0.24,0,0,0,0,0.16,0,0,0.48,0.04,0,0,0
1,100,"7_2","7","2","2022_8_15_12-19-36_72.jpg",0,0,0.12,0.26,0.02,0,0,0.02,0,0,0.02,0.02,0.28,0,0.24,0,0,0,0.02
1,100,"7_2","7","2","2022_8_15_12-19-36_304.jpg",0,0,0,0,0,0,0.02,0,0,0.14,0,0.46,0,0,0.38,0,0,0,0
1,88,"7_2","7","2","2022_8_15_12-19-36_328.jpg",0,0,0,0.05,0,0,0.02,0,0,0.07,0.09,0.11,0.36,0,0.3,0,0,0,0
1,100,"7_2","7","2","2022_8_15_12-19-36_136.jpg",0.02,0.3,0,0.06,0,0,0,0,0,0,0.62,0,0,0,0,0,0,0,0
1,100,"7_2","7","2","2022_8_15_12-19-36_88.jpg",0,0.12,0,0.66,0,0,0.04,0,0,0,0.12,0,0,0,0.04,0,0,0,0.02
1,100,"7_2","7","2","2022_8_15_12-19-36_376.jpg",0,0,0,0.06,0,0,0.04,0,0,0,0.06,0.42,0,0,0.42,0,0,0,0
1,100,"7_2","7","2","2022_8_15_12-19-36_536.jpg",0.34,0.2,0.1,0.1,0.02,0,0.02,0,0,0,0.12,0,0,0,0.1,0,0,0,0
1,80,"7_2","7","2","2022_8_15_12-19-36_192.jpg",0,0,0,0,0,0,0.07,0,0,0,0.78,0,0.07,0,0.05,0,0.03,0,0
1,100,"7_2","7","2","2022_8_15_12-19-36_152.jpg",0.04,0.22,0,0.14,0,0,0,0,0,0,0.6,0,0,0,0,0,0,0,0
0.99,98,"7_2","7","2","2022_8_15_12-19-36_80.jpg",0,0.02,0.02,0.1,0,0,0.02,0.02,0,0,0.63,0.02,0.06,0,0.06,0,0.04,0,0
0.99,98,"7_2","7","2","2022_8_15_12-19-36_48.jpg",0.06,0.1,0.12,0.02,0,0,0,0,0,0,0.39,0.12,0,0,0.18,0,0,0,0
0.99,88,"7_2","7","2","2022_8_15_12-19-36_496.jpg",0,0.07,0,0,0.07,0,0,0.02,0,0,0.36,0,0.36,0,0.11,0,0,0,0
1,100,"7_2","7","2","2022_8_15_12-19-36_24.jpg",0.34,0.02,0,0,0,0,0.02,0.26,0,0,0,0.02,0,0,0.34,0,0,0,0
0.99,38,"7_2","7","2","2022_8_15_12-19-36_392.jpg",0,0.05,0,0.05,0,0,0.26,0,0,0,0.16,0.05,0,0,0.42,0,0,0,0
0.99,96,"7_2","7","2","2022_8_15_12-19-36_552.jpg",0.02,0.21,0,0,0,0,0.04,0,0,0,0.58,0.02,0.02,0,0.1,0,0,0,0
1,100,"7_2","7","2","2022_8_15_12-19-36_424.jpg",0,0,0,0,0,0,0.06,0,0,0.44,0.02,0.04,0.44,0,0,0,0,0,0
1,100,"7_2","7","2","2022_8_15_12-19-36_440.jpg",0.02,0.14,0,0.22,0,0,0,0,0,0,0.06,0.02,0,0,0.54,0,0,0,0
1,100,"7_2","7","2","2022_8_15_12-19-36_416.jpg",0.02,0.1,0,0,0,0,0.08,0,0,0,0.34,0.02,0.34,0,0.1,0,0,0,0
1,100,"7_2","7","2","2022_8_15_12-19-36_32.jpg",0.1,0,0.08,0,0,0,0.02,0.1,0,0,0.48,0.02,0,0,0.2,0,0,0,0
0.99,98,"7_2","7","2","2022_8_15_12-19-36_208.jpg",0,0.02,0,0.04,0,0,0.16,0,0,0,0,0.08,0,0,0.69,0,0,0,0
0.99,98,"7_2","7","2","2022_8_15_12-19-36_8.jpg",0.41,0.08,0.02,0.04,0,0,0.1,0.02,0,0,0.02,0.06,0.04,0,0.2,0,0,0,0
1,100,"7_2","7","2","2022_8_15_12-19-36_688.jpg",0,0.34,0,0.44,0,0,0,0,0,0,0,0.14,0,0,0.08,0,0,0,0
1,100,"7_2","7","2","2022_8_15_12-19-36_584.jpg",0,0.08,0.08,0.22,0,0,0,0,0,0,0.36,0.08,0.12,0,0.06,0,0,0,0
1,98,"7_2","7","2","2022_8_15_12-19-36_408.jpg",0,0.12,0,0.02,0,0,0.04,0,0,0.08,0.27,0,0.43,0,0.04,0,0,0,0
1,100,"7_2","7","2","2022_8_15_12-19-36_592.jpg",0.02,0.36,0,0.16,0,0,0.02,0,0,0,0.26,0.14,0,0,0.04,0,0,0,0
1,100,"7_2","7","2","2022_8_15_12-19-36_544.jpg",0.02,0.32,0,0.1,0,0,0,0,0,0,0.12,0,0.28,0,0.16,0,0,0,0
0.99,98,"7_2","7","2","2022_8_15_12-19-36_384.jpg",0.02,0.08,0.02,0.06,0,0,0.18,0,0,0.02,0.41,0.04,0,0,0.16,0,0,0,0
1,100,"7_2","7","2","2022_8_15_12-19-36_568.jpg",0,0,0,0,0,0,0,0,0,0,1,0,0,0,0,0,0,0,0
1,98,"7_2","7","2","2022_8_15_12-19-36_96.jpg",0,0.1,0.04,0.51,0,0,0,0,0,0,0.27,0.02,0,0,0.06,0,0,0,0
1,100,"7_2","7","2","2022_8_15_12-19-36_608.jpg",0,0.3,0.02,0.56,0,0,0,0,0,0,0.02,0.04,0,0,0.06,0,0,0,0
1,100,"7_2","7","2","2022_8_15_12-19-36_672.jpg",0.02,0.4,0.12,0.14,0,0,0,0,0,0,0.28,0.04,0,0,0,0,0,0,0
1,100,"7_2","7","2","2022_8_15_12-19-36_296.jpg",0.02,0,0,0,0,0,0,0,0,0,0.02,0.36,0.12,0,0.48,0,0,0,0
1,100,"7_2","7","2","2022_8_15_12-19-36_256.jpg",0,0,0,0,0,0,0.06,0,0,0,0,0.66,0,0,0.28,0,0,0,0
1,100,"7_2","7","2","2022_8_15_12-19-36_640.jpg",0.1,0.34,0,0.18,0,0,0.02,0,0,0,0.36,0,0,0,0,0,0,0,0
1,100,"7_2","7","2","2022_8_15_12-19-36_480.jpg",0,0.02,0,0,0,0,0,0,0,0,0.78,0,0.12,0,0.08,0,0,0,0
1,100,"7_2","7","2","2022_8_15_12-19-36_320.jpg",0,0,0,0.02,0,0,0.12,0,0,0.02,0,0.28,0,0,0.56,0,0,0,0
1,98,"7_2","7","2","2022_8_15_12-19-36_624.jpg",0.02,0.33,0.02,0.27,0,0,0,0,0,0,0.22,0.02,0.08,0,0.04,0,0,0,0
1,100,"7_2","7","2","2022_8_15_12-19-36_464.jpg",0.08,0,0,0.02,0.02,0,0.06,0.1,0,0,0.08,0.08,0,0,0.56,0,0,0,0
1,100,"7_2","7","2","2022_8_15_12-19-36_648.jpg",0,0.38,0,0.46,0,0,0,0,0,0,0.14,0.02,0,0,0,0,0,0,0
1,100,"7_2","7","2","2022_8_15_12-19-36_696.jpg",0,0.08,0.02,0.48,0,0,0.04,0,0,0,0.2,0.02,0.06,0,0.08,0,0,0,0.02
1,100,"7_2","7","2","2022_8_15_12-19-36_128.jpg",0,0.22,0,0.14,0,0,0.02,0,0,0,0.54,0.02,0,0,0.06,0,0,0,0
0.99,97,"8_1","8","1","2022_10_11_10-06-06_376.jpg",0.31,0.01,0.04,0.23,0.07,0,0.07,0.02,0,0,0.09,0.05,0,0,0.09,0,0,0.01,0
1,100,"8_1","8","1","2022_10_11_10-06-06_288.jpg",0.3,0.06,0.05,0.1,0,0.01,0.21,0,0,0,0.05,0,0,0,0.22,0,0,0,0
1,100,"8_1","8","1","2022_10_11_10-06-06_304.jpg",0.05,0.06,0.13,0.42,0,0,0.06,0,0,0,0.13,0,0,0,0.15,0,0,0,0
0.99,99,"8_1","8","1","2022_10_11_10-06-06_512.jpg",0.07,0,0.01,0.39,0.06,0,0.32,0.02,0,0,0,0,0,0,0.12,0,0,0,0
0.99,97,"8_1","8","1","2022_10_11_10-06-06_592.jpg",0.05,0.03,0.13,0.59,0,0,0.15,0,0,0,0.01,0,0,0,0.03,0,0,0,0
1,100,"8_1","8","1","2022_10_11_10-06-06_224.jpg",0.09,0.03,0.05,0.52,0.05,0,0.12,0,0,0,0,0,0,0,0.14,0,0,0,0
0.99,92,"8_1","8","1","2022_10_11_10-06-06_480.jpg",0.28,0.03,0.01,0.24,0.03,0,0.36,0,0,0,0,0.01,0,0,0.03,0,0,0,0
1,94,"8_1","8","1","2022_10_11_10-06-06_56.jpg",0.05,0.02,0.09,0.47,0.04,0,0.21,0,0,0,0,0.02,0,0,0.1,0,0,0,0
0.99,97,"8_1","8","1","2022_10_11_10-06-06_352.jpg",0.19,0.06,0.01,0.11,0,0.02,0.09,0,0,0,0.29,0.12,0,0,0.1,0,0,0,0
1.01,84,"8_1","8","1","2022_10_11_10-06-06_392.jpg",0.3,0.05,0.07,0.17,0,0,0.23,0,0,0,0.1,0.01,0,0,0.08,0,0,0,0
1,100,"8_1","8","1","2022_10_11_10-06-06_368.jpg",0.15,0.15,0.11,0.07,0,0,0.52,0,0,0,0,0,0,0,0,0,0,0,0
1,100,"8_1","8","1","2022_10_11_10-06-06_312.jpg",0.1,0.16,0.05,0.49,0.04,0,0.06,0,0,0,0.01,0.03,0,0,0.06,0,0,0,0
1,97,"8_1","8","1","2022_10_11_10-06-06_520.jpg",0.27,0.01,0.32,0.28,0,0,0.11,0,0,0,0,0,0,0,0,0,0,0,0.01
0.99,81,"8_1","8","1","2022_10_11_10-06-06_640.jpg",0,0.01,0.07,0.19,0.06,0,0.17,0.05,0,0,0.27,0.01,0,0,0.16,0,0,0,0
0.99,99,"8_1","8","1","2022_10_11_10-06-06_456.jpg",0.17,0.02,0.03,0.22,0,0,0.11,0.05,0,0,0.17,0.02,0.07,0,0.13,0,0,0,0
1,100,"8_1","8","1","2022_10_11_10-06-06_176.jpg",0.07,0.12,0.15,0.06,0,0,0.47,0,0,0,0.1,0,0,0,0.03,0,0,0,0
0.99,94,"8_1","8","1","2022_10_11_10-06-06_656.jpg",0.11,0.05,0.04,0.23,0.01,0,0.23,0,0,0.02,0.12,0.05,0,0,0.13,0,0,0,0
0.99,91,"8_1","8","1","2022_10_11_10-06-06_80.jpg",0.14,0.02,0.05,0.32,0,0.03,0.24,0,0,0,0,0.07,0.01,0,0.11,0,0,0,0
0.99,93,"8_1","8","1","2022_10_11_10-06-06_536.jpg",0.32,0.02,0.04,0.16,0.02,0.05,0.23,0.01,0,0,0.09,0.02,0,0,0.03,0,0,0,0
1,100,"8_1","8","1","2022_10_11_10-06-06_232.jpg",0.02,0,0.06,0.56,0,0,0.26,0,0,0,0,0,0,0,0.1,0,0,0,0
0.98,98,"8_1","8","1","2022_10_11_10-06-06_120.jpg",0.21,0.13,0.1,0.06,0,0,0.16,0,0.01,0.01,0.22,0.01,0,0,0.05,0,0,0,0.02
0.98,98,"8_1","8","1","2022_10_11_10-06-06_576.jpg",0.15,0.04,0.13,0.24,0,0,0.18,0.04,0,0,0.1,0.03,0,0,0.07,0,0,0,0
0.99,99,"8_1","8","1","2022_10_11_10-06-06_112.jpg",0.16,0.03,0.06,0.07,0.09,0.01,0.11,0,0,0,0.12,0,0,0,0.34,0,0,0,0
0.98,91,"8_1","8","1","2022_10_11_10-06-06_384.jpg",0.14,0.02,0.03,0.13,0.03,0,0.27,0,0,0,0.15,0.02,0,0,0.19,0,0,0,0
1,100,"8_1","8","1","2022_10_11_10-06-06_344.jpg",0.05,0.08,0.04,0.13,0.02,0.03,0.3,0,0,0,0.21,0,0,0,0.14,0,0,0,0
0.98,89,"8_1","8","1","2022_10_11_10-06-06_648.jpg",0,0.02,0.02,0.12,0.12,0,0.12,0,0,0,0.37,0.12,0,0,0.08,0,0.01,0,0
0.99,82,"8_1","8","1","2022_10_11_10-06-06_488.jpg",0.11,0.04,0.11,0.35,0.01,0,0.3,0,0,0,0,0,0,0,0.07,0,0,0,0
1,94,"8_1","8","1","2022_10_11_10-06-06_560.jpg",0.1,0.02,0.04,0.14,0,0,0.19,0.06,0,0.01,0.31,0.01,0,0,0.12,0,0,0,0
1,100,"8_1","8","1","2022_10_11_10-06-06_296.jpg",0.03,0.06,0.23,0.31,0.03,0,0.07,0.01,0,0,0,0,0,0,0.26,0,0,0,0
0.99,97,"8_1","8","1","2022_10_11_10-06-06_40.jpg",0.15,0.03,0.09,0.33,0,0,0.18,0,0,0,0,0.03,0.16,0,0.02,0,0,0,0
1,98,"8_1","8","1","2022_10_11_10-06-06_72.jpg",0.14,0.08,0.05,0.33,0,0,0.26,0,0,0,0,0.03,0,0,0.1,0,0,0,0.01
1,100,"8_1","8","1","2022_10_11_10-06-06_104.jpg",0.13,0.02,0.11,0.03,0.06,0.01,0.16,0,0,0,0.34,0.03,0,0,0.11,0,0,0,0
0.99,86,"8_1","8","1","2022_10_11_10-06-06_136.jpg",0.21,0.03,0.08,0.23,0,0,0.26,0,0,0,0,0,0,0,0.15,0,0,0.03,0
1,100,"8_1","8","1","2022_10_11_10-06-06_128.jpg",0.19,0.09,0.18,0.15,0,0,0.16,0,0,0,0.06,0,0.01,0,0.16,0,0,0,0
1,100,"8_1","8","1","2022_10_11_10-06-06_216.jpg",0.03,0.01,0.22,0.45,0,0.02,0.06,0,0,0,0,0,0,0,0.2,0,0,0,0.01
1,100,"8_1","8","1","2022_10_11_10-06-06_632.jpg",0.14,0.04,0,0.11,0,0,0.06,0,0,0,0.55,0.03,0,0,0.07,0,0,0,0
1,92,"8_1","8","1","2022_10_11_10-06-06_584.jpg",0.35,0.01,0.09,0.15,0,0,0.24,0,0,0,0.05,0,0,0,0.11,0,0,0,0
0.99,98,"8_1","8","1","2022_10_11_10-06-06_0.jpg",0.09,0.06,0.07,0.28,0,0,0.13,0,0,0,0.14,0.01,0,0,0.21,0,0,0,0
0.99,89,"8_1","8","1","2022_10_11_10-06-06_472.jpg",0.18,0.04,0.04,0.38,0,0,0.18,0,0,0,0,0.01,0,0,0.16,0,0,0,0
0.99,99,"8_1","8","1","2022_10_11_10-06-06_200.jpg",0.12,0.06,0.12,0.45,0,0,0.05,0,0,0,0.03,0,0,0,0.15,0,0.01,0,0
0.99,98,"8_1","8","1","2022_10_11_10-06-06_160.jpg",0.11,0.08,0.29,0.23,0,0,0.05,0.07,0,0,0.13,0,0,0,0.03,0,0,0,0
1,100,"8_1","8","1","2022_10_11_10-06-06_208.jpg",0.14,0,0.02,0.59,0,0,0.03,0,0,0,0,0.01,0,0,0.21,0,0,0,0
1,100,"8_1","8","1","2022_10_11_10-06-06_272.jpg",0.08,0.03,0.32,0.01,0.02,0.04,0.24,0,0,0,0.04,0,0,0,0.17,0.04,0,0,0.01
1,100,"8_1","8","1","2022_10_11_10-06-06_264.jpg",0.24,0,0.07,0.03,0.02,0,0.29,0.11,0,0,0.02,0,0,0,0.15,0.05,0,0,0.02
1,96,"8_1","8","1","2022_10_11_10-06-06_64.jpg",0.03,0.08,0.14,0.33,0,0,0.26,0,0,0,0,0.02,0,0,0.14,0,0,0,0
1.01,91,"8_1","8","1","2022_10_11_10-06-06_568.jpg",0.07,0.07,0.08,0.26,0,0,0.3,0,0,0,0.08,0.01,0,0,0.14,0,0,0,0
1,100,"8_1","8","1","2022_10_11_10-06-06_360.jpg",0.22,0.02,0,0.48,0,0,0.02,0,0,0,0.2,0.05,0,0,0.01,0,0,0,0
1,96,"8_1","8","1","2022_10_11_10-06-06_416.jpg",0.18,0.06,0.01,0.15,0,0.06,0.29,0.01,0,0,0.15,0.04,0,0,0.05,0,0,0,0
0.98,97,"8_1","8","1","2022_10_11_10-06-06_152.jpg",0.06,0.1,0.07,0.14,0,0,0.46,0,0,0,0,0,0,0,0.15,0,0,0,0
0.99,94,"8_1","8","1","2022_10_11_10-06-06_48.jpg",0.19,0.03,0.04,0.35,0,0,0.21,0,0,0,0,0.03,0,0,0.14,0,0,0,0
0.99,98,"8_2","8","2","2022_10_11_10-22-05_296.jpg",0.27,0.02,0.18,0.22,0,0.02,0.02,0.14,0,0,0,0.02,0,0,0.1,0,0,0,0
1,100,"8_2","8","2","2022_10_11_10-22-05_80.jpg",0.06,0,0.02,0.1,0,0,0.1,0,0,0,0.38,0.12,0,0,0.22,0,0,0,0
1,100,"8_2","8","2","2022_10_11_10-22-05_8.jpg",0.12,0.16,0.02,0.24,0,0.02,0.06,0,0,0,0.08,0.1,0,0,0.2,0,0,0,0
1,100,"8_2","8","2","2022_10_11_10-22-05_248.jpg",0.1,0.14,0.06,0.28,0,0,0.02,0.02,0,0,0.08,0,0,0,0.26,0,0,0,0.04
0.99,94,"8_2","8","2","2022_10_11_10-22-05_96.jpg",0,0.02,0.04,0.02,0,0,0.21,0,0,0,0.64,0,0,0,0.06,0,0,0,0
0.99,98,"8_2","8","2","2022_10_11_10-22-05_472.jpg",0.08,0.08,0.08,0.16,0,0,0.29,0,0,0,0.12,0,0,0,0.18,0,0,0,0
1.01,90,"8_2","8","2","2022_10_11_10-22-05_440.jpg",0.16,0.07,0,0.07,0,0,0.36,0.02,0,0.11,0.07,0.02,0,0,0.13,0,0,0,0
1,94,"8_2","8","2","2022_10_11_10-22-05_184.jpg",0.19,0.04,0.06,0.13,0,0,0.19,0,0,0,0.02,0.11,0,0,0.26,0,0,0,0
0.99,96,"8_2","8","2","2022_10_11_10-22-05_360.jpg",0.29,0.02,0.04,0.08,0.02,0.02,0.04,0,0,0,0.27,0,0,0,0.21,0,0,0,0
1,100,"8_2","8","2","2022_10_11_10-22-05_40.jpg",0.14,0.02,0.06,0.06,0,0.02,0.1,0,0,0,0.24,0,0,0,0.36,0,0,0,0
1,100,"8_2","8","2","2022_10_11_10-22-05_200.jpg",0.1,0.18,0,0.2,0,0,0.22,0,0,0,0.28,0,0,0,0.02,0,0,0,0
1,98,"8_2","8","2","2022_10_11_10-22-05_144.jpg",0.14,0.1,0.02,0.08,0,0,0.29,0,0,0,0,0.1,0,0,0.27,0,0,0,0
1,100,"8_2","8","2","2022_10_11_10-22-05_224.jpg",0.1,0.06,0.1,0.38,0.04,0,0.04,0,0,0,0.06,0.02,0,0,0.14,0,0,0.04,0.02
1,100,"8_2","8","2","2022_10_11_10-22-05_400.jpg",0.06,0,0.02,0,0,0,0,0.06,0,0,0.1,0.08,0.04,0,0.6,0,0,0.04,0
1,100,"8_2","8","2","2022_10_11_10-22-05_240.jpg",0.08,0.12,0.02,0.46,0,0,0,0.02,0,0,0.04,0.12,0,0,0.14,0,0,0,0
1,100,"8_2","8","2","2022_10_11_10-22-05_208.jpg",0.1,0.08,0.02,0.06,0,0,0.04,0,0,0,0.64,0.02,0,0,0,0,0,0,0.04
0.99,98,"8_2","8","2","2022_10_11_10-22-05_176.jpg",0.08,0.14,0.04,0.27,0,0,0.24,0,0,0,0.1,0.06,0,0,0.06,0,0,0,0
0.99,92,"8_2","8","2","2022_10_11_10-22-05_416.jpg",0.07,0.04,0,0,0,0,0.04,0.17,0,0,0,0.02,0,0,0.65,0,0,0,0
1,98,"8_2","8","2","2022_10_11_10-22-05_136.jpg",0.06,0.04,0.04,0.02,0,0,0.33,0,0,0,0.31,0,0,0,0.2,0,0,0,0
0.99,98,"8_2","8","2","2022_10_11_10-22-05_192.jpg",0.27,0.08,0,0.2,0,0,0.22,0,0,0,0.06,0.02,0,0,0.14,0,0,0,0
1,100,"8_2","8","2","2022_10_11_10-22-05_32.jpg",0.08,0.02,0.06,0.04,0,0.02,0.08,0,0,0,0.44,0,0,0,0.26,0,0,0,0
1,100,"8_2","8","2","2022_10_11_10-22-05_232.jpg",0.12,0.18,0.06,0.28,0,0,0,0,0,0,0.18,0.14,0,0,0.04,0,0,0,0
1,98,"8_2","8","2","2022_10_11_10-22-05_72.jpg",0.04,0,0.04,0.16,0,0,0.35,0,0,0,0.04,0.02,0,0,0.35,0,0,0,0
0.99,98,"8_2","8","2","2022_10_11_10-22-05_16.jpg",0.06,0.18,0.12,0.35,0.02,0,0.08,0,0,0,0.06,0.12,0,0,0,0,0,0,0
1,100,"8_2","8","2","2022_10_11_10-22-05_312.jpg",0.24,0.02,0.14,0.04,0,0,0.04,0,0,0,0.44,0.06,0,0,0,0,0,0,0.02
1,100,"8_2","8","2","2022_10_11_10-22-05_112.jpg",0.02,0.04,0,0.06,0,0,0.36,0.04,0,0,0,0.06,0.02,0,0.4,0,0,0,0
1,100,"8_2","8","2","2022_10_11_10-22-05_328.jpg",0.12,0.2,0.04,0.34,0.02,0,0.02,0,0,0,0.18,0.04,0,0,0.04,0,0,0,0
1,100,"8_2","8","2","2022_10_11_10-22-05_392.jpg",0.04,0,0.24,0.26,0,0.02,0.04,0.02,0,0,0.22,0.06,0,0,0.1,0,0,0,0
1,92,"8_2","8","2","2022_10_11_10-22-05_336.jpg",0.04,0.09,0.15,0.59,0,0.02,0,0.02,0,0,0.02,0.07,0,0,0,0,0,0,0
1,100,"8_2","8","2","2022_10_11_10-22-05_120.jpg",0.04,0.06,0.04,0.2,0,0,0.06,0,0,0,0.24,0.2,0,0,0.16,0,0,0,0
1.01,94,"8_2","8","2","2022_10_11_10-22-05_432.jpg",0,0.09,0.04,0.3,0,0,0.09,0.04,0,0,0.26,0.04,0,0,0.15,0,0,0,0
1,100,"8_2","8","2","2022_10_11_10-22-05_256.jpg",0.08,0.1,0.1,0.04,0,0.04,0,0,0,0,0.26,0.1,0,0,0.26,0,0,0,0.02
0.99,86,"8_2","8","2","2022_10_11_10-22-05_272.jpg",0.6,0.05,0.02,0.23,0,0,0.07,0,0,0,0,0,0,0,0.02,0,0,0,0
1,100,"8_2","8","2","2022_10_11_10-22-05_384.jpg",0.1,0,0.06,0.06,0,0.26,0,0.02,0,0,0.12,0.04,0.22,0,0.12,0,0,0,0
1,100,"8_2","8","2","2022_10_11_10-22-05_264.jpg",0.06,0.24,0.1,0.34,0,0,0,0.02,0,0,0.1,0.12,0,0,0.02,0,0,0,0
1,88,"8_2","8","2","2022_10_11_10-22-05_344.jpg",0.05,0.16,0.11,0.18,0,0,0.02,0.14,0,0,0.25,0,0,0,0.09,0,0,0,0
1,92,"8_2","8","2","2022_10_11_10-22-05_456.jpg",0.11,0.04,0.13,0.09,0,0,0.15,0,0,0,0.22,0,0,0,0.26,0,0,0,0
0.98,98,"8_2","8","2","2022_10_11_10-22-05_376.jpg",0.08,0.08,0.14,0.1,0,0.08,0.02,0.04,0,0,0.16,0.04,0,0,0.24,0,0,0,0
1,100,"8_2","8","2","2022_10_11_10-22-05_320.jpg",0.16,0.12,0.18,0.14,0.02,0,0,0,0,0,0.12,0.22,0,0,0.04,0,0,0,0
0.99,98,"8_2","8","2","2022_10_11_10-22-05_152.jpg",0,0.04,0.06,0.04,0,0,0.2,0,0,0,0.14,0,0,0,0.51,0,0,0,0
1,94,"8_2","8","2","2022_10_11_10-22-05_88.jpg",0,0,0.02,0,0,0,0.17,0,0,0,0.79,0,0,0,0.02,0,0,0,0
0.99,90,"8_2","8","2","2022_10_11_10-22-05_56.jpg",0,0,0.02,0.04,0,0,0.24,0,0,0,0.29,0.09,0,0,0.31,0,0,0,0
0.99,90,"8_2","8","2","2022_10_11_10-22-05_280.jpg",0.58,0.09,0.02,0.18,0.02,0,0.02,0.02,0,0,0,0.02,0.02,0,0.02,0,0,0,0
1,100,"8_2","8","2","2022_10_11_10-22-05_288.jpg",0.2,0,0.3,0.22,0,0,0.14,0.06,0,0,0,0.04,0,0,0.04,0,0,0,0
0.99,86,"8_2","8","2","2022_10_11_10-22-05_48.jpg",0.07,0.07,0.09,0.02,0,0,0.16,0.02,0,0,0.07,0.12,0.02,0,0.35,0,0,0,0
0.99,98,"8_2","8","2","2022_10_11_10-22-05_448.jpg",0.08,0,0.06,0.12,0.04,0,0.18,0.02,0,0,0.02,0.1,0,0,0.33,0,0,0,0.04
1,100,"8_2","8","2","2022_10_11_10-22-05_216.jpg",0.32,0.06,0,0.26,0,0,0,0,0,0,0.36,0,0,0,0,0,0,0,0
1,100,"8_2","8","2","2022_10_11_10-22-05_0.jpg",0.02,0.12,0.14,0.22,0,0,0.02,0,0,0,0.06,0.22,0,0,0.2,0,0,0,0
1,96,"8_2","8","2","2022_10_11_10-22-05_64.jpg",0.04,0,0,0,0,0,0.44,0,0,0,0,0,0,0,0.52,0,0,0,0
1,100,"8_2","8","2","2022_10_11_10-22-05_424.jpg",0.04,0.02,0.06,0.04,0,0.1,0.04,0,0,0,0,0.06,0.06,0,0.56,0,0,0,0.02
