"key","transect","site","soft_sediment","shell_debris","cobble","pebble","hard_substrate","anthro_substrate","unknown","filamentous_brown","kelp_holdfast","sargassum","sugar_kelp","green_algae","textured_kelp","other_brown_kelp","red_algae","coralline_algae","kelp_bryozoan","sessile_invert","mobile_invert"
"1_1","1","1",1,13,8,0,0,0,0,0,0,0,66,0,7,0,0,0,0,0,0
"1_1","1","1",8,5,3,4,0,0,2,0,0,0,84,0,0,0,0,0,0,0,0
"1_1","1","1",4,17,8,0,0,0,0,0,0,0,80,1,0,0,0,0,1,0,0
"1_1","1","1",3,5,4,0,0,0,0,0,0,0,75,8,0,0,0,0,0,0,0
"1_1","1","1",2,1,2,0,0,0,3,0,0,0,70,1,0,0,1,0,0,0,0
"1_1","1","1",0,14,4,1,0,0,1,0,0,0,56,1,1,0,1,0,2,0,0
"1_1","1","1",5,11,0,6,0,0,0,0,0,0,49,3,8,0,0,0,1,0,0
"1_1","1","1",1,10,1,0,0,0,0,0,0,0,47,2,0,0,0,0,0,0,0
"1_1","1","1",1,4,5,0,0,0,6,0,0,0,61,0,13,0,0,0,1,0,0
"1_1","1","1",1,13,1,0,0,0,0,0,0,0,74,0,0,0,0,0,0,0,0
"1_1","1","1",9,15,8,0,0,0,7,0,0,0,84,0,0,0,0,0,0,0,0
"1_1","1","1",9,6,1,0,2,0,1,0,0,0,65,1,0,0,2,0,1,0,0
"1_1","1","1",1,2,5,1,0,0,21,0,0,0,66,1,2,0,2,0,1,0,0
"1_1","1","1",7,8,4,0,0,0,5,0,0,0,72,2,0,0,0,0,2,0,0
"1_1","1","1",4,15,16,0,0,0,2,1,0,0,67,1,0,0,0,0,0,0,0
"1_1","1","1",0,7,0,3,0,0,0,0,0,0,59,1,0,0,3,0,0,0,0
"1_1","1","1",0,11,3,1,0,0,8,0,0,0,48,3,0,0,0,0,1,0,0
"1_1","1","1",6,12,5,0,0,0,1,0,0,0,80,2,0,0,3,0,2,0,0
"1_1","1","1",4,13,0,3,0,0,0,0,0,0,68,8,0,0,0,0,0,0,0
"1_1","1","1",0,8,2,3,0,0,0,0,0,0,92,0,0,0,0,0,1,0,0
"1_1","1","1",0,3,0,7,0,0,5,0,0,0,52,1,8,0,0,0,1,0,0
"1_1","1","1",8,19,7,0,0,0,7,0,0,0,48,2,29,0,0,0,0,0,0
"1_1","1","1",4,6,5,1,0,0,1,0,0,0,63,0,0,0,0,0,1,2,0
"1_1","1","1",1,6,1,0,0,0,0,0,0,0,67,0,0,0,0,0,0,0,0
"1_1","1","1",0,8,0,9,0,0,1,0,0,0,53,0,3,0,20,0,1,0,0
"1_2","2","1",6,13,5,1,0,0,2,0,0,0,84,0,0,0,3,0,1,0,0
"1_2","2","1",1,13,7,7,1,0,1,6,0,0,59,2,0,0,0,0,0,0,0
"1_2","2","1",1,7,7,0,0,0,0,0,0,0,81,0,11,0,0,0,1,0,0
"1_2","2","1",2,6,1,1,0,0,3,0,0,0,68,3,0,0,0,0,2,0,0
"1_2","2","1",9,15,0,6,0,0,5,0,0,0,44,3,0,0,1,0,0,0,0
"1_2","2","1",5,13,3,1,0,0,2,0,0,0,49,0,0,0,0,0,0,0,0
"1_2","2","1",0,18,3,0,5,0,1,0,0,0,48,0,0,0,0,0,1,0,0
"1_2","2","1",2,11,1,9,0,0,0,0,0,0,67,2,0,0,0,0,0,0,0
"1_2","2","1",0,1,0,0,0,0,0,0,0,0,92,8,0,0,0,0,0,0,0
"1_2","2","1",2,9,5,0,0,0,0,0,0,0,48,1,0,3,0,0,0,0,0
"1_2","2","1",9,8,7,3,0,0,5,0,0,0,75,0,29,0,0,0,6,0,0
"1_2","2","1",0,3,2,3,0,0,6,0,0,0,45,3,1,0,2,0,0,0,0
"1_2","2","1",2,20,1,4,0,0,1,0,0,0,56,0,0,0,0,0,1,0,0
"1_2","2","1",0,15,0,0,0,0,1,0,0,0,74,0,7,0,0,0,3,0,1
"1_2","2","1",0,17,0,0,0,0,0,0,0,0,67,8,0,0,0,0,2,2,0
"1_2","2","1",0,21,1,0,2,0,4,0,0,0,67,1,0,0,0,0,0,0,0
"1_2","2","1",4,6,5,0,0,0,0,0,0,0,74,0,0,0,0,0,1,0,0
"1_2","2","1",0,6,0,4,0,0,0,0,0,0,74,3,0,0,0,0,0,0,0
"1_2","2","1",6,5,16,1,0,0,6,0,0,0,98,0,0,0,0,0,0,0,0
"1_2","2","1",1,1,3,0,0,0,3,1,0,0,69,2,0,0,1,0,2,0,0
"1_2","2","1",2,1,2,2,0,0,0,0,0,0,53,7,0,0,0,0,1,0,0
"1_2","2","1",0,6,3,0,0,0,1,0,0,0,66,0,0,0,15,0,0,0,0
"1_2","2","1",0,3,8,0,0,0,10,0,0,0,44,0,0,0,0,0,0,0,0
"1_2","2","1",1,14,0,4,0,0,1,0,0,0,28,2,0,0,0,0,1,0,0
"1_2","2","1",1,8,4,0,0,0,1,0,0,0,53,4,8,0,0,0,4,0,0
"1_3","3","1",1,13,0,0,0,0,4,0,0,0,44,3,0,0,0,0,1,0,0
"1_3","3","1",6,8,4,1,0,0,0,0,0,0,67,0,2,0,0,0,0,0,0
"1_3","3","1",2,12,1,1,0,0,0,1,0,0,78,0,0,0,0,0,0,0,0
"1_3","3","1",2,3,0,2,2,0,1,0,0,0,61,0,0,0,20,0,1,0,0
"1_3","3","1",4,1,4,1,1,0,0,0,0,0,80,0,0,0,2,0,1,0,0
"1_3","3","1",3,6,8,0,0,0,1,0,0,0,52,0,0,0,0,0,2,0,0
"1_3","3","1",9,5,2,1,0,0,4,0,0,0,51,3,0,0,0,0,0,0,0
"1_3","3","1",9,5,2,0,0,0,0,6,0,0,75,0,0,0,0,0,1,0,0
"1_3","3","1",3,2,5,7,0,0,6,0,0,0,74,6,0,0,0,0,1,0,0
"1_3","3","1",1,10,8,0,0,0,0,0,0,0,87,3,0,0,0,0,0,0,0
"1_3","3","1",0,6,0,0,0,0,9,0,0,0,43,0,0,0,0,0,1,0,0
"1_3","3","1",2,2,6,9,0,0,1,0,0,0,65,0,0,0,15,0,1,0,0
"1_3","3","1",0,17,7,0,0,0,2,0,0,0,59,0,29,0,0,0,1,0,0
"1_3","3","1",0,3,2,0,0,0,0,0,0,0,61,0,0,0,0,0,4,0,0
"1_3","3","1",3,13,7,1,0,0,1,0,0,0,52,2,0,0,0,0,0,0,0
"1_3","3","1",6,4,1,0,0,0,1,0,0,0,70,1,2,0,0,0,0,0,0
"1_3","3","1",2,7,2,0,0,0,1,0,0,0,53,1,0,0,0,0,0,0,0
"1_3","3","1",1,7,5,0,0,0,1,0,0,0,60,0,0,0,0,0,0,0,0
"1_3","3","1",4,11,1,7,0,0,1,0,0,0,65,1,0,0,0,0,0,0,0
"1_3","3","1",6,8,3,0,0,0,1,0,0,0,66,1,8,3,0,0,0,0,0
"1_3","3","1",0,20,5,0,0,0,5,0,0,0,84,1,0,0,3,0,0,0,0
"1_3","3","1",1,3,14,0,0,0,7,0,0,0,68,1,0,0,1,0,0,0,0
"1_3","3","1",2,28,0,0,0,0,1,0,0,0,47,7,6,0,0,0,2,0,0
"1_3","3","1",1,6,0,4,0,0,1,0,0,0,48,0,3,0,0,0,1,0,0
"1_3","3","1",0,13,1,0,0,0,8,0,0,0,82,0,0,0,0,0,1,0,0
"1_4","4","1",0,20,16,0,0,0,0,0,0,0,79,0,0,0,0,0,0,0,0
"1_4","4","1",9,13,14,1,0,0,4,0,0,0,66,2,2,0,1,0,1,0,0
"1_4","4","1",1,12,2,0,0,0,2,0,0,0,67,0,0,0,0,0,0,0,0
"1_4","4","1",6,4,0,0,0,0,6,0,0,0,84,8,0,0,0,0,0,0,0
"1_4","4","1",3,13,1,7,0,0,1,0,0,0,97,0,4,0,3,0,0,0,0
"1_4","4","1",6,3,4,0,0,0,6,0,0,0,61,0,5,0,0,0,0,0,0
"1_4","4","1",5,2,5,5,3,0,0,0,0,0,59,0,0,0,0,0,1,0,2
"1_4","4","1",1,6,0,1,0,0,1,0,0,0,74,3,0,0,0,0,1,0,0
"1_4","4","1",7,5,2,0,0,0,3,0,0,0,60,7,0,0,0,0,0,0,0
"1_4","4","1",7,3,3,6,0,0,0,0,0,0,53,0,0,0,3,0,0,0,0
"1_4","4","1",6,18,2,4,2,0,1,0,2,0,63,2,0,0,1,0,0,0,0
"1_4","4","1",1,17,3,0,0,0,0,0,0,0,66,0,0,0,2,0,1,0,0
"1_4","4","1",2,20,7,0,0,0,1,0,0,0,48,0,0,0,0,0,1,0,0
"1_4","4","1",0,6,2,0,0,0,1,0,0,0,61,0,0,0,0,0,0,0,0
"1_4","4","1",0,13,8,0,0,0,22,0,0,0,80,8,3,0,0,0,0,0,0
"1_4","4","1",8,16,7,1,5,0,9,0,0,0,44,1,0,0,0,0,1,0,0
"1_4","4","1",1,19,0,4,0,0,0,0,0,0,52,0,29,0,0,0,0,0,0
"1_4","4","1",3,7,4,0,0,0,3,0,0,0,74,1,0,0,2,0,0,0,0
"1_4","4","1",0,8,5,0,0,0,4,0,0,0,43,1,8,0,0,0,3,0,0
"1_4","4","1",1,13,19,3,0,0,1,0,0,0,65,6,2,0,0,0,2,0,0
"1_4","4","1",2,6,8,1,0,0,0,0,0,0,52,0,0,0,0,0,0,0,0
"1_4","4","1",4,12,7,8,0,0,0,0,0,0,84,2,0,0,0,0,1,0,0
"1_4","4","1",0,2,5,0,0,0,8,6,0,0,56,0,0,0,0,0,0,0,0
"1_4","4","1",6,1,2,0,0,0,7,0,0,0,68,0,0,0,0,0,0,0,0
"1_4","4","1",4,1,0,6,0,0,6,0,1,0,28,0,0,0,0,0,1,0,0
"2_1","1","2",7,22,2,11,0,0,54,1,0,0,9,0,22,0,4,1,0,0,0
"2_1","1","2",9,12,3,0,0,0,7,1,0,0,1,0,21,0,7,0,0,0,0
"2_1","1","2",9,0,0,11,14,0,8,1,0,0,0,0,10,0,0,0,0,0,2
"2_1","1","2",31,20,0,3,0,0,4,0,0,0,0,0,36,0,2,0,0,0,0
"2_1","1","2",16,46,3,18,0,0,2,0,0,0,0,3,38,0,12,0,0,0,0
"2_1","1","2",32,4,0,7,0,0,3,2,0,0,0,1,82,0,7,0,0,0,0
"2_1","1","2",12,23,0,3,0,0,2,0,0,0,0,0,92,0,15,0,0,0,0
"2_1","1","2",38,19,5,9,1,0,24,13,0,0,0,0,0,0,0,0,0,0,0
"2_1","1","2",3,28,2,3,0,0,5,0,0,0,8,0,39,0,5,0,0,0,0
"2_1","1","2",8,13,0,20,0,0,3,0,0,0,0,0,6,0,0,0,0,0,0
"2_1","1","2",11,4,1,4,0,0,10,0,0,0,0,0,16,0,1,0,0,0,0
"2_1","1","2",21,11,0,3,0,0,4,8,0,0,0,0,0,0,9,0,0,0,0
"2_1","1","2",15,18,0,10,0,0,3,3,0,0,0,0,63,0,8,0,0,0,0
"2_1","1","2",24,11,0,7,0,0,33,4,0,0,4,2,35,0,15,0,0,0,0
"2_1","1","2",50,8,3,8,6,0,9,3,0,0,0,0,47,0,5,0,0,0,0
"2_1","1","2",20,25,5,2,1,0,0,0,0,0,0,3,86,0,0,0,0,0,0
"2_1","1","2",6,12,4,6,0,0,48,19,0,0,0,0,20,0,11,0,0,0,0
"2_1","1","2",17,3,0,29,0,0,29,4,0,0,1,1,74,0,7,0,0,0,0
"2_1","1","2",26,14,3,2,0,0,9,0,0,0,0,0,2,0,3,0,0,0,0
"2_1","1","2",16,25,0,10,0,0,13,0,0,0,0,0,15,0,23,0,0,0,1
"2_1","1","2",1,35,0,0,1,0,4,2,0,0,0,0,41,0,7,0,0,0,0
"2_1","1","2",30,12,1,3,0,0,22,0,0,0,0,0,0,0,0,0,0,0,0
"2_1","1","2",12,25,14,15,0,0,5,0,0,0,0,0,14,0,5,0,0,0,0
"2_1","1","2",9,24,2,7,0,0,25,7,0,0,1,0,0,0,6,0,0,0,1
"2_1","1","2",4,0,2,4,0,3,38,0,0,0,1,1,50,0,1,0,0,0,0
"2_2","2","2",12,16,0,8,0,0,2,0,0,0,0,1,23,0,11,0,0,0,0
"2_2","2","2",16,25,3,18,0,0,10,2,0,0,0,0,15,0,1,0,0,0,1
"2_2","2","2",16,20,2,1,6,0,5,0,0,0,4,0,0,0,1,0,0,0,0
"2_2","2","2",11,20,4,6,0,0,9,0,0,0,0,0,50,0,12,0,0,0,0
"2_2","2","2",17,11,0,2,0,0,25,0,0,0,0,1,10,0,30,0,0,0,0
"2_2","2","2",17,21,1,0,0,0,5,4,0,0,0,0,2,0,7,0,0,0,0
"2_2","2","2",5,0,5,2,0,0,3,0,0,0,1,0,48,0,14,0,0,0,0
"2_2","2","2",6,22,0,0,0,0,5,13,0,0,0,0,74,0,11,0,0,0,0
"2_2","2","2",11,46,0,7,1,0,0,1,0,0,1,3,26,0,4,0,0,0,0
"2_2","2","2",20,14,6,10,0,0,48,0,0,0,0,0,11,0,14,0,0,0,2
"2_2","2","2",32,1,3,1,0,0,12,0,0,0,0,0,38,0,6,0,0,0,0
"2_2","2","2",0,0,5,3,0,0,18,0,0,0,0,2,0,0,13,0,0,0,0
"2_2","2","2",15,8,1,0,0,0,58,0,0,0,0,0,21,0,1,0,0,0,0
"2_2","2","2",1,12,7,7,0,0,0,2,0,0,0,0,29,0,4,0,0,0,0
"2_2","2","2",35,36,1,0,0,0,5,0,0,0,0,0,1,0,8,0,0,0,0
"2_2","2","2",0,11,0,2,6,0,26,3,0,0,0,0,13,0,0,0,0,0,0
"2_2","2","2",3,19,13,9,0,0,4,0,0,0,1,1,86,0,15,0,0,0,0
"2_2","2","2",28,0,14,7,0,0,3,0,0,0,0,1,59,0,22,0,0,0,0
"2_2","2","2",9,11,1,0,0,0,9,2,0,0,6,0,0,0,0,0,0,0,0
"2_2","2","2",1,2,1,4,0,0,9,0,0,0,0,0,6,0,15,0,0,0,0
"2_2","2","2",1,14,31,6,0,0,9,0,0,0,0,1,0,0,23,0,0,0,0
"2_2","2","2",6,11,0,0,0,0,4,0,0,0,0,3,4,0,5,0,0,0,0
"2_2","2","2",4,42,10,3,0,0,3,1,0,0,0,4,29,0,3,0,0,0,0
"2_2","2","2",7,35,0,1,0,0,8,1,0,0,1,0,0,0,14,0,0,0,0
"2_2","2","2",11,23,3,20,0,0,25,3,0,0,0,0,13,0,19,0,0,0,1
"2_3","3","2",9,36,3,7,3,0,54,5,0,0,1,0,47,0,12,0,0,0,0
"2_3","3","2",0,11,1,9,0,0,10,0,0,0,0,0,0,0,15,0,0,0,0
"2_3","3","2",11,8,0,6,0,0,10,3,0,0,0,0,0,0,7,0,0,0,0
"2_3","3","2",17,12,0,20,0,0,9,4,0,0,0,0,11,0,19,0,0,0,0
"2_3","3","2",1,23,0,4,0,0,5,0,0,0,0,0,4,0,1,0,0,0,0
"2_3","3","2",20,11,0,8,0,0,3,3,0,0,0,1,0,0,15,0,0,0,0
"2_3","3","2",11,1,1,7,0,0,7,0,0,0,8,0,14,0,12,0,0,0,0
"2_3","3","2",8,20,1,11,0,0,6,3,0,0,6,1,74,0,12,0,0,0,0
"2_3","3","2",3,25,13,18,0,0,9,3,0,0,0,2,2,0,2,0,0,0,1
"2_3","3","2",36,3,3,17,5,0,4,0,0,0,0,0,10,0,19,0,0,0,0
"2_3","3","2",20,0,1,0,0,0,22,0,0,0,1,0,63,0,7,0,0,0,0
"2_3","3","2",4,11,0,4,0,0,3,0,0,0,0,0,11,0,19,0,0,0,0
"2_3","3","2",5,18,0,30,0,0,4,0,0,0,1,0,48,0,0,0,0,0,0
"2_3","3","2",15,2,2,2,0,0,2,0,0,0,1,0,92,0,0,1,0,0,0
"2_3","3","2",5,24,3,0,0,3,0,7,0,0,0,0,16,0,3,0,0,0,0
"2_3","3","2",7,18,7,6,1,0,4,0,0,0,0,0,50,0,15,0,0,0,0
"2_3","3","2",32,35,1,9,0,0,29,1,0,0,0,0,35,0,0,0,0,0,0
"2_3","3","2",3,4,3,7,14,0,1,0,0,0,1,0,48,0,3,0,0,0,0
"2_3","3","2",16,13,0,1,2,0,33,0,0,0,1,0,86,0,6,0,0,0,0
"2_3","3","2",16,10,0,0,0,0,10,1,0,0,0,0,22,0,7,0,0,0,0
"2_3","3","2",1,0,5,0,0,0,2,5,0,0,0,0,0,0,2,0,0,0,1
"2_3","3","2",32,44,0,10,0,0,5,1,0,0,1,1,0,0,23,0,0,0,0
"2_3","3","2",9,20,5,4,0,0,10,0,0,0,4,3,13,0,30,0,0,0,2
"2_3","3","2",40,11,10,1,1,0,8,0,0,0,0,1,57,0,8,0,0,0,0
"2_3","3","2",5,28,4,2,0,0,3,0,0,0,0,0,29,0,0,0,0,0,1
"2_4","4","2",1,20,0,0,0,3,32,0,0,0,0,0,86,0,3,0,0,0,0
"2_4","4","2",16,19,1,8,0,0,13,4,0,0,1,0,0,0,3,0,0,0,0
"2_4","4","2",17,11,3,3,6,0,10,0,0,0,0,2,13,0,6,0,0,0,0
"2_4","4","2",40,28,3,18,2,0,4,5,0,0,0,2,6,0,14,0,0,0,0
"2_4","4","2",0,18,0,2,1,0,4,0,0,0,0,0,59,0,15,1,0,0,0
"2_4","4","2",8,12,1,0,0,0,9,0,0,0,0,0,21,0,12,0,0,0,1
"2_4","4","2",20,42,1,0,0,0,3,3,0,0,0,0,35,0,1,0,0,0,0
"2_4","4","2",14,3,0,11,3,0,3,0,0,0,1,0,0,0,12,0,0,0,0
"2_4","4","2",12,34,1,9,0,0,20,0,0,0,8,1,48,0,7,0,0,0,0
"2_4","4","2",11,28,3,1,0,0,13,0,0,0,0,0,56,0,4,0,0,0,0
"2_4","4","2",20,13,2,10,0,0,5,19,0,0,1,0,47,0,19,0,0,1,0
"2_4","4","2",0,23,0,20,2,0,6,0,0,0,0,0,48,0,1,0,0,0,0
"2_4","4","2",17,18,1,7,3,0,6,2,0,0,0,0,36,0,0,0,0,0,0
"2_4","4","2",26,2,3,3,0,0,0,0,0,0,0,0,13,0,5,0,0,0,0
"2_4","4","2",15,12,0,7,0,0,2,0,0,0,0,0,29,0,1,0,0,0,0
"2_4","4","2",50,11,0,10,0,0,4,6,0,0,0,0,11,0,15,0,0,0,1
"2_4","4","2",36,24,2,2,5,0,48,4,0,0,0,0,14,0,0,0,0,0,0
"2_4","4","2",1,25,0,4,0,0,5,3,0,0,0,3,20,0,7,0,0,0,0
"2_4","4","2",28,11,0,9,0,0,38,7,0,0,0,1,4,0,23,0,0,0,0
"2_4","4","2",9,20,6,8,0,0,5,2,0,0,0,0,13,0,0,0,0,0,1
"2_4","4","2",16,0,7,6,0,0,12,1,0,0,0,0,50,0,15,0,0,0,0
"2_4","4","2",6,8,3,0,0,0,13,0,0,0,0,1,38,0,19,0,0,0,0
"2_4","4","2",9,0,0,0,0,0,58,0,0,0,1,0,0,0,0,0,0,0,0
"2_4","4","2",1,14,3,3,0,0,4,0,0,0,0,0,53,0,1,0,0,0,0
"2_4","4","2",9,1,4,3,2,0,10,0,0,0,0,0,23,0,12,0,0,0,0
"3_1","1","3",0,0,3,0,49,0,72,4,0,0,0,0,52,0,0,9,0,0,0
"3_1","1","3",1,0,0,0,2,0,20,0,0,0,3,2,0,0,25,7,0,0,0
"3_1","1","3",0,0,0,0,34,0,46,0,0,0,2,67,34,0,2,3,0,0,0
"3_1","1","3",1,0,0,0,23,1,17,0,0,0,1,0,0,0,10,0,0,0,1
"3_1","1","3",5,1,3,0,1,0,43,6,0,0,0,2,33,0,0,0,0,0,0
"3_1","1","3",0,0,2,0,15,0,4,0,0,0,0,2,12,0,5,1,0,0,0
"3_1","1","3",0,0,1,0,21,0,48,0,0,0,0,0,8,0,5,10,0,0,0
"3_1","1","3",0,0,1,0,20,0,13,3,0,0,4,1,30,0,6,4,0,0,0
"3_1","1","3",0,0,4,0,27,0,22,3,0,0,1,0,49,0,11,1,0,0,0
"3_1","1","3",0,0,0,0,20,0,47,0,0,0,0,0,14,0,13,3,0,0,0
"3_1","1","3",1,0,0,1,5,0,7,0,1,0,0,25,1,0,2,3,0,0,2
"3_1","1","3",0,5,0,0,16,0,19,7,0,0,0,0,0,0,18,1,0,0,0
"3_1","1","3",0,0,9,2,26,0,10,0,0,0,0,1,0,0,1,3,0,0,0
"3_1","1","3",0,0,0,0,22,1,24,0,0,0,5,0,46,0,6,14,0,0,0
"3_1","1","3",0,0,3,0,13,0,12,0,0,0,0,2,60,0,0,3,0,0,0
"3_1","1","3",0,0,30,0,43,0,28,0,0,0,0,0,33,0,22,0,0,0,0
"3_1","1","3",0,0,5,1,0,0,10,0,0,0,19,0,0,0,16,8,0,8,0
"3_1","1","3",0,0,18,0,24,0,9,0,0,0,3,2,0,0,8,0,0,0,0
"3_1","1","3",0,0,1,0,9,0,20,3,0,0,3,9,9,0,0,0,0,0,0
"3_1","1","3",7,0,0,0,5,0,26,21,0,0,1,0,0,0,7,6,0,0,0
"3_1","1","3",0,0,0,0,37,0,14,0,0,0,4,11,21,1,3,0,0,0,0
"3_1","1","3",0,0,0,0,0,0,3,3,0,0,0,0,8,0,8,4,0,0,0
"3_1","1","3",0,5,0,0,0,0,5,0,0,0,0,0,0,0,10,0,0,0,6
"3_1","1","3",8,0,6,0,30,0,17,1,0,0,0,0,19,0,12,9,0,0,1
"3_1","1","3",5,0,17,0,20,0,6,1,0,0,18,0,16,0,4,0,0,0,0
"3_2","2","3",0,1,33,0,39,0,26,0,0,0,21,0,21,0,5,4,0,0,0
"3_2","2","3",0,0,13,0,12,0,34,3,0,0,8,0,0,0,11,8,0,0,0
"3_2","2","3",0,5,4,0,53,0,10,3,0,0,1,0,19,0,5,0,0,0,0
"3_2","2","3",0,0,3,0,21,0,48,0,0,0,1,0,20,0,8,0,0,0,0
"3_2","2","3",8,0,0,0,11,0,8,5,0,0,4,2,0,0,8,2,0,0,0
"3_2","2","3",5,0,17,0,26,0,22,0,0,0,0,10,0,0,1,8,0,7,0
"3_2","2","3",0,0,7,1,8,0,25,0,0,0,1,0,1,0,33,0,0,0,0
"3_2","2","3",0,0,0,0,30,0,3,0,0,0,0,40,7,0,2,0,0,0,0
"3_2","2","3",1,0,3,1,0,0,3,0,0,0,0,1,14,0,8,7,0,0,0
"3_2","2","3",2,0,4,0,30,0,20,2,0,0,0,0,39,0,13,7,0,0,0
"3_2","2","3",0,2,0,0,14,0,3,0,0,0,0,0,20,0,5,11,0,0,0
"3_2","2","3",0,0,2,0,32,0,39,0,0,0,3,0,16,0,1,0,0,0,1
"3_2","2","3",1,0,0,0,16,0,28,0,0,0,0,0,31,0,7,1,0,0,0
"3_2","2","3",0,0,3,0,15,0,16,1,0,0,11,0,0,0,22,10,0,0,0
"3_2","2","3",0,0,7,0,0,0,27,0,0,0,0,0,10,0,10,1,0,0,0
"3_2","2","3",1,2,0,0,20,0,17,0,0,0,1,0,48,0,7,8,0,0,0
"3_2","2","3",0,0,0,0,39,0,3,0,0,0,1,0,0,0,4,4,2,0,0
"3_2","2","3",0,0,0,0,20,0,72,0,0,0,0,1,29,0,10,1,0,0,0
"3_2","2","3",1,1,5,0,8,0,18,0,0,0,2,0,49,0,12,0,0,0,0
"3_2","2","3",0,0,2,0,6,0,14,0,0,0,2,0,16,0,10,8,0,0,0
"3_2","2","3",0,0,0,0,20,0,0,0,0,0,0,6,33,0,2,9,0,0,0
"3_2","2","3",0,0,3,0,13,0,3,3,0,0,0,13,0,0,9,0,0,0,0
"3_2","2","3",0,1,1,0,16,0,9,0,0,0,0,0,8,0,7,0,0,0,0
"3_2","2","3",5,0,0,0,24,0,20,0,0,0,0,0,11,0,2,0,0,0,0
"3_2","2","3",0,0,4,0,45,0,29,2,0,0,7,9,14,0,27,14,0,0,0
"3_3","3","3",0,0,9,0,32,0,18,0,0,0,0,0,0,0,4,0,0,0,1
"3_3","3","3",0,1,0,0,13,0,24,3,0,0,0,0,6,0,0,0,0,0,3
"3_3","3","3",1,1,1,2,34,0,5,33,0,0,5,0,0,0,10,0,0,0,0
"3_3","3","3",0,0,0,0,20,0,18,0,0,0,2,0,31,0,17,0,0,0,0
"3_3","3","3",0,0,6,0,28,0,10,0,0,0,0,86,50,0,0,3,0,0,0
"3_3","3","3",0,0,3,0,28,0,17,3,0,0,0,0,15,0,6,2,0,0,0
"3_3","3","3",1,0,0,0,15,0,12,0,0,0,2,0,28,0,29,8,0,0,0
"3_3","3","3",0,0,0,0,16,0,4,0,0,0,0,0,0,0,2,3,0,0,0
"3_3","3","3",0,15,30,0,28,0,3,3,0,0,0,1,0,0,7,14,0,0,0
"3_3","3","3",5,0,0,0,15,0,50,0,0,0,10,60,48,0,5,10,0,0,0
"3_3","3","3",0,0,0,0,20,0,3,0,0,0,3,10,32,0,21,3,0,0,6
"3_3","3","3",1,0,0,0,28,0,4,0,0,0,0,0,26,0,5,0,0,0,0
"3_3","3","3",0,0,6,0,30,0,42,0,0,0,11,6,41,0,9,7,0,0,0
"3_3","3","3",0,2,0,0,28,0,22,2,2,0,0,24,29,0,19,8,0,0,0
"3_3","3","3",5,0,0,0,27,0,3,0,0,0,4,0,21,0,0,5,0,0,0
"3_3","3","3",0,0,3,0,14,0,47,1,0,0,0,0,0,0,27,0,0,0,1
"3_3","3","3",0,0,0,3,0,0,28,1,0,0,1,67,14,0,15,5,0,0,0
"3_3","3","3",0,0,0,0,29,0,17,0,0,0,1,37,1,0,14,0,0,0,0
"3_3","3","3",0,0,2,0,12,0,22,1,0,0,19,0,0,0,4,8,0,0,0
"3_3","3","3",0,0,0,0,26,0,13,0,0,0,3,0,11,0,5,8,0,0,0
"3_3","3","3",0,7,0,0,55,0,29,2,0,0,0,0,0,0,2,8,0,0,0
"3_3","3","3",1,0,3,0,15,0,16,0,0,0,0,13,0,0,5,1,0,0,1
"3_3","3","3",0,0,0,0,7,0,19,0,0,0,0,0,20,0,5,0,0,0,0
"3_3","3","3",1,0,0,0,27,0,46,0,0,0,0,0,0,0,3,3,0,0,0
"3_3","3","3",2,0,0,0,27,0,10,0,0,0,0,0,38,0,11,4,0,0,0
"3_4","4","3",0,0,0,0,24,0,54,0,0,0,4,2,28,0,17,0,0,0,0
"3_4","4","3",1,0,0,0,23,0,20,0,0,0,1,21,15,0,16,11,0,0,0
"3_4","4","3",7,0,5,0,32,0,9,0,0,0,0,0,76,0,9,0,0,0,0
"3_4","4","3",0,5,0,0,20,0,18,1,0,0,0,2,14,0,5,3,0,0,0
"3_4","4","3",0,0,13,0,28,0,20,0,0,0,0,2,0,0,12,3,0,0,0
"3_4","4","3",0,6,0,0,16,0,39,4,0,0,2,0,34,0,0,14,0,0,0
"3_4","4","3",0,0,10,0,34,0,83,0,1,0,0,0,48,0,8,0,0,0,0
"3_4","4","3",0,1,0,0,14,0,42,1,0,0,0,24,11,0,7,9,0,0,1
"3_4","4","3",0,0,0,3,23,0,17,21,0,0,0,0,53,0,6,8,0,0,0
"3_4","4","3",0,0,0,0,28,0,17,0,0,0,0,9,18,0,2,0,0,0,0
"3_4","4","3",1,1,0,1,7,0,46,3,0,0,0,2,0,0,23,14,0,0,0
"3_4","4","3",0,0,0,0,21,0,10,0,0,0,4,67,20,0,2,10,0,0,0
"3_4","4","3",8,0,0,0,53,0,19,0,0,0,1,0,1,0,5,5,0,0,0
"3_4","4","3",0,0,0,0,32,1,14,0,0,0,8,0,0,0,29,0,0,0,0
"3_4","4","3",0,0,0,0,34,0,12,3,0,0,0,89,14,0,10,0,0,0,1
"3_4","4","3",0,0,1,0,40,0,29,0,0,0,5,0,0,0,6,0,0,0,0
"3_4","4","3",0,0,0,0,26,0,72,21,0,0,2,0,24,0,5,4,0,0,0
"3_4","4","3",0,0,0,0,15,0,29,0,0,0,0,1,38,0,13,9,0,0,0
"3_4","4","3",0,2,18,0,8,0,47,0,0,0,3,0,11,0,0,8,0,8,0
"3_4","4","3",0,0,19,1,28,0,9,1,0,0,1,0,9,0,16,3,0,0,0
"3_4","4","3",0,0,1,0,0,0,15,0,0,0,0,8,0,0,11,11,0,0,0
"3_4","4","3",1,0,3,0,26,0,10,0,0,0,18,88,0,0,10,3,0,0,0
"3_4","4","3",0,0,5,0,31,0,8,0,0,0,0,0,0,0,15,5,0,0,0
"3_4","4","3",0,0,0,0,5,0,17,33,0,0,0,0,20,0,22,5,0,7,0
"3_4","4","3",0,0,6,0,32,0,9,3,0,0,4,2,3,0,3,7,0,0,0
"4_1","1","4",0,23,1,8,20,0,8,1,0,0,2,0,0,0,3,0,0,0,0
"4_1","1","4",4,51,0,0,13,0,8,1,0,0,0,3,0,0,3,0,0,0,0
"4_1","1","4",22,25,4,27,0,0,8,0,0,0,0,4,0,0,0,0,0,0,0
"4_1","1","4",2,19,0,0,9,0,29,0,0,0,0,2,54,0,14,0,0,0,0
"4_1","1","4",8,9,0,10,0,0,21,0,0,0,0,2,39,0,10,0,0,0,0
"4_1","1","4",4,24,0,1,7,0,7,0,0,0,0,0,45,0,0,0,0,0,0
"4_1","1","4",8,30,8,0,3,0,23,0,0,0,0,0,11,0,2,0,0,0,0
"4_1","1","4",10,16,2,0,0,0,4,0,0,0,0,0,6,0,1,0,0,0,0
"4_1","1","4",15,38,2,1,0,0,7,0,0,0,0,0,40,0,2,0,0,0,0
"4_1","1","4",21,10,4,0,0,0,6,0,0,0,24,3,46,0,0,0,0,0,0
"4_1","1","4",14,15,0,6,25,0,12,1,0,0,0,0,42,0,0,0,0,0,0
"4_1","1","4",10,8,0,17,0,0,9,0,0,0,0,1,40,0,14,0,0,0,0
"4_1","1","4",9,17,6,50,0,0,1,0,0,0,0,0,61,0,1,0,0,0,0
"4_1","1","4",33,16,0,0,10,0,10,0,0,0,0,4,60,0,2,0,0,0,0
"4_1","1","4",9,29,1,6,0,0,12,0,0,0,0,0,0,0,5,0,0,0,0
"4_1","1","4",10,14,2,20,2,0,21,0,0,0,0,1,20,0,2,0,0,0,0
"4_1","1","4",1,23,1,2,0,0,7,0,0,0,6,0,33,0,0,0,0,0,0
"4_1","1","4",4,31,0,13,0,0,0,0,0,0,0,0,0,0,4,0,0,0,0
"4_1","1","4",36,27,0,9,0,0,0,0,0,0,0,4,10,0,0,0,0,0,0
"4_1","1","4",10,26,5,15,0,0,8,0,0,0,1,0,42,0,5,0,0,0,2
"4_1","1","4",12,14,4,0,0,0,2,0,0,0,0,0,42,0,21,0,0,0,0
"4_1","1","4",33,26,4,42,0,0,11,0,0,0,0,0,67,0,4,0,0,0,2
"4_1","1","4",15,34,10,22,0,0,5,0,0,0,2,0,42,0,2,0,0,0,0
"4_1","1","4",10,17,1,6,0,0,28,0,0,0,0,1,15,0,4,0,0,0,0
"4_1","1","4",24,17,5,28,7,0,22,0,0,0,0,0,0,0,0,0,0,1,0
"4_2","2","4",3,5,0,1,13,0,6,0,0,0,0,3,41,0,3,0,0,0,0
"4_2","2","4",33,14,1,4,13,0,29,0,0,0,0,0,13,0,6,0,0,0,0
"4_2","2","4",8,45,10,0,26,0,0,0,0,0,0,0,40,0,0,0,0,0,0
"4_2","2","4",5,23,4,0,7,0,8,0,0,0,6,0,13,0,13,0,0,0,0
"4_2","2","4",22,31,13,0,2,0,21,0,0,0,0,2,11,0,2,0,0,1,2
"4_2","2","4",15,15,2,7,0,0,4,0,0,0,1,0,53,0,18,0,0,0,0
"4_2","2","4",16,10,2,5,0,0,7,0,0,0,4,0,46,0,1,0,0,0,0
"4_2","2","4",12,30,5,16,0,0,2,0,0,0,0,4,0,0,14,0,0,0,0
"4_2","2","4",10,29,0,6,0,0,20,0,0,0,0,0,0,0,18,0,0,0,0
"4_2","2","4",11,59,1,6,0,0,12,0,0,0,2,1,20,0,21,0,0,0,0
"4_2","2","4",9,7,5,28,0,0,6,0,0,0,0,0,42,0,0,0,0,0,0
"4_2","2","4",12,25,0,26,0,0,1,1,0,0,0,3,45,0,3,0,0,0,0
"4_2","2","4",14,24,2,0,0,0,7,0,0,0,0,0,20,0,1,0,0,0,0
"4_2","2","4",0,9,2,0,2,0,12,0,0,0,0,0,42,0,1,0,0,0,0
"4_2","2","4",10,4,0,17,0,0,12,0,0,0,0,4,54,0,4,1,0,0,0
"4_2","2","4",14,17,10,28,17,0,8,0,0,0,0,2,0,0,3,0,0,1,0
"4_2","2","4",4,8,4,27,0,0,8,0,0,0,0,0,1,0,0,0,0,0,0
"4_2","2","4",10,0,0,34,0,0,8,0,0,0,1,0,42,0,28,0,0,0,0
"4_2","2","4",2,34,4,50,0,0,8,0,0,0,0,1,36,0,1,0,0,0,0
"4_2","2","4",12,17,0,0,9,0,22,0,0,0,0,0,0,0,2,0,0,0,0
"4_2","2","4",10,22,8,26,3,0,8,0,0,0,0,0,0,0,17,0,0,0,0
"4_2","2","4",9,30,2,33,0,0,7,0,0,0,0,0,78,0,0,0,0,0,0
"4_2","2","4",15,19,4,4,0,0,9,0,0,0,0,0,0,0,2,0,0,0,0
"4_2","2","4",10,31,0,1,0,0,8,0,0,0,3,1,42,0,4,0,0,0,0
"4_2","2","4",12,20,3,1,0,0,10,0,0,0,0,0,0,0,2,0,0,0,0
"4_3","3","4",15,30,0,34,2,0,12,0,0,0,0,0,30,0,0,0,0,0,0
"4_3","3","4",22,11,3,1,0,0,7,0,0,0,1,1,13,0,0,0,0,0,0
"4_3","3","4",0,23,2,22,0,0,4,0,0,0,0,1,0,0,2,0,0,0,0
"4_3","3","4",8,16,0,26,26,0,6,0,0,0,0,4,7,0,5,0,0,0,1
"4_3","3","4",12,36,7,26,9,0,8,0,0,0,0,0,53,0,1,0,0,0,0
"4_3","3","4",33,19,13,1,0,0,11,0,0,0,0,0,45,0,0,0,0,0,0
"4_3","3","4",21,11,3,15,0,0,5,0,0,0,0,3,40,0,3,0,0,0,0
"4_3","3","4",9,14,3,6,0,0,21,0,0,0,0,1,18,0,0,0,0,0,0
"4_3","3","4",3,34,2,6,0,0,12,0,0,0,2,2,10,0,17,1,0,0,0
"4_3","3","4",33,18,0,12,0,0,8,0,0,0,0,0,42,0,14,0,0,0,0
"4_3","3","4",10,10,2,15,0,0,8,0,0,0,0,4,0,0,3,0,0,0,0
"4_3","3","4",2,15,4,27,7,0,0,0,0,0,0,0,51,0,4,0,0,0,0
"4_3","3","4",6,18,5,4,17,0,13,0,0,0,0,3,42,0,28,0,0,0,0
"4_3","3","4",26,26,10,0,0,0,11,1,0,0,1,8,20,0,2,0,0,0,0
"4_3","3","4",5,24,4,28,0,0,6,0,0,0,6,4,18,0,2,0,0,0,0
"4_3","3","4",22,3,0,1,0,0,9,0,0,0,0,0,0,0,1,0,0,0,0
"4_3","3","4",10,59,2,0,0,0,28,0,0,0,2,2,56,0,0,0,0,0,0
"4_3","3","4",10,27,5,4,4,0,7,0,0,0,0,4,42,0,1,0,0,0,0
"4_3","3","4",7,16,1,42,4,0,8,0,0,0,0,0,35,0,2,0,0,0,0
"4_3","3","4",4,22,2,0,13,0,28,0,0,0,0,0,54,0,0,1,0,0,0
"4_3","3","4",10,45,1,35,0,0,5,0,0,0,0,1,0,0,5,0,0,0,0
"4_3","3","4",9,9,2,0,8,0,5,0,0,0,0,0,69,0,2,0,0,0,0
"4_3","3","4",7,23,4,7,0,0,29,0,0,0,0,0,1,0,8,0,0,0,0
"4_3","3","4",10,9,0,0,0,0,8,0,0,0,0,1,36,0,1,0,0,1,0
"4_3","3","4",9,8,0,0,1,0,12,0,0,0,0,0,45,0,23,0,0,0,0
"4_4","4","4",15,16,1,0,26,0,6,0,0,0,3,4,42,0,6,0,0,0,0
"4_4","4","4",5,22,4,0,9,0,3,0,0,0,1,2,0,0,17,0,0,0,0
"4_4","4","4",8,21,2,12,25,0,8,0,0,0,0,2,42,0,3,0,0,0,0
"4_4","4","4",10,28,0,0,7,0,8,0,0,0,0,0,45,0,4,0,0,0,0
"4_4","4","4",4,17,0,10,0,0,0,0,0,0,0,0,53,0,1,0,0,1,0
"4_4","4","4",3,23,5,16,0,0,22,0,0,0,0,0,60,0,0,0,0,0,0
"4_4","4","4",0,10,0,22,0,0,13,0,0,0,0,0,50,0,1,0,0,0,0
"4_4","4","4",11,10,0,15,0,0,40,0,0,0,0,4,0,0,0,1,0,0,0
"4_4","4","4",33,22,5,6,3,0,6,0,0,0,0,0,11,0,4,0,0,0,0
"4_4","4","4",15,16,0,35,4,0,0,0,0,0,1,0,39,0,0,0,0,0,0
"4_4","4","4",15,23,0,1,0,0,7,0,0,0,24,0,51,0,3,0,0,0,0
"4_4","4","4",7,11,0,9,0,0,23,0,0,0,0,0,33,0,0,1,0,0,0
"4_4","4","4",2,9,0,6,0,0,11,0,0,0,4,0,0,0,13,0,0,0,2
"4_4","4","4",7,4,1,25,17,0,6,0,0,0,0,0,26,0,8,0,0,0,0
"4_4","4","4",22,27,10,34,1,0,12,0,0,0,0,8,53,0,0,0,0,0,0
"4_4","4","4",8,13,2,0,0,0,9,0,0,0,6,0,0,0,4,0,0,0,0
"4_4","4","4",12,4,8,28,0,0,2,1,0,0,0,0,6,0,4,0,0,0,0
"4_4","4","4",10,30,0,0,13,0,50,0,0,0,0,1,53,0,0,0,0,0,0
"4_4","4","4",3,5,0,6,0,0,8,0,0,0,0,1,30,0,0,0,0,0,0
"4_4","4","4",3,36,0,27,7,0,21,0,0,0,0,0,42,0,3,0,0,0,0
"4_4","4","4",21,51,0,0,0,0,12,0,0,0,0,1,1,0,0,0,0,0,0
"4_4","4","4",14,15,0,1,20,0,6,0,0,0,0,0,0,0,2,0,0,0,0
"4_4","4","4",2,26,2,50,2,0,64,0,0,0,2,0,44,0,28,0,0,0,0
"4_4","4","4",4,3,1,4,0,0,8,0,0,0,0,0,13,0,5,0,0,0,0
"4_4","4","4",2,30,8,26,8,0,7,0,0,0,0,3,0,0,6,0,0,0,0
"5_1","1","5",1,3,0,0,7,0,4,0,0,0,41,1,5,0,37,0,0,0,0
"5_1","1","5",0,3,1,38,3,0,19,0,0,0,0,0,36,0,37,0,0,0,0
"5_1","1","5",0,0,2,0,0,0,14,2,0,0,0,0,0,0,5,0,0,0,0
"5_1","1","5",0,0,2,0,9,0,14,0,0,0,15,3,10,0,4,0,1,0,0
"5_1","1","5",0,0,2,0,3,0,8,1,0,0,50,0,8,0,23,0,0,0,0
"5_1","1","5",0,0,1,6,0,0,17,0,0,0,13,6,5,0,12,0,0,1,0
"5_1","1","5",0,14,0,0,6,0,18,6,0,0,2,10,26,0,11,0,0,0,0
"5_1","1","5",0,7,0,1,1,0,17,2,0,0,14,3,0,0,34,0,0,0,0
"5_1","1","5",1,8,1,17,4,0,4,0,0,0,15,0,23,0,15,0,0,0,0
"5_1","1","5",3,0,5,0,0,0,4,3,0,0,1,0,81,0,11,0,1,0,0
"5_1","1","5",1,1,9,0,0,0,1,0,0,1,0,0,6,0,20,0,0,0,0
"5_1","1","5",0,11,3,7,0,0,21,17,0,0,8,1,1,0,4,0,0,0,0
"5_1","1","5",11,1,3,0,0,0,17,0,0,0,10,1,0,0,19,2,0,0,0
"5_1","1","5",2,14,0,1,0,0,27,0,0,0,0,7,12,0,14,0,0,0,0
"5_1","1","5",6,6,1,0,0,0,12,11,0,1,1,0,15,0,43,1,1,0,1
"5_1","1","5",1,1,13,0,0,0,3,2,0,0,6,4,3,0,20,0,0,0,0
"5_1","1","5",0,11,0,16,19,0,23,0,0,0,2,0,30,0,15,1,0,0,1
"5_1","1","5",4,23,7,17,0,0,16,1,0,1,0,0,21,0,10,0,3,0,0
"5_1","1","5",0,0,6,44,4,0,11,6,0,0,79,0,3,0,15,0,0,0,0
"5_1","1","5",0,8,6,0,0,0,3,0,0,0,36,0,14,0,14,0,0,0,0
"5_1","1","5",0,0,1,0,0,0,0,0,0,3,7,0,52,0,27,0,0,0,0
"5_1","1","5",0,2,2,0,1,0,20,0,0,0,15,4,0,6,2,0,1,0,0
"5_1","1","5",3,0,8,8,0,0,7,1,0,0,63,0,0,0,22,0,2,0,0
"5_1","1","5",0,7,0,0,11,0,8,2,0,0,16,0,0,0,13,0,0,0,0
"5_1","1","5",0,2,14,0,0,0,5,0,0,0,3,0,33,0,5,0,0,0,0
"5_2","2","5",1,44,13,6,0,0,26,0,0,0,8,1,0,0,12,0,1,0,1
"5_2","2","5",4,0,14,0,0,0,3,0,0,0,2,0,0,0,9,0,3,0,0
"5_2","2","5",0,8,0,44,0,0,22,0,0,0,43,0,0,0,29,0,0,0,0
"5_2","2","5",0,1,4,0,1,0,17,0,0,0,4,1,0,0,13,0,0,0,1
"5_2","2","5",4,0,4,0,0,0,8,0,0,0,6,0,12,0,8,0,2,0,0
"5_2","2","5",0,0,3,15,0,0,8,0,0,0,14,1,19,0,34,0,0,0,2
"5_2","2","5",0,11,5,0,0,0,17,2,0,0,34,0,23,0,35,0,0,0,1
"5_2","2","5",0,0,1,0,0,0,7,1,0,0,10,0,73,6,15,0,0,0,0
"5_2","2","5",0,11,0,3,2,0,19,2,0,0,0,10,0,0,8,0,2,0,0
"5_2","2","5",0,0,0,0,4,0,10,0,0,0,13,1,20,0,25,0,0,0,0
"5_2","2","5",1,2,2,0,1,0,13,10,0,0,2,0,5,0,23,0,0,0,1
"5_2","2","5",3,0,2,31,8,0,23,0,0,0,59,4,12,0,15,0,0,0,0
"5_2","2","5",1,2,0,24,6,0,4,0,0,0,42,1,28,0,16,0,0,0,0
"5_2","2","5",2,27,0,0,1,0,4,0,0,0,6,0,36,0,0,0,0,0,0
"5_2","2","5",0,0,3,0,0,0,2,11,0,0,0,0,15,0,23,0,0,0,0
"5_2","2","5",0,0,9,0,1,0,3,0,0,0,7,4,31,0,43,0,0,0,0
"5_2","2","5",2,1,3,0,0,0,15,0,0,0,48,3,33,0,13,0,1,0,0
"5_2","2","5",1,0,0,10,7,0,10,1,0,0,25,0,0,0,16,0,0,0,0
"5_2","2","5",2,0,1,1,6,0,19,0,0,0,6,2,11,0,3,0,0,0,0
"5_2","2","5",0,6,1,5,0,1,12,2,0,0,6,0,36,0,21,1,0,0,0
"5_2","2","5",0,3,0,0,0,0,3,0,0,0,3,6,0,0,46,0,0,0,0
"5_2","2","5",0,1,0,0,0,0,1,0,0,0,1,6,4,0,25,0,0,0,4
"5_2","2","5",0,1,3,49,4,0,6,4,0,0,6,3,5,0,41,0,0,0,0
"5_2","2","5",0,0,3,2,0,0,4,2,0,0,20,1,5,0,14,1,0,0,0
"5_2","2","5",0,0,0,0,1,0,7,0,0,0,9,0,13,0,15,0,0,0,0
"5_3","3","5",1,3,13,38,1,0,12,2,0,0,8,0,13,0,9,0,0,0,0
"5_3","3","5",0,1,8,0,3,0,6,10,0,0,36,1,0,0,17,0,0,0,0
"5_3","3","5",2,0,4,0,0,0,3,1,1,0,0,4,13,0,16,0,0,0,0
"5_3","3","5",1,1,0,1,0,1,19,2,0,0,7,3,3,0,14,0,0,0,0
"5_3","3","5",0,1,1,1,1,0,17,1,0,0,4,0,17,0,22,0,0,0,0
"5_3","3","5",0,0,0,2,1,0,17,0,0,0,0,0,0,0,8,0,0,0,0
"5_3","3","5",0,27,3,0,7,0,19,2,0,0,8,0,17,0,5,0,0,0,0
"5_3","3","5",0,0,9,5,6,0,23,10,0,0,4,0,12,0,23,0,0,0,0
"5_3","3","5",0,0,1,0,0,0,13,2,0,0,31,0,30,0,11,0,0,0,1
"5_3","3","5",4,0,2,17,0,0,4,0,0,0,9,1,6,0,19,0,0,0,1
"5_3","3","5",1,6,1,0,11,0,0,0,0,0,6,2,0,0,26,0,0,1,0
"5_3","3","5",1,0,3,0,1,0,19,4,0,3,0,1,0,0,27,0,0,0,0
"5_3","3","5",2,12,0,0,12,0,19,0,0,0,59,1,23,0,20,1,0,0,0
"5_3","3","5",0,10,5,0,2,0,26,2,0,1,34,0,4,0,5,2,0,0,1
"5_3","3","5",0,2,14,17,4,1,2,0,0,0,20,4,6,0,0,0,0,0,0
"5_3","3","5",0,1,0,0,0,2,38,0,0,0,50,0,5,0,23,0,0,0,0
"5_3","3","5",0,7,4,2,6,0,3,3,0,0,8,3,52,0,23,0,0,0,0
"5_3","3","5",0,0,2,0,6,0,3,9,0,0,0,0,21,0,20,0,0,0,1
"5_3","3","5",0,1,6,0,0,0,11,6,0,0,42,0,0,0,22,0,0,0,0
"5_3","3","5",0,1,0,19,0,0,19,0,0,0,1,2,0,0,17,0,0,0,0
"5_3","3","5",5,1,5,0,3,0,7,10,0,0,34,0,3,0,19,0,0,0,0
"5_3","3","5",0,1,8,0,0,0,8,0,0,0,14,2,0,0,13,0,0,0,0
"5_3","3","5",1,0,12,49,4,0,9,11,0,0,4,0,15,0,25,0,0,2,0
"5_3","3","5",0,0,0,23,6,0,17,0,0,0,0,0,3,0,53,0,0,0,0
"5_3","3","5",0,8,0,0,6,0,8,2,0,0,13,0,51,0,13,0,0,0,1
"5_4","4","5",0,0,15,7,0,0,21,0,0,0,1,0,15,0,16,0,0,0,0
"5_4","4","5",0,8,1,73,0,0,13,2,0,5,1,0,21,0,26,0,0,0,0
"5_4","4","5",0,2,6,0,1,0,23,0,0,0,1,0,20,0,13,0,0,0,0
"5_4","4","5",0,1,0,16,0,0,23,11,0,0,13,0,0,0,3,0,0,0,0
"5_4","4","5",0,2,7,0,2,0,7,0,0,0,0,0,33,0,14,0,3,0,0
"5_4","4","5",1,1,1,17,0,0,17,0,0,0,15,1,3,2,19,0,2,0,2
"5_4","4","5",0,11,0,0,1,0,20,10,0,0,14,6,0,0,6,0,0,0,0
"5_4","4","5",0,0,3,0,3,0,22,9,0,0,15,0,8,0,0,0,0,0,0
"5_4","4","5",0,2,3,0,0,0,8,17,0,0,63,0,6,0,15,0,0,0,1
"5_4","4","5",0,11,0,1,0,0,27,0,0,0,17,2,0,0,53,0,0,0,2
"5_4","4","5",0,3,1,0,0,0,4,0,0,0,14,1,30,0,15,0,0,0,0
"5_4","4","5",0,6,4,0,1,0,6,2,0,0,23,10,0,0,12,0,1,0,0
"5_4","4","5",3,0,13,24,1,0,19,1,0,0,10,0,36,0,4,1,0,0,0
"5_4","4","5",1,4,1,0,11,0,22,9,0,0,35,0,5,0,25,0,0,0,1
"5_4","4","5",0,0,9,17,0,0,12,3,0,0,4,0,3,0,3,0,1,0,0
"5_4","4","5",3,3,2,0,4,0,17,24,0,0,53,10,41,0,5,0,3,0,1
"5_4","4","5",2,0,16,6,0,0,3,6,0,0,6,12,1,0,8,0,0,0,0
"5_4","4","5",3,27,14,0,7,0,23,0,0,0,42,0,51,0,41,0,0,0,0
"5_4","4","5",1,10,0,31,0,0,9,2,0,1,29,0,1,0,11,0,0,0,0
"5_4","4","5",0,0,6,10,3,0,15,0,0,0,9,0,15,0,10,0,0,0,0
"5_4","4","5",0,1,3,3,0,0,8,0,0,0,7,4,0,0,39,0,1,0,0
"5_4","4","5",0,2,5,0,7,0,3,1,0,0,4,1,3,0,21,0,0,0,0
"5_4","4","5",3,3,5,1,13,0,4,0,0,0,34,0,26,0,13,0,0,0,0
"5_4","4","5",1,6,3,8,6,0,8,0,0,0,34,0,61,0,15,0,0,0,1
"5_4","4","5",0,23,3,0,0,0,9,1,0,0,0,2,4,6,9,0,0,0,0
"6_1","1","6",4,15,1,1,1,0,3,0,0,26,0,30,0,0,24,1,0,0,0
"6_1","1","6",0,1,18,0,0,0,5,0,0,53,33,3,0,0,1,0,0,0,0
"6_1","1","6",0,0,1,3,0,0,3,0,0,11,77,0,0,0,2,0,0,0,0
"6_1","1","6",0,1,0,16,6,0,10,0,0,8,25,20,0,0,15,0,0,0,0
"6_1","1","6",6,0,2,3,0,0,14,0,0,10,56,2,0,0,1,1,0,0,0
"6_1","1","6",8,0,1,0,0,0,3,0,0,0,2,8,0,0,7,3,0,0,0
"6_1","1","6",0,32,4,2,0,0,12,0,0,12,2,59,0,0,31,0,0,0,0
"6_1","1","6",0,23,3,0,0,0,6,0,0,19,0,40,0,0,9,0,0,0,0
"6_1","1","6",0,1,3,1,0,0,16,0,0,17,25,5,0,0,7,0,0,0,0
"6_1","1","6",1,4,1,0,0,0,14,0,0,34,86,68,0,0,7,0,0,0,0
"6_1","1","6",1,0,1,11,0,0,14,0,0,55,17,13,0,0,13,0,0,0,0
"6_1","1","6",0,0,0,3,0,0,4,0,0,9,57,24,0,0,15,0,0,0,0
"6_1","1","6",0,0,4,0,0,0,0,0,0,21,17,1,0,0,18,0,0,0,0
"6_1","1","6",0,0,1,0,0,0,4,0,0,8,0,14,0,0,32,0,0,0,0
"6_1","1","6",0,2,0,0,0,0,2,0,0,0,0,3,0,0,4,0,0,0,0
"6_1","1","6",0,0,0,7,0,0,2,0,0,12,0,33,0,0,6,0,0,0,0
"6_1","1","6",0,13,3,8,0,0,22,3,0,0,67,8,0,0,13,0,0,0,0
"6_1","1","6",36,0,7,0,0,0,4,0,0,19,0,1,0,2,9,0,0,0,0
"6_1","1","6",0,3,2,0,0,0,2,0,0,6,9,18,0,0,3,1,0,0,0
"6_1","1","6",1,0,5,0,0,0,16,0,0,45,0,34,0,0,12,0,0,0,0
"6_1","1","6",0,1,4,8,5,0,5,0,0,32,25,0,0,10,18,0,0,0,0
"6_1","1","6",0,0,1,70,3,0,27,0,0,8,57,21,0,0,17,0,0,0,5
"6_1","1","6",0,0,4,4,2,0,1,0,0,1,0,32,0,0,4,0,0,0,0
"6_1","1","6",1,1,1,0,1,0,8,0,0,1,44,11,0,0,17,0,0,0,0
"6_1","1","6",35,1,2,7,2,0,8,0,0,52,41,2,0,0,13,0,0,0,0
"6_2","2","6",1,10,4,0,0,0,22,0,0,42,25,14,0,0,2,2,0,0,0
"6_2","2","6",0,6,1,4,0,0,1,0,0,0,0,0,0,2,15,0,0,0,0
"6_2","2","6",1,4,4,0,0,0,11,0,0,0,0,4,0,0,4,0,0,0,0
"6_2","2","6",3,0,6,3,1,0,8,0,0,0,32,9,0,0,9,1,0,0,0
"6_2","2","6",0,0,5,0,0,0,14,0,0,0,66,1,0,0,18,0,0,0,0
"6_2","2","6",0,0,2,1,0,0,2,0,0,22,0,2,0,0,9,0,0,0,0
"6_2","2","6",0,26,0,0,0,0,4,0,0,10,2,23,0,0,0,0,0,0,0
"6_2","2","6",1,29,3,1,0,0,11,0,0,16,23,8,0,0,3,0,0,0,0
"6_2","2","6",0,30,6,11,0,0,12,0,0,0,8,2,0,0,6,0,0,0,0
"6_2","2","6",0,0,3,5,1,0,15,0,0,6,33,19,0,2,15,0,0,0,4
"6_2","2","6",0,0,0,0,0,0,3,0,0,25,28,4,0,0,6,0,0,0,0
"6_2","2","6",0,0,0,0,0,0,1,3,0,32,53,8,0,0,6,0,0,0,0
"6_2","2","6",0,0,4,13,0,0,0,0,0,13,70,12,0,0,2,0,0,0,0
"6_2","2","6",0,0,1,5,0,0,8,0,0,0,24,20,0,0,13,0,0,0,0
"6_2","2","6",0,6,2,1,0,0,9,0,0,0,21,18,0,0,10,0,0,0,0
"6_2","2","6",0,0,1,2,2,0,12,0,0,1,61,7,0,0,13,0,0,0,0
"6_2","2","6",3,0,1,0,0,0,12,0,0,0,3,0,0,0,21,0,0,0,0
"6_2","2","6",1,0,0,0,0,0,4,0,0,6,0,2,0,0,4,1,0,0,0
"6_2","2","6",0,3,4,6,0,0,10,0,0,0,2,0,0,0,8,0,0,0,0
"6_2","2","6",2,0,0,7,0,0,27,0,0,12,0,5,0,0,0,3,0,0,0
"6_2","2","6",0,1,7,51,0,0,17,0,0,7,0,48,0,5,14,0,0,0,0
"6_2","2","6",0,13,2,0,0,0,12,0,0,23,10,31,0,0,4,0,0,0,0
"6_2","2","6",7,6,0,73,3,0,3,0,0,5,67,42,0,0,7,0,0,0,0
"6_2","2","6",0,0,1,0,0,0,8,0,0,0,77,19,0,0,27,0,0,0,0
"6_2","2","6",36,1,18,1,0,0,12,0,0,41,79,34,0,14,1,0,0,0,0
"6_3","3","6",0,3,1,3,0,0,2,0,0,8,33,3,0,0,1,0,0,0,0
"6_3","3","6",0,0,2,0,0,0,4,0,0,45,25,0,0,0,24,0,0,0,0
"6_3","3","6",0,0,0,1,2,0,9,0,0,52,2,67,2,0,4,1,0,0,3
"6_3","3","6",0,2,4,7,0,0,17,0,0,0,0,15,0,0,43,0,0,0,0
"6_3","3","6",0,23,18,1,0,0,21,0,0,0,3,1,0,3,24,0,0,0,0
"6_3","3","6",25,9,0,0,0,0,2,0,0,0,53,59,0,0,5,3,0,0,0
"6_3","3","6",1,0,0,1,0,0,16,0,0,11,67,41,0,0,5,0,0,0,0
"6_3","3","6",0,0,3,1,0,0,7,0,0,45,10,21,8,0,0,0,0,0,0
"6_3","3","6",0,0,0,0,1,0,12,0,0,0,15,68,0,0,7,0,0,0,0
"6_3","3","6",12,1,3,3,0,0,5,0,0,21,0,22,0,0,6,0,0,0,2
"6_3","3","6",0,13,0,0,0,0,14,0,0,0,8,6,0,0,20,0,0,0,0
"6_3","3","6",36,30,3,0,0,0,24,0,0,8,25,3,0,0,0,0,0,0,1
"6_3","3","6",0,0,1,1,0,0,13,0,0,55,25,20,0,0,6,0,0,0,5
"6_3","3","6",0,32,4,13,0,0,11,0,0,1,44,0,0,0,10,0,0,0,0
"6_3","3","6",0,2,1,1,0,0,8,0,0,0,48,23,0,0,13,0,0,0,0
"6_3","3","6",6,4,4,0,0,0,16,0,0,0,0,8,0,0,0,0,0,0,0
"6_3","3","6",0,5,2,5,0,0,4,0,0,11,61,19,0,0,5,1,0,0,0
"6_3","3","6",0,4,3,0,2,0,12,3,0,17,33,0,0,0,17,0,0,0,0
"6_3","3","6",0,10,1,0,0,0,13,0,0,40,24,53,0,0,14,0,0,0,0
"6_3","3","6",0,4,0,6,0,0,11,0,0,0,17,28,0,0,0,0,0,0,0
"6_3","3","6",0,1,1,9,1,0,23,0,0,0,0,49,0,0,28,0,0,0,0
"6_3","3","6",0,6,7,2,0,0,3,0,0,0,79,31,0,0,22,1,0,0,0
"6_3","3","6",1,0,0,9,0,0,4,0,1,1,10,5,0,0,16,0,0,0,0
"6_3","3","6",0,0,2,0,0,0,1,0,0,22,56,8,0,0,12,0,0,0,0
"6_3","3","6",4,0,7,0,0,0,22,0,0,19,28,11,0,0,8,0,0,0,0
"6_4","4","6",0,1,3,0,3,0,10,0,0,27,2,32,0,0,2,0,0,0,0
"6_4","4","6",1,5,2,0,0,0,12,0,0,11,0,23,0,0,6,0,0,0,0
"6_4","4","6",0,0,5,1,0,0,0,0,0,9,0,40,0,0,31,0,0,0,0
"6_4","4","6",0,4,1,0,0,0,14,0,0,41,0,51,0,0,10,0,0,0,0
"6_4","4","6",0,0,0,9,0,0,3,0,0,6,20,19,0,0,7,0,0,0,0
"6_4","4","6",0,0,1,1,0,0,14,0,0,0,44,4,0,0,7,0,0,0,0
"6_4","4","6",32,2,0,3,3,0,16,0,0,3,56,34,0,0,15,2,0,0,0
"6_4","4","6",35,9,0,2,0,0,9,0,0,10,8,48,0,0,0,0,0,0,0
"6_4","4","6",1,4,0,0,4,0,12,0,0,0,3,3,0,0,24,3,0,0,0
"6_4","4","6",1,0,7,6,0,0,13,0,0,2,25,14,0,0,0,2,0,0,0
"6_4","4","6",1,0,1,0,0,0,4,0,0,0,20,31,0,0,18,0,0,0,0
"6_4","4","6",12,33,3,0,0,0,8,0,0,0,60,9,0,0,10,0,0,0,0
"6_4","4","6",0,13,16,0,0,0,11,0,0,7,44,19,0,0,3,0,0,0,0
"6_4","4","6",0,2,5,1,0,0,17,0,0,12,53,28,0,0,30,0,0,0,0
"6_4","4","6",3,0,2,0,2,0,0,0,0,16,3,4,0,0,6,0,0,0,0
"6_4","4","6",23,1,0,2,6,0,2,0,0,17,0,2,0,0,9,0,0,0,3
"6_4","4","6",0,0,0,0,0,0,67,0,0,0,0,4,0,2,2,0,0,0,0
"6_4","4","6",1,1,0,0,0,0,10,0,0,0,79,4,0,0,22,0,0,0,0
"6_4","4","6",0,6,3,0,0,0,1,0,0,11,23,49,0,0,5,0,0,0,0
"6_4","4","6",0,5,3,0,0,0,9,0,0,9,2,46,0,0,21,0,0,0,0
"6_4","4","6",0,3,4,0,0,0,5,0,0,1,87,5,0,0,1,0,0,0,0
"6_4","4","6",0,29,1,0,0,0,11,0,0,0,25,9,0,0,14,0,0,0,0
"6_4","4","6",0,1,0,1,0,0,12,0,0,40,40,4,0,0,4,0,0,0,0
"6_4","4","6",0,26,3,0,0,0,13,0,0,42,56,0,0,0,0,0,0,0,0
"6_4","4","6",0,0,0,5,0,0,11,0,0,0,74,34,0,0,14,0,0,0,0
"7_1","1","7",3,21,2,4,0,0,8,1,1,0,33,0,0,0,1,0,0,0,0
"7_1","1","7",3,20,0,27,0,0,22,0,0,0,81,6,0,0,8,0,0,0,0
"7_1","1","7",2,3,2,7,0,0,1,0,0,0,32,1,0,0,0,0,0,0,0
"7_1","1","7",2,5,1,0,0,0,9,0,0,0,21,8,0,0,1,0,0,0,0
"7_1","1","7",2,5,5,1,0,0,22,0,0,0,4,2,45,0,1,0,0,0,0
"7_1","1","7",0,0,1,0,0,0,7,0,1,0,48,0,0,0,5,0,0,0,0
"7_1","1","7",6,8,15,1,0,0,6,0,0,0,74,0,0,0,7,0,0,0,0
"7_1","1","7",0,16,0,3,0,1,32,0,0,0,50,4,0,0,1,0,0,0,0
"7_1","1","7",1,1,3,8,0,0,10,10,0,0,55,3,0,0,3,0,0,0,0
"7_1","1","7",0,6,0,6,0,0,8,3,0,0,56,1,0,0,0,0,0,0,0
"7_1","1","7",11,1,6,25,0,0,1,0,0,0,32,0,29,0,10,0,0,0,0
"7_1","1","7",2,20,0,0,0,0,7,2,0,0,13,9,0,0,34,0,1,0,0
"7_1","1","7",1,1,18,0,0,0,11,0,0,0,9,8,0,0,14,0,0,0,0
"7_1","1","7",8,36,0,2,0,0,5,0,0,0,1,1,0,0,2,0,0,0,0
"7_1","1","7",49,28,2,8,0,0,11,0,0,0,0,2,0,0,7,0,0,1,0
"7_1","1","7",5,21,1,1,0,0,11,0,0,0,92,4,0,0,2,0,0,0,1
"7_1","1","7",14,19,3,13,4,0,7,0,0,0,60,3,0,0,2,0,0,0,0
"7_1","1","7",1,42,4,9,0,0,16,0,0,0,0,1,0,0,2,0,0,0,0
"7_1","1","7",1,1,6,0,0,0,13,0,0,0,18,13,0,0,1,0,1,0,0
"7_1","1","7",8,0,4,0,0,0,6,1,0,0,76,1,0,0,6,0,0,3,0
"7_1","1","7",0,1,4,0,0,0,10,0,0,0,52,0,0,0,2,0,0,0,0
"7_1","1","7",6,16,5,36,0,0,2,0,0,0,5,4,4,0,3,0,0,0,1
"7_1","1","7",0,9,7,0,0,0,3,0,0,0,0,0,4,0,36,0,6,0,0
"7_1","1","7",1,7,0,7,0,0,10,0,0,0,89,2,41,0,3,0,0,0,1
"7_1","1","7",8,1,5,0,0,0,6,0,0,0,94,12,0,0,7,0,0,0,0
"7_2","2","7",1,2,0,7,0,0,8,4,0,0,13,3,0,0,0,0,0,0,0
"7_2","2","7",0,4,3,2,0,0,22,0,0,0,5,1,0,0,0,0,0,0,0
"7_2","2","7",2,5,5,21,0,0,2,16,1,0,18,3,0,0,9,0,0,0,0
"7_2","2","7",12,14,2,67,0,0,16,2,0,0,0,0,0,0,5,0,6,0,0
"7_2","2","7",0,3,4,8,0,0,10,0,0,0,9,5,0,0,12,0,0,0,0
"7_2","2","7",0,2,6,0,0,0,11,0,0,0,92,0,45,0,7,0,0,0,0
"7_2","2","7",1,23,0,0,0,0,11,0,0,0,6,1,0,0,19,0,0,0,0
"7_2","2","7",20,9,5,0,0,0,1,0,0,0,2,0,1,0,0,0,0,0,0
"7_2","2","7",1,0,3,0,0,0,14,0,0,0,8,9,0,0,6,0,0,0,0
"7_2","2","7",2,9,3,14,0,0,7,0,0,0,60,0,0,0,0,0,0,0,0
"7_2","2","7",0,42,14,36,0,0,2,1,0,0,36,2,61,0,7,0,0,0,0
"7_2","2","7",0,2,3,0,0,0,8,1,0,0,74,0,0,0,1,0,0,0,0
"7_2","2","7",12,20,2,9,0,0,12,0,0,0,82,1,0,0,13,0,0,0,0
"7_2","2","7",12,34,0,4,0,0,11,0,0,0,29,4,0,0,4,0,0,0,0
"7_2","2","7",0,10,0,3,0,0,5,0,0,0,1,8,0,0,7,0,0,0,0
"7_2","2","7",11,50,13,0,0,0,1,0,0,0,32,6,0,0,2,0,0,0,0
"7_2","2","7",6,1,5,55,0,0,8,3,0,0,31,2,29,0,0,0,0,0,0
"7_2","2","7",11,1,4,45,0,0,12,1,0,0,80,0,0,0,2,0,0,0,0
"7_2","2","7",0,34,6,0,0,3,2,0,0,0,48,1,41,0,0,0,0,0,0
"7_2","2","7",2,20,0,1,0,0,10,0,0,0,52,8,8,0,15,0,1,0,0
"7_2","2","7",8,6,4,0,0,0,2,0,0,0,33,0,0,0,2,0,0,0,0
"7_2","2","7",0,6,2,5,0,0,6,0,0,0,54,0,0,0,3,0,0,0,0
"7_2","2","7",8,1,5,3,0,0,13,10,0,0,22,0,0,0,0,0,0,0,0
"7_2","2","7",0,1,1,0,0,0,9,0,0,0,57,7,0,0,0,0,0,1,0
"7_2","2","7",11,12,42,30,0,0,32,0,0,0,73,1,0,0,1,0,0,0,2
"7_3","3","7",49,22,0,2,0,0,8,0,0,0,71,4,26,0,15,0,0,0,0
"7_3","3","7",0,23,0,2,0,0,9,0,0,0,3,8,0,0,1,0,0,0,0
"7_3","3","7",34,9,23,1,0,0,8,0,1,0,67,0,0,0,10,0,0,0,0
"7_3","3","7",0,2,1,0,0,0,9,0,0,0,18,2,0,0,34,0,0,0,0
"7_3","3","7",0,10,2,45,0,0,6,2,0,0,22,1,39,0,7,0,2,0,0
"7_3","3","7",0,6,4,7,0,0,2,1,1,0,52,0,4,0,6,0,0,0,0
"7_3","3","7",2,5,1,67,0,0,42,2,0,0,11,0,0,0,3,0,0,0,0
"7_3","3","7",40,25,15,5,0,0,1,0,0,0,9,0,12,0,0,0,0,0,0
"7_3","3","7",2,14,0,5,0,0,9,0,0,0,30,0,0,0,6,0,0,0,0
"7_3","3","7",20,12,18,6,0,0,10,0,0,0,31,7,0,0,3,0,0,0,0
"7_3","3","7",6,1,3,22,0,0,9,0,0,0,48,8,0,0,2,0,0,0,0
"7_3","3","7",3,3,5,36,0,0,2,0,0,0,55,0,0,0,0,0,0,0,1
"7_3","3","7",0,20,1,0,0,0,12,0,0,0,8,0,2,0,13,0,0,0,0
"7_3","3","7",10,28,14,0,0,0,22,0,0,0,80,2,4,0,3,0,0,0,0
"7_3","3","7",5,0,0,0,0,0,7,0,0,0,9,1,0,0,2,0,0,0,0
"7_3","3","7",2,1,11,10,0,0,3,1,0,0,89,5,0,0,2,0,0,0,0
"7_3","3","7",2,24,1,8,4,0,21,0,0,0,36,0,0,0,2,0,0,0,0
"7_3","3","7",0,7,4,0,0,0,32,0,0,0,0,1,0,0,11,0,0,0,0
"7_3","3","7",1,11,6,0,0,0,2,4,0,0,8,4,1,0,9,0,0,0,0
"7_3","3","7",11,5,6,8,0,0,11,3,0,0,33,12,0,0,0,0,0,0,0
"7_3","3","7",5,23,1,0,0,1,10,0,0,0,81,2,0,0,3,0,0,0,0
"7_3","3","7",3,0,3,0,0,0,5,0,0,0,4,4,0,0,1,0,0,0,0
"7_3","3","7",2,8,14,2,0,0,3,0,0,0,92,6,6,0,0,0,6,0,0
"7_3","3","7",14,1,0,2,0,0,7,0,0,0,74,3,32,0,10,0,1,0,0
"7_3","3","7",2,0,3,0,0,0,6,0,0,0,82,1,0,0,0,0,0,0,1
"7_4","4","7",0,3,3,9,0,0,9,0,0,0,3,5,20,0,25,0,0,0,0
"7_4","4","7",2,50,3,0,0,0,11,0,0,0,55,0,2,0,0,0,0,0,0
"7_4","4","7",0,21,2,7,0,0,5,0,0,0,5,0,0,0,2,0,0,0,0
"7_4","4","7",12,0,5,0,0,0,7,1,0,0,29,1,5,0,0,0,0,0,0
"7_4","4","7",6,36,2,10,0,0,8,2,0,0,9,0,0,0,1,0,0,0,0
"7_4","4","7",4,21,0,36,0,0,9,2,0,0,73,1,17,0,0,0,0,0,1
"7_4","4","7",49,14,3,45,15,0,5,0,0,0,0,2,26,0,1,0,0,0,0
"7_4","4","7",1,10,0,13,0,0,6,0,0,0,71,3,0,0,0,0,0,0,0
"7_4","4","7",1,16,14,14,0,0,7,0,0,0,1,1,0,0,0,0,0,0,0
"7_4","4","7",3,10,4,1,0,0,7,3,0,0,31,0,0,0,1,0,0,0,0
"7_4","4","7",1,13,3,0,0,0,6,1,0,0,60,9,0,0,12,0,0,0,0
"7_4","4","7",0,19,2,27,0,0,16,0,0,0,92,4,45,0,17,0,0,0,0
"7_4","4","7",3,24,1,42,0,1,6,0,0,0,36,6,29,0,6,0,0,0,0
"7_4","4","7",13,42,42,0,0,0,21,0,0,0,5,0,0,0,7,0,0,0,0
"7_4","4","7",10,5,0,8,0,0,1,1,0,0,55,0,5,0,6,0,0,0,0
"7_4","4","7",4,23,3,0,0,0,10,0,0,0,80,5,61,0,0,0,0,0,0
"7_4","4","7",6,4,3,0,0,0,8,0,1,0,2,2,0,0,11,0,0,0,0
"7_4","4","7",10,0,26,0,0,0,8,0,0,0,48,4,0,0,0,0,0,0,0
"7_4","4","7",34,14,0,0,0,0,26,0,0,0,94,0,0,0,1,0,0,0,0
"7_4","4","7",1,0,6,3,0,0,1,0,0,0,0,4,0,0,1,0,0,0,0
"7_4","4","7",20,16,13,2,0,0,12,3,0,0,8,12,6,0,2,0,0,0,0
"7_4","4","7",0,0,15,67,0,0,9,0,0,0,50,0,39,0,3,0,6,0,0
"7_4","4","7",1,1,5,1,0,0,22,0,0,0,34,1,0,0,9,0,0,0,0
"7_4","4","7",6,7,5,1,0,0,7,0,0,0,37,0,0,0,13,0,0,0,0
"7_4","4","7",0,5,2,73,0,0,1,1,0,0,55,4,0,0,3,0,0,0,0
"8_1","1","8",5,6,5,57,0,1,5,3,0,0,0,0,0,0,20,0,0,0,0
"8_1","1","8",32,2,3,32,2,2,19,0,0,0,16,3,0,0,13,0,0,0,0
"8_1","1","8",8,3,8,17,0,0,6,5,0,0,8,0,0,0,6,0,0,0,0
"8_1","1","8",6,6,8,45,0,0,16,0,1,0,31,1,0,0,12,0,0,0,0
"8_1","1","8",16,0,3,56,1,0,6,0,0,0,9,1,1,0,26,0,0,0,0
"8_1","1","8",10,2,9,43,0,0,18,0,0,0,64,0,0,0,7,0,0,0,0
"8_1","1","8",5,3,10,12,0,0,29,6,0,0,0,5,0,0,10,0,0,0,0
"8_1","1","8",17,2,0,7,0,0,32,5,0,0,0,2,0,0,3,0,0,0,0
"8_1","1","8",30,2,11,32,4,0,16,0,0,0,0,4,0,0,10,0,0,0,0
"8_1","1","8",2,2,32,18,0,0,11,0,0,0,0,0,0,0,6,0,0,3,0
"8_1","1","8",12,2,0,59,0,0,6,0,0,0,0,0,0,0,3,0,0,0,0
"8_1","1","8",7,1,13,32,5,0,26,4,0,0,6,0,0,0,3,0,0,0,0
"8_1","1","8",36,4,11,15,0,0,21,0,0,1,8,0,0,0,14,0,0,0,1
"8_1","1","8",23,3,0,54,0,0,3,0,0,0,23,0,0,0,0,0,0,0,0
"8_1","1","8",18,0,1,14,0,6,25,8,0,0,21,1,0,0,2,0,0,0,0
"8_1","1","8",19,2,4,3,0,0,25,10,0,2,0,10,0,0,3,5,0,0,0
"8_1","1","8",15,6,3,11,2,2,24,4,0,0,0,4,0,0,26,0,0,0,1
"8_1","1","8",9,8,18,31,0,0,23,3,0,0,14,1,16,0,1,0,0,0,0
"8_1","1","8",25,3,3,15,0,17,45,0,0,0,0,0,0,0,34,0,0,0,0
"8_1","1","8",26,0,8,15,3,0,18,1,0,0,0,0,0,1,5,0,1,0,0
"8_1","1","8",13,13,7,13,0,0,15,2,0,0,4,0,0,0,13,0,0,0,0
"8_1","1","8",12,1,2,32,11,0,12,0,0,0,11,2,0,0,2,0,0,0,0
"8_1","1","8",6,10,0,59,0,0,34,5,0,0,1,4,0,0,21,0,0,0,0
"8_1","1","8",9,6,7,12,0,0,8,0,0,0,28,1,0,0,22,0,0,0,0
"8_1","1","8",15,6,16,49,1,0,31,2,0,0,0,6,0,0,13,0,0,0,0
"8_2","2","8",32,12,15,27,0,4,16,0,0,0,17,0,0,0,9,0,0,0,0
"8_2","2","8",17,2,2,22,0,0,13,0,0,0,8,1,0,0,6,0,0,0,0
"8_2","2","8",21,11,0,24,0,6,7,0,0,0,0,5,0,0,9,0,0,1,0
"8_2","2","8",9,0,28,27,0,0,25,0,0,0,5,0,0,0,15,0,0,0,0
"8_2","2","8",58,7,4,15,1,0,22,6,0,0,0,3,0,0,14,0,0,0,0
"8_2","2","8",5,6,7,32,0,0,3,1,0,0,0,0,0,0,13,0,0,0,0
"8_2","2","8",16,3,13,22,0,17,16,0,0,0,7,3,0,0,21,0,0,0,2
"8_2","2","8",8,8,4,13,3,0,22,0,0,0,4,0,0,0,21,0,0,0,0
"8_2","2","8",25,3,13,49,3,1,22,3,0,0,25,5,0,0,1,0,0,0,0
"8_2","2","8",30,4,7,33,0,1,18,4,0,0,0,1,0,0,13,0,0,0,0
"8_2","2","8",14,15,3,6,2,0,34,5,2,0,4,0,0,0,10,0,0,0,0
"8_2","2","8",36,3,6,48,0,1,20,1,0,0,13,3,0,0,3,0,0,0,0
"8_2","2","8",24,4,16,59,0,0,19,7,0,0,0,1,0,0,10,0,0,0,0
"8_2","2","8",6,6,10,11,0,0,21,0,0,0,10,0,0,0,6,0,0,0,0
"8_2","2","8",4,10,0,18,0,0,32,7,0,0,5,4,0,0,16,0,0,0,0
"8_2","2","8",5,10,3,62,2,0,26,5,0,0,22,0,0,0,5,0,0,0,0
"8_2","2","8",6,6,23,12,1,0,17,1,0,0,8,3,0,0,13,7,0,0,0
"8_2","2","8",30,0,22,27,0,3,45,0,0,0,0,1,0,0,20,0,0,0,1
"8_2","2","8",19,9,4,17,0,0,12,0,0,0,0,0,0,0,3,0,0,0,0
"8_2","2","8",18,4,4,32,0,0,6,4,0,0,1,2,0,0,10,0,0,0,1
"8_2","2","8",35,0,8,11,6,0,6,0,0,0,20,3,0,0,1,0,0,0,2
"8_2","2","8",24,2,8,16,2,0,11,0,0,2,14,0,0,0,12,0,0,0,0
"8_2","2","8",14,2,3,12,0,0,11,9,0,0,31,4,0,0,34,0,0,0,1
"8_2","2","8",7,10,8,32,0,0,5,0,0,0,0,0,0,0,13,0,0,0,0
"8_2","2","8",9,6,11,39,0,0,21,2,0,0,7,0,0,0,7,0,0,0,0
"8_3","3","8",18,10,9,22,3,0,14,3,0,0,26,0,0,0,15,0,0,0,0
"8_3","3","8",8,5,32,29,0,0,23,0,0,0,22,3,0,0,13,5,0,0,0
"8_3","3","8",15,2,5,32,0,0,20,0,0,0,5,3,1,0,17,0,0,0,0
"8_3","3","8",5,15,5,13,0,0,18,4,0,0,31,4,0,0,1,0,0,0,0
"8_3","3","8",13,6,0,24,1,0,45,0,0,0,0,3,0,0,3,0,0,0,1
"8_3","3","8",9,0,11,11,2,0,7,16,0,0,0,3,0,0,6,0,0,0,0
"8_3","3","8",15,3,18,20,0,0,24,10,0,0,0,2,0,0,14,0,0,0,0
"8_3","3","8",25,2,11,14,3,0,11,1,0,0,1,0,0,0,13,0,0,0,0
"8_3","3","8",17,13,2,7,0,0,21,0,0,0,10,0,0,0,12,0,0,0,0
"8_3","3","8",19,6,1,11,0,0,10,0,0,0,34,3,0,0,2,0,0,0,0
"8_3","3","8",26,2,1,12,0,0,0,7,0,0,11,0,0,0,1,0,0,0,0
"8_3","3","8",21,2,0,32,0,0,32,0,0,0,8,1,0,0,10,0,0,0,0
"8_3","3","8",24,6,8,7,0,1,11,0,0,1,12,1,0,0,15,0,0,0,0
"8_3","3","8",30,13,4,23,0,0,12,1,0,0,0,3,7,0,7,0,0,0,0
"8_3","3","8",26,4,5,59,6,0,21,2,0,0,2,2,0,0,12,0,0,0,0
"8_3","3","8",5,2,8,15,1,0,16,0,0,0,7,2,0,0,10,0,0,0,1
"8_3","3","8",6,0,4,1,0,0,22,2,0,3,8,7,0,0,9,0,0,0,0
"8_3","3","8",36,3,4,22,0,0,30,0,0,0,0,0,0,0,3,0,0,0,0
"8_3","3","8",13,6,3,17,0,0,22,0,0,0,0,0,0,0,34,0,0,0,0
"8_3","3","8",12,4,7,21,0,1,9,0,0,0,17,1,0,0,11,0,0,0,0
"8_3","3","8",9,14,10,12,9,6,26,0,0,0,0,1,0,0,17,0,0,0,0
"8_3","3","8",32,8,13,48,0,0,5,0,0,0,0,1,0,0,5,4,0,0,0
"8_3","3","8",19,1,20,43,2,2,22,7,0,0,11,1,0,0,0,0,0,0,0
"8_3","3","8",19,6,3,13,7,5,7,0,0,0,9,0,0,0,4,0,0,0,0
"8_3","3","8",18,6,5,46,0,0,21,0,0,0,0,0,0,0,15,0,0,0,0
"8_4","4","8",8,12,13,14,0,0,25,9,0,0,9,0,0,0,1,0,0,0,0
"8_4","4","8",14,4,6,12,0,0,6,2,0,0,12,0,0,0,15,0,0,0,0
"8_4","4","8",9,2,3,27,0,0,21,0,0,0,8,12,0,0,3,0,0,0,0
"8_4","4","8",15,9,11,21,2,0,31,0,0,0,4,0,0,0,26,0,0,0,0
"8_4","4","8",13,5,12,32,0,0,13,0,0,0,3,0,0,0,13,0,0,0,0
"8_4","4","8",11,13,4,59,0,0,32,0,0,0,0,0,0,0,11,0,0,0,0
"8_4","4","8",8,2,10,57,0,0,5,0,0,0,0,3,0,0,5,0,0,0,0
"8_4","4","8",13,2,0,21,0,0,19,0,0,0,21,0,0,0,20,0,0,0,0
"8_4","4","8",26,2,0,13,0,0,25,2,0,0,5,4,0,0,12,0,0,0,0
"8_4","4","8",18,10,3,32,0,0,45,0,0,0,5,3,0,0,3,0,0,0,0
"8_4","4","8",14,1,1,40,0,0,5,5,0,0,20,0,0,0,9,0,0,0,0
"8_4","4","8",9,4,7,11,0,2,14,10,0,0,10,0,0,0,13,0,0,0,0
"8_4","4","8",9,8,10,23,0,0,20,3,0,0,55,1,0,0,9,0,0,1,0
"8_4","4","8",15,1,5,32,0,0,11,10,0,0,1,0,0,0,3,0,0,0,0
"8_4","4","8",3,8,2,52,0,0,20,0,0,0,8,1,0,0,36,0,0,0,0
"8_4","4","8",21,3,1,29,0,0,21,3,0,0,0,4,0,0,14,0,0,0,0
"8_4","4","8",5,10,7,44,0,0,6,0,0,0,2,0,0,0,3,0,0,0,0
"8_4","4","8",58,1,0,15,0,17,13,8,0,0,0,0,0,0,16,0,0,0,0
"8_4","4","8",13,4,14,22,0,0,12,5,0,0,34,2,0,0,4,0,0,0,0
"8_4","4","8",5,3,1,32,0,0,20,0,0,0,22,0,0,0,15,0,0,0,0
"8_4","4","8",9,11,0,43,0,0,22,11,0,1,17,1,0,0,15,0,0,0,0
"8_4","4","8",19,2,7,14,7,0,52,0,1,0,0,1,0,0,15,0,0,0,0
"8_4","4","8",24,3,4,11,0,0,11,0,0,0,0,1,0,0,7,0,0,0,0
"8_4","4","8",13,1,6,7,2,0,26,0,0,0,0,0,0,0,26,0,0,0,0
"8_4","4","8",19,15,8,29,0,0,6,4,0,0,10,1,0,0,34,0,0,0,0
